"fecha_hecho","cod_depto","departamento","cod_muni","municipio","cantidad","unidad"
"2026-03-31T00:00:00.000","54","NORTE DE SANTANDER","54001","CUCUTA","0.012","KILOGRAMO"
"2026-03-31T00:00:00.000","19","CAUCA","19698","SANTANDER DE QUILICHAO","0.005","KILOGRAMO"
"2026-03-30T00:00:00.000","11","BOGOTA D.C.","11001","BOGOTA D.C.","0.001","KILOGRAMO"
"2026-03-29T00:00:00.000","52","NARIÑO","52207","CONSACA","0.001","KILOGRAMO"
"2026-03-29T00:00:00.000","05","ANTIOQUIA","05001","MEDELLIN","0.001","KILOGRAMO"
"2026-03-27T00:00:00.000","63","QUINDIO","63001","ARMENIA","0.01","KILOGRAMO"
"2026-03-27T00:00:00.000","54","NORTE DE SANTANDER","54001","CUCUTA","0.015","KILOGRAMO"
"2026-03-25T00:00:00.000","54","NORTE DE SANTANDER","54001","CUCUTA","0.008","KILOGRAMO"
"2026-03-25T00:00:00.000","19","CAUCA","19698","SANTANDER DE QUILICHAO","0.004","KILOGRAMO"
"2026-03-24T00:00:00.000","52","NARIÑO","52418","LOS ANDES","0.006","KILOGRAMO"
"2026-03-23T00:00:00.000","52","NARIÑO","52378","LA CRUZ","0.007","KILOGRAMO"
"2026-03-20T00:00:00.000","54","NORTE DE SANTANDER","54405","LOS PATIOS","0.011","KILOGRAMO"
"2026-03-20T00:00:00.000","52","NARIÑO","52352","ILES","0.003","KILOGRAMO"
"2026-03-15T00:00:00.000","52","NARIÑO","52110","BUESACO","14.6","KILOGRAMO"
"2026-03-15T00:00:00.000","76","VALLE DEL CAUCA","76364","JAMUNDI","0.001","KILOGRAMO"
"2026-03-15T00:00:00.000","05","ANTIOQUIA","05079","BARBOSA","0.01","KILOGRAMO"
"2026-03-13T00:00:00.000","52","NARIÑO","52110","BUESACO","0.02201","KILOGRAMO"
"2026-03-13T00:00:00.000","66","RISARALDA","66170","DOSQUEBRADAS","0.013","KILOGRAMO"
"2026-03-13T00:00:00.000","54","NORTE DE SANTANDER","54001","CUCUTA","0.0067","KILOGRAMO"
"2026-03-11T00:00:00.000","52","NARIÑO","52250","EL CHARCO","0.004","KILOGRAMO"
"2026-03-11T00:00:00.000","54","NORTE DE SANTANDER","54001","CUCUTA","0.001","KILOGRAMO"
"2026-03-09T00:00:00.000","54","NORTE DE SANTANDER","54001","CUCUTA","0.0508","KILOGRAMO"
"2026-03-07T00:00:00.000","52","NARIÑO","52110","BUESACO","0.003","KILOGRAMO"
"2026-03-06T00:00:00.000","52","NARIÑO","52110","BUESACO","33","KILOGRAMO"
"2026-03-06T00:00:00.000","05","ANTIOQUIA","05129","CALDAS","0.0055","KILOGRAMO"
"2026-03-05T00:00:00.000","05","ANTIOQUIA","05001","MEDELLIN","0.012","KILOGRAMO"
"2026-03-04T00:00:00.000","05","ANTIOQUIA","05001","MEDELLIN","0.0044","KILOGRAMO"
"2026-03-02T00:00:00.000","52","NARIÑO","52683","SANDONA","0.001","KILOGRAMO"
"2026-02-28T00:00:00.000","76","VALLE DEL CAUCA","76001","CALI","0.0422","KILOGRAMO"
"2026-02-28T00:00:00.000","54","NORTE DE SANTANDER","54001","CUCUTA","0.0041","KILOGRAMO"
"2026-02-27T00:00:00.000","52","NARIÑO","52540","POLICARPA","0.003","KILOGRAMO"
"2026-02-27T00:00:00.000","05","ANTIOQUIA","05001","MEDELLIN","0.025","KILOGRAMO"
"2026-02-27T00:00:00.000","52","NARIÑO","52720","SAPUYES","0.001","KILOGRAMO"
"2026-02-26T00:00:00.000","54","NORTE DE SANTANDER","54001","CUCUTA","0.02","KILOGRAMO"
"2026-02-25T00:00:00.000","05","ANTIOQUIA","05147","CAREPA","0.0029","KILOGRAMO"
"2026-02-25T00:00:00.000","54","NORTE DE SANTANDER","54001","CUCUTA","0.0132","KILOGRAMO"
"2026-02-25T00:00:00.000","52","NARIÑO","52683","SANDONA","0.001","KILOGRAMO"
"2026-02-25T00:00:00.000","54","NORTE DE SANTANDER","54518","PAMPLONA","0.01","KILOGRAMO"
"2026-02-24T00:00:00.000","05","ANTIOQUIA","05001","MEDELLIN","0.01","KILOGRAMO"
"2026-02-21T00:00:00.000","11","BOGOTA D.C.","11001","BOGOTA D.C.","0.007","KILOGRAMO"
"2026-02-20T00:00:00.000","05","ANTIOQUIA","05212","COPACABANA","0.003","KILOGRAMO"
"2026-02-20T00:00:00.000","66","RISARALDA","66001","PEREIRA","0.012","KILOGRAMO"
"2026-02-19T00:00:00.000","54","NORTE DE SANTANDER","54001","CUCUTA","0.0054","KILOGRAMO"
"2026-02-19T00:00:00.000","52","NARIÑO","52207","CONSACA","0.002","KILOGRAMO"
"2026-02-19T00:00:00.000","52","NARIÑO","52399","LA UNION","0.009","KILOGRAMO"
"2026-02-18T00:00:00.000","52","NARIÑO","52378","LA CRUZ","0.012","KILOGRAMO"
"2026-02-17T00:00:00.000","05","ANTIOQUIA","05001","MEDELLIN","0.008","KILOGRAMO"
"2026-02-17T00:00:00.000","63","QUINDIO","63001","ARMENIA","0.0024","KILOGRAMO"
"2026-02-16T00:00:00.000","11","BOGOTA D.C.","11001","BOGOTA D.C.","0.09","KILOGRAMO"
"2026-02-16T00:00:00.000","05","ANTIOQUIA","05308","GIRARDOTA","0.007","KILOGRAMO"
"2026-02-16T00:00:00.000","52","NARIÑO","52110","BUESACO","0.211","KILOGRAMO"
"2026-02-15T00:00:00.000","52","NARIÑO","52786","TAMINANGO","0.003","KILOGRAMO"
"2026-02-13T00:00:00.000","54","NORTE DE SANTANDER","54172","CHINACOTA","0.001","KILOGRAMO"
"2026-02-13T00:00:00.000","54","NORTE DE SANTANDER","54001","CUCUTA","0.0069","KILOGRAMO"
"2026-02-12T00:00:00.000","86","PUTUMAYO","86865","VALLE DEL GUAMUEZ","0.01","KILOGRAMO"
"2026-02-11T00:00:00.000","05","ANTIOQUIA","05001","MEDELLIN","0.009","KILOGRAMO"
"2026-02-11T00:00:00.000","11","BOGOTA D.C.","11001","BOGOTA D.C.","0.023","KILOGRAMO"
"2026-02-11T00:00:00.000","54","NORTE DE SANTANDER","54001","CUCUTA","0.002","KILOGRAMO"
"2026-02-10T00:00:00.000","66","RISARALDA","66170","DOSQUEBRADAS","0.83","KILOGRAMO"
"2026-02-10T00:00:00.000","05","ANTIOQUIA","05001","MEDELLIN","0.00050","KILOGRAMO"
"2026-02-10T00:00:00.000","52","NARIÑO","52254","EL PEÑOL","0.005","KILOGRAMO"
"2026-02-08T00:00:00.000","52","NARIÑO","52215","CORDOBA","0.001","KILOGRAMO"
"2026-02-08T00:00:00.000","11","BOGOTA D.C.","11001","BOGOTA D.C.","0.012","KILOGRAMO"
"2026-02-07T00:00:00.000","11","BOGOTA D.C.","11001","BOGOTA D.C.","0.029","KILOGRAMO"
"2026-02-07T00:00:00.000","52","NARIÑO","52835","SAN ANDRES DE TUMACO","0.006","KILOGRAMO"
"2026-02-06T00:00:00.000","05","ANTIOQUIA","05001","MEDELLIN","0.056","KILOGRAMO"
"2026-02-06T00:00:00.000","52","NARIÑO","52001","PASTO","0.002","KILOGRAMO"
"2026-02-06T00:00:00.000","52","NARIÑO","52693","SAN PABLO","26","KILOGRAMO"
"2026-02-06T00:00:00.000","11","BOGOTA D.C.","11001","BOGOTA D.C.","0.005","KILOGRAMO"
"2026-02-06T00:00:00.000","52","NARIÑO","52356","IPIALES","0.008","KILOGRAMO"
"2026-02-05T00:00:00.000","52","NARIÑO","52210","CONTADERO","0.001","KILOGRAMO"
"2026-02-05T00:00:00.000","11","BOGOTA D.C.","11001","BOGOTA D.C.","0.01","KILOGRAMO"
"2026-02-05T00:00:00.000","54","NORTE DE SANTANDER","54001","CUCUTA","0.00552","KILOGRAMO"
"2026-02-04T00:00:00.000","52","NARIÑO","52838","TUQUERRES","0.08","KILOGRAMO"
"2026-02-04T00:00:00.000","11","BOGOTA D.C.","11001","BOGOTA D.C.","0.008","KILOGRAMO"
"2026-02-04T00:00:00.000","54","NORTE DE SANTANDER","54001","CUCUTA","0.008","KILOGRAMO"
"2026-02-04T00:00:00.000","52","NARIÑO","52435","MALLAMA","0.021","KILOGRAMO"
"2026-02-03T00:00:00.000","52","NARIÑO","52256","EL ROSARIO","0.003","KILOGRAMO"
"2026-02-03T00:00:00.000","54","NORTE DE SANTANDER","54001","CUCUTA","0.001","KILOGRAMO"
"2026-02-03T00:00:00.000","52","NARIÑO","52317","GUACHUCAL","0.006","KILOGRAMO"
"2026-02-03T00:00:00.000","52","NARIÑO","52233","CUMBITARA","0.001","KILOGRAMO"
"2026-02-02T00:00:00.000","54","NORTE DE SANTANDER","54001","CUCUTA","0.008","KILOGRAMO"
"2026-02-02T00:00:00.000","25","CUNDINAMARCA","25035","ANAPOIMA","0.00030","KILOGRAMO"
"2026-02-02T00:00:00.000","11","BOGOTA D.C.","11001","BOGOTA D.C.","0.011","KILOGRAMO"
"2026-02-02T00:00:00.000","63","QUINDIO","63001","ARMENIA","0.0059","KILOGRAMO"
"2026-01-31T00:00:00.000","05","ANTIOQUIA","05001","MEDELLIN","0.016","KILOGRAMO"
"2026-01-31T00:00:00.000","11","BOGOTA D.C.","11001","BOGOTA D.C.","0.005","KILOGRAMO"
"2026-01-30T00:00:00.000","52","NARIÑO","52678","SAMANIEGO","0.008","KILOGRAMO"
"2026-01-30T00:00:00.000","66","RISARALDA","66001","PEREIRA","0.02","KILOGRAMO"
"2026-01-30T00:00:00.000","52","NARIÑO","52835","SAN ANDRES DE TUMACO","0.002","KILOGRAMO"
"2026-01-29T00:00:00.000","05","ANTIOQUIA","05266","ENVIGADO","0.02","KILOGRAMO"
"2026-01-29T00:00:00.000","63","QUINDIO","63001","ARMENIA","0.0033","KILOGRAMO"
"2026-01-29T00:00:00.000","86","PUTUMAYO","86219","COLON","0.01","KILOGRAMO"
"2026-01-29T00:00:00.000","54","NORTE DE SANTANDER","54001","CUCUTA","0.027","KILOGRAMO"
"2026-01-28T00:00:00.000","54","NORTE DE SANTANDER","54001","CUCUTA","0.01","KILOGRAMO"
"2026-01-28T00:00:00.000","11","BOGOTA D.C.","11001","BOGOTA D.C.","0.003","KILOGRAMO"
"2026-01-28T00:00:00.000","05","ANTIOQUIA","05001","MEDELLIN","0.04","KILOGRAMO"
"2026-01-27T00:00:00.000","63","QUINDIO","63001","ARMENIA","0.003","KILOGRAMO"
"2026-01-26T00:00:00.000","52","NARIÑO","52356","IPIALES","2.49","KILOGRAMO"
"2026-01-26T00:00:00.000","52","NARIÑO","52019","ALBAN","0.004","KILOGRAMO"
"2026-01-25T00:00:00.000","05","ANTIOQUIA","05001","MEDELLIN","0.0013","KILOGRAMO"
"2026-01-25T00:00:00.000","11","BOGOTA D.C.","11001","BOGOTA D.C.","0.01","KILOGRAMO"
"2026-01-25T00:00:00.000","54","NORTE DE SANTANDER","54874","VILLA DEL ROSARIO","0.015","KILOGRAMO"
"2026-01-25T00:00:00.000","54","NORTE DE SANTANDER","54001","CUCUTA","0.0022","KILOGRAMO"
"2026-01-24T00:00:00.000","66","RISARALDA","66001","PEREIRA","0.002","KILOGRAMO"
"2026-01-24T00:00:00.000","50","META","50006","ACACIAS","0.053","KILOGRAMO"
"2026-01-22T00:00:00.000","11","BOGOTA D.C.","11001","BOGOTA D.C.","0.002","KILOGRAMO"
"2026-01-21T00:00:00.000","05","ANTIOQUIA","05001","MEDELLIN","0.015","KILOGRAMO"
"2026-01-20T00:00:00.000","05","ANTIOQUIA","05001","MEDELLIN","0.135","KILOGRAMO"
"2026-01-20T00:00:00.000","54","NORTE DE SANTANDER","54001","CUCUTA","0.008","KILOGRAMO"
"2026-01-20T00:00:00.000","11","BOGOTA D.C.","11001","BOGOTA D.C.","0.0022","KILOGRAMO"
"2026-01-19T00:00:00.000","05","ANTIOQUIA","05001","MEDELLIN","0.002","KILOGRAMO"
"2026-01-19T00:00:00.000","54","NORTE DE SANTANDER","54001","CUCUTA","0.00070","KILOGRAMO"
"2026-01-10T00:00:00.000","52","NARIÑO","52687","SAN LORENZO","0.006","KILOGRAMO"
"2026-01-10T00:00:00.000","54","NORTE DE SANTANDER","54001","CUCUTA","0.004","KILOGRAMO"
"2026-01-06T00:00:00.000","54","NORTE DE SANTANDER","54001","CUCUTA","0.004","KILOGRAMO"
"2026-01-05T00:00:00.000","11","BOGOTA D.C.","11001","BOGOTA D.C.","0.1","KILOGRAMO"
"2025-12-26T00:00:00.000","54","NORTE DE SANTANDER","54001","CUCUTA","0.15","KILOGRAMO"
"2025-12-22T00:00:00.000","54","NORTE DE SANTANDER","54001","CUCUTA","0.0051","KILOGRAMO"
"2025-12-11T00:00:00.000","52","NARIÑO","52001","PASTO","7.8","KILOGRAMO"
"2025-12-11T00:00:00.000","54","NORTE DE SANTANDER","54001","CUCUTA","0.0126","KILOGRAMO"
"2025-12-10T00:00:00.000","52","NARIÑO","52110","BUESACO","7.8","KILOGRAMO"
"2025-12-10T00:00:00.000","52","NARIÑO","52585","PUPIALES","0.005","KILOGRAMO"
"2025-12-07T00:00:00.000","54","NORTE DE SANTANDER","54001","CUCUTA","0.001","KILOGRAMO"
"2025-12-05T00:00:00.000","52","NARIÑO","52203","COLON","0.001","KILOGRAMO"
"2025-12-02T00:00:00.000","54","NORTE DE SANTANDER","54001","CUCUTA","0.0212","KILOGRAMO"
"2025-12-01T00:00:00.000","54","NORTE DE SANTANDER","54001","CUCUTA","0.0116","KILOGRAMO"
"2025-11-29T00:00:00.000","66","RISARALDA","66170","DOSQUEBRADAS","0.07","KILOGRAMO"
"2025-11-29T00:00:00.000","52","NARIÑO","52083","BELEN","0.002","KILOGRAMO"
"2025-11-26T00:00:00.000","54","NORTE DE SANTANDER","54001","CUCUTA","0.00026","KILOGRAMO"
"2025-11-24T00:00:00.000","63","QUINDIO","63130","CALARCA","0.0274","KILOGRAMO"
"2025-11-21T00:00:00.000","54","NORTE DE SANTANDER","54001","CUCUTA","0.0028","KILOGRAMO"
"2025-11-21T00:00:00.000","08","ATLANTICO","08001","BARRANQUILLA","0.18","KILOGRAMO"
"2025-11-19T00:00:00.000","66","RISARALDA","66001","PEREIRA","0.009","KILOGRAMO"
"2025-11-13T00:00:00.000","11","BOGOTA D.C.","11001","BOGOTA D.C.","0.002","KILOGRAMO"
"2025-11-12T00:00:00.000","05","ANTIOQUIA","05266","ENVIGADO","0.0014","KILOGRAMO"
"2025-11-11T00:00:00.000","11","BOGOTA D.C.","11001","BOGOTA D.C.","0.013","KILOGRAMO"
"2025-11-07T00:00:00.000","66","RISARALDA","66170","DOSQUEBRADAS","0.012","KILOGRAMO"
"2025-11-06T00:00:00.000","54","NORTE DE SANTANDER","54001","CUCUTA","0.023","KILOGRAMO"
"2025-11-06T00:00:00.000","66","RISARALDA","66170","DOSQUEBRADAS","0.02","KILOGRAMO"
"2025-11-05T00:00:00.000","25","CUNDINAMARCA","25754","SOACHA","0.03","KILOGRAMO"
"2025-11-05T00:00:00.000","52","NARIÑO","52110","BUESACO","0.21","KILOGRAMO"
"2025-11-04T00:00:00.000","19","CAUCA","19698","SANTANDER DE QUILICHAO","0.005","KILOGRAMO"
"2025-11-04T00:00:00.000","54","NORTE DE SANTANDER","54001","CUCUTA","0.02","KILOGRAMO"
"2025-11-01T00:00:00.000","50","META","50590","PUERTO RICO","0.186","KILOGRAMO"
"2025-10-31T00:00:00.000","19","CAUCA","19450","MERCADERES","3.847","KILOGRAMO"
"2025-10-31T00:00:00.000","11","BOGOTA D.C.","11001","BOGOTA D.C.","1.5","KILOGRAMO"
"2025-10-29T00:00:00.000","05","ANTIOQUIA","05001","MEDELLIN","0.01","KILOGRAMO"
"2025-10-29T00:00:00.000","52","NARIÑO","52001","PASTO","0.02","KILOGRAMO"
"2025-10-28T00:00:00.000","54","NORTE DE SANTANDER","54001","CUCUTA","0.007","KILOGRAMO"
"2025-10-28T00:00:00.000","11","BOGOTA D.C.","11001","BOGOTA D.C.","0.045","KILOGRAMO"
"2025-10-27T00:00:00.000","54","NORTE DE SANTANDER","54001","CUCUTA","0.0043","KILOGRAMO"
"2025-10-26T00:00:00.000","54","NORTE DE SANTANDER","54518","PAMPLONA","0.0828","KILOGRAMO"
"2025-10-25T00:00:00.000","54","NORTE DE SANTANDER","54001","CUCUTA","0.0201","KILOGRAMO"
"2025-10-24T00:00:00.000","52","NARIÑO","52687","SAN LORENZO","0.005","KILOGRAMO"
"2025-10-23T00:00:00.000","05","ANTIOQUIA","05001","MEDELLIN","0.136","KILOGRAMO"
"2025-10-20T00:00:00.000","63","QUINDIO","63001","ARMENIA","0.0014","KILOGRAMO"
"2025-10-19T00:00:00.000","63","QUINDIO","63548","PIJAO","0.0015","KILOGRAMO"
"2025-10-15T00:00:00.000","11","BOGOTA D.C.","11001","BOGOTA D.C.","0.28","KILOGRAMO"
"2025-10-15T00:00:00.000","21801","ECUADOR","2180101","ECUADOR","1.881","KILOGRAMO"
"2025-10-14T00:00:00.000","66","RISARALDA","66001","PEREIRA","0.01","KILOGRAMO"
"2025-10-14T00:00:00.000","66","RISARALDA","66170","DOSQUEBRADAS","0.0379","KILOGRAMO"
"2025-10-12T00:00:00.000","05","ANTIOQUIA","05360","ITAGUI","0.0235","KILOGRAMO"
"2025-10-12T00:00:00.000","54","NORTE DE SANTANDER","54001","CUCUTA","0.03","KILOGRAMO"
"2025-10-10T00:00:00.000","50","META","50001","VILLAVICENCIO","0.003","KILOGRAMO"
"2025-10-10T00:00:00.000","63","QUINDIO","63001","ARMENIA","0.00081","KILOGRAMO"
"2025-10-10T00:00:00.000","52","NARIÑO","52378","LA CRUZ","0.008","KILOGRAMO"
"2025-10-09T00:00:00.000","54","NORTE DE SANTANDER","54001","CUCUTA","0.003","KILOGRAMO"
"2025-10-08T00:00:00.000","54","NORTE DE SANTANDER","54001","CUCUTA","0.0187","KILOGRAMO"
"2025-10-08T00:00:00.000","17","CALDAS","17088","BELALCAZAR","1.995","KILOGRAMO"
"2025-10-08T00:00:00.000","05","ANTIOQUIA","05129","CALDAS","0.008","KILOGRAMO"
"2025-10-07T00:00:00.000","54","NORTE DE SANTANDER","54001","CUCUTA","0.008","KILOGRAMO"
"2025-10-07T00:00:00.000","11","BOGOTA D.C.","11001","BOGOTA D.C.","0.001","KILOGRAMO"
"2025-10-06T00:00:00.000","52","NARIÑO","52786","TAMINANGO","0.015","KILOGRAMO"
"2025-10-05T00:00:00.000","19","CAUCA","19698","SANTANDER DE QUILICHAO","0.504","KILOGRAMO"
"2025-10-02T00:00:00.000","66","RISARALDA","66170","DOSQUEBRADAS","0.136","KILOGRAMO"
"2025-09-30T00:00:00.000","05","ANTIOQUIA","05001","MEDELLIN","0.00060","KILOGRAMO"
"2025-09-29T00:00:00.000","05","ANTIOQUIA","05001","MEDELLIN","0.0066","KILOGRAMO"
"2025-09-29T00:00:00.000","54","NORTE DE SANTANDER","54001","CUCUTA","0.01","KILOGRAMO"
"2025-09-26T00:00:00.000","54","NORTE DE SANTANDER","54001","CUCUTA","0.003","KILOGRAMO"
"2025-09-25T00:00:00.000","54","NORTE DE SANTANDER","54001","CUCUTA","0.035","KILOGRAMO"
"2025-09-25T00:00:00.000","54","NORTE DE SANTANDER","54405","LOS PATIOS","0.02","KILOGRAMO"
"2025-09-21T00:00:00.000","66","RISARALDA","66400","LA VIRGINIA","0.0049","KILOGRAMO"
"2025-09-18T00:00:00.000","52","NARIÑO","52506","OSPINA","0.009","KILOGRAMO"
"2025-09-16T00:00:00.000","05","ANTIOQUIA","05212","COPACABANA","0.003","KILOGRAMO"
"2025-09-16T00:00:00.000","66","RISARALDA","66001","PEREIRA","0.006","KILOGRAMO"
"2025-09-16T00:00:00.000","54","NORTE DE SANTANDER","54001","CUCUTA","0.0549","KILOGRAMO"
"2025-09-13T00:00:00.000","54","NORTE DE SANTANDER","54001","CUCUTA","0.038","KILOGRAMO"
"2025-09-13T00:00:00.000","54","NORTE DE SANTANDER","54125","CACOTA","0.01","KILOGRAMO"
"2025-09-13T00:00:00.000","52","NARIÑO","52001","PASTO","18.39","KILOGRAMO"
"2025-09-12T00:00:00.000","05","ANTIOQUIA","05001","MEDELLIN","0.005","KILOGRAMO"
"2025-09-11T00:00:00.000","54","NORTE DE SANTANDER","54001","CUCUTA","0.013","KILOGRAMO"
"2025-09-07T00:00:00.000","52","NARIÑO","52001","PASTO","0.025","KILOGRAMO"
"2025-09-06T00:00:00.000","66","RISARALDA","66682","SANTA ROSA DE CABAL","0.0114","KILOGRAMO"
"2025-09-06T00:00:00.000","76","VALLE DEL CAUCA","76001","CALI","0.0045","KILOGRAMO"
"2025-09-05T00:00:00.000","54","NORTE DE SANTANDER","54001","CUCUTA","0.011","KILOGRAMO"
"2025-09-05T00:00:00.000","05","ANTIOQUIA","05001","MEDELLIN","0.006","KILOGRAMO"
"2025-09-04T00:00:00.000","66","RISARALDA","66001","PEREIRA","0.001","KILOGRAMO"
"2025-09-03T00:00:00.000","54","NORTE DE SANTANDER","54001","CUCUTA","0.01","KILOGRAMO"
"2025-08-31T00:00:00.000","50","META","50001","VILLAVICENCIO","0.001","KILOGRAMO"
"2025-08-28T00:00:00.000","54","NORTE DE SANTANDER","54518","PAMPLONA","0.0048","KILOGRAMO"
"2025-08-23T00:00:00.000","66","RISARALDA","66170","DOSQUEBRADAS","0.08","KILOGRAMO"
"2025-08-22T00:00:00.000","52","NARIÑO","52399","LA UNION","0.002","KILOGRAMO"
"2025-08-21T00:00:00.000","21801","ECUADOR","2180101","ECUADOR","56.5","KILOGRAMO"
"2025-08-20T00:00:00.000","52","NARIÑO","52001","PASTO","0.3","KILOGRAMO"
"2025-08-19T00:00:00.000","52","NARIÑO","52287","FUNES","0.002","KILOGRAMO"
"2025-08-15T00:00:00.000","54","NORTE DE SANTANDER","54001","CUCUTA","0.0115","KILOGRAMO"
"2025-08-13T00:00:00.000","52","NARIÑO","52110","BUESACO","0.002","KILOGRAMO"
"2025-08-13T00:00:00.000","54","NORTE DE SANTANDER","54172","CHINACOTA","0.003","KILOGRAMO"
"2025-08-12T00:00:00.000","54","NORTE DE SANTANDER","54001","CUCUTA","0.001","KILOGRAMO"
"2025-08-11T00:00:00.000","54","NORTE DE SANTANDER","54001","CUCUTA","0.0018","KILOGRAMO"
"2025-08-10T00:00:00.000","66","RISARALDA","66001","PEREIRA","0.03","KILOGRAMO"
"2025-08-09T00:00:00.000","63","QUINDIO","63001","ARMENIA","0.0168","KILOGRAMO"
"2025-08-08T00:00:00.000","52","NARIÑO","52110","BUESACO","34.8","KILOGRAMO"
"2025-08-07T00:00:00.000","52","NARIÑO","52110","BUESACO","39","KILOGRAMO"
"2025-08-06T00:00:00.000","44","LA GUAJIRA","44001","RIOHACHA","0.021","KILOGRAMO"
"2025-08-06T00:00:00.000","54","NORTE DE SANTANDER","54001","CUCUTA","0.0115","KILOGRAMO"
"2025-08-04T00:00:00.000","54","NORTE DE SANTANDER","54001","CUCUTA","0.006","KILOGRAMO"
"2025-08-04T00:00:00.000","19","CAUCA","19698","SANTANDER DE QUILICHAO","0.153","KILOGRAMO"
"2025-08-04T00:00:00.000","05","ANTIOQUIA","05380","LA ESTRELLA","0.0225","KILOGRAMO"
"2025-08-03T00:00:00.000","54","NORTE DE SANTANDER","54001","CUCUTA","0.005","KILOGRAMO"
"2025-08-01T00:00:00.000","17","CALDAS","17001","MANIZALES","0.0186","KILOGRAMO"
"2025-08-01T00:00:00.000","54","NORTE DE SANTANDER","54001","CUCUTA","0.004","KILOGRAMO"
"2025-07-30T00:00:00.000","66","RISARALDA","66170","DOSQUEBRADAS","0.038","KILOGRAMO"
"2025-07-30T00:00:00.000","11","BOGOTA D.C.","11001","BOGOTA D.C.","0.03","KILOGRAMO"
"2025-07-30T00:00:00.000","05","ANTIOQUIA","05001","MEDELLIN","0.007","KILOGRAMO"
"2025-07-29T00:00:00.000","11","BOGOTA D.C.","11001","BOGOTA D.C.","0.007","KILOGRAMO"
"2025-07-26T00:00:00.000","11","BOGOTA D.C.","11001","BOGOTA D.C.","0.022","KILOGRAMO"
"2025-07-26T00:00:00.000","05","ANTIOQUIA","05001","MEDELLIN","0.071","KILOGRAMO"
"2025-07-25T00:00:00.000","05","ANTIOQUIA","05001","MEDELLIN","0.01","KILOGRAMO"
"2025-07-25T00:00:00.000","54","NORTE DE SANTANDER","54001","CUCUTA","0.0037","KILOGRAMO"
"2025-07-25T00:00:00.000","63","QUINDIO","63470","MONTENEGRO","0.0058","KILOGRAMO"
"2025-07-24T00:00:00.000","54","NORTE DE SANTANDER","54001","CUCUTA","0.002","KILOGRAMO"
"2025-07-22T00:00:00.000","05","ANTIOQUIA","05001","MEDELLIN","0.0035","KILOGRAMO"
"2025-07-22T00:00:00.000","52","NARIÑO","52838","TUQUERRES","1.372","KILOGRAMO"
"2025-07-21T00:00:00.000","63","QUINDIO","63001","ARMENIA","0.512","KILOGRAMO"
"2025-07-19T00:00:00.000","66","RISARALDA","66170","DOSQUEBRADAS","0.096","KILOGRAMO"
"2025-07-19T00:00:00.000","05","ANTIOQUIA","05001","MEDELLIN","0.002","KILOGRAMO"
"2025-07-18T00:00:00.000","52","NARIÑO","52838","TUQUERRES","0.009","KILOGRAMO"
"2025-07-15T00:00:00.000","54","NORTE DE SANTANDER","54001","CUCUTA","0.0013","KILOGRAMO"
"2025-07-14T00:00:00.000","11","BOGOTA D.C.","11001","BOGOTA D.C.","0.005","KILOGRAMO"
"2025-07-11T00:00:00.000","05","ANTIOQUIA","05001","MEDELLIN","0.046","KILOGRAMO"
"2025-07-11T00:00:00.000","63","QUINDIO","63001","ARMENIA","0.006","KILOGRAMO"
"2025-07-10T00:00:00.000","54","NORTE DE SANTANDER","54001","CUCUTA","0.011","KILOGRAMO"
"2025-07-10T00:00:00.000","11","BOGOTA D.C.","11001","BOGOTA D.C.","0.0112","KILOGRAMO"
"2025-07-10T00:00:00.000","05","ANTIOQUIA","05001","MEDELLIN","0.012","KILOGRAMO"
"2025-07-09T00:00:00.000","05","ANTIOQUIA","05266","ENVIGADO","0.00020","KILOGRAMO"
"2025-07-07T00:00:00.000","54","NORTE DE SANTANDER","54001","CUCUTA","0.0016","KILOGRAMO"
"2025-07-06T00:00:00.000","11","BOGOTA D.C.","11001","BOGOTA D.C.","0.114","KILOGRAMO"
"2025-07-05T00:00:00.000","54","NORTE DE SANTANDER","54405","LOS PATIOS","0.01","KILOGRAMO"
"2025-07-04T00:00:00.000","66","RISARALDA","66170","DOSQUEBRADAS","0.04","KILOGRAMO"
"2025-07-03T00:00:00.000","76","VALLE DEL CAUCA","76147","CARTAGO","0.005","KILOGRAMO"
"2025-07-03T00:00:00.000","54","NORTE DE SANTANDER","54001","CUCUTA","0.006","KILOGRAMO"
"2025-07-02T00:00:00.000","41","HUILA","41001","NEIVA","0.015","KILOGRAMO"
"2025-07-02T00:00:00.000","54","NORTE DE SANTANDER","54001","CUCUTA","0.0013","KILOGRAMO"
"2025-06-29T00:00:00.000","54","NORTE DE SANTANDER","54405","LOS PATIOS","0.015","KILOGRAMO"
"2025-06-28T00:00:00.000","05","ANTIOQUIA","05001","MEDELLIN","0.0129","KILOGRAMO"
"2025-06-27T00:00:00.000","52","NARIÑO","52683","SANDONA","0.001","KILOGRAMO"
"2025-06-26T00:00:00.000","54","NORTE DE SANTANDER","54001","CUCUTA","0.025","KILOGRAMO"
"2025-06-24T00:00:00.000","54","NORTE DE SANTANDER","54001","CUCUTA","0.018","KILOGRAMO"
"2025-06-23T00:00:00.000","05","ANTIOQUIA","05001","MEDELLIN","0.0027","KILOGRAMO"
"2025-06-22T00:00:00.000","54","NORTE DE SANTANDER","54001","CUCUTA","0.003","KILOGRAMO"
"2025-06-22T00:00:00.000","63","QUINDIO","63001","ARMENIA","0.002","KILOGRAMO"
"2025-06-21T00:00:00.000","63","QUINDIO","63001","ARMENIA","0.052","KILOGRAMO"
"2025-06-21T00:00:00.000","52","NARIÑO","52110","BUESACO","8.45","KILOGRAMO"
"2025-06-20T00:00:00.000","66","RISARALDA","66170","DOSQUEBRADAS","0.0158","KILOGRAMO"
"2025-06-19T00:00:00.000","54","NORTE DE SANTANDER","54874","VILLA DEL ROSARIO","0.0061","KILOGRAMO"
"2025-06-19T00:00:00.000","52","NARIÑO","52224","CUASPUD CARLOSAMA","0.004","KILOGRAMO"
"2025-06-19T00:00:00.000","54","NORTE DE SANTANDER","54099","BOCHALEMA","0.056","KILOGRAMO"
"2025-06-18T00:00:00.000","66","RISARALDA","66170","DOSQUEBRADAS","0.0696","KILOGRAMO"
"2025-06-18T00:00:00.000","05","ANTIOQUIA","05001","MEDELLIN","0.0012","KILOGRAMO"
"2025-06-18T00:00:00.000","76","VALLE DEL CAUCA","76001","CALI","0.0228","KILOGRAMO"
"2025-06-17T00:00:00.000","05","ANTIOQUIA","05001","MEDELLIN","0.009","KILOGRAMO"
"2025-06-16T00:00:00.000","66","RISARALDA","66001","PEREIRA","0.006","KILOGRAMO"
"2025-06-15T00:00:00.000","54","NORTE DE SANTANDER","54001","CUCUTA","0.004","KILOGRAMO"
"2025-06-14T00:00:00.000","54","NORTE DE SANTANDER","54001","CUCUTA","0.0022","KILOGRAMO"
"2025-06-12T00:00:00.000","05","ANTIOQUIA","05045","APARTADO","0.002","KILOGRAMO"
"2025-06-11T00:00:00.000","76","VALLE DEL CAUCA","76111","GUADALAJARA DE BUGA","0.017","KILOGRAMO"
"2025-06-11T00:00:00.000","47","MAGDALENA","47288","FUNDACION","0.0384","KILOGRAMO"
"2025-06-11T00:00:00.000","66","RISARALDA","66170","DOSQUEBRADAS","0.1","KILOGRAMO"
"2025-06-06T00:00:00.000","05","ANTIOQUIA","05001","MEDELLIN","0.008","KILOGRAMO"
"2025-06-06T00:00:00.000","52","NARIÑO","52207","CONSACA","0.002","KILOGRAMO"
"2025-06-05T00:00:00.000","21801","ECUADOR","2180101","ECUADOR","9","KILOGRAMO"
"2025-06-05T00:00:00.000","54","NORTE DE SANTANDER","54001","CUCUTA","0.17","KILOGRAMO"
"2025-06-04T00:00:00.000","05","ANTIOQUIA","05001","MEDELLIN","0.032","KILOGRAMO"
"2025-06-02T00:00:00.000","54","NORTE DE SANTANDER","54001","CUCUTA","0.01","KILOGRAMO"
"2025-05-31T00:00:00.000","66","RISARALDA","66170","DOSQUEBRADAS","0.2","KILOGRAMO"
"2025-05-30T00:00:00.000","66","RISARALDA","66001","PEREIRA","0.0023","KILOGRAMO"
"2025-05-30T00:00:00.000","52","NARIÑO","52258","EL TABLON DE GOMEZ","0.007","KILOGRAMO"
"2025-05-29T00:00:00.000","52","NARIÑO","52001","PASTO","1.99","KILOGRAMO"
"2025-05-28T00:00:00.000","05","ANTIOQUIA","05001","MEDELLIN","0.13","KILOGRAMO"
"2025-05-27T00:00:00.000","52","NARIÑO","52019","ALBAN","0.003","KILOGRAMO"
"2025-05-24T00:00:00.000","05","ANTIOQUIA","05001","MEDELLIN","0.0012","KILOGRAMO"
"2025-05-23T00:00:00.000","66","RISARALDA","66001","PEREIRA","0.0063","KILOGRAMO"
"2025-05-23T00:00:00.000","66","RISARALDA","66170","DOSQUEBRADAS","0.005","KILOGRAMO"
"2025-05-22T00:00:00.000","66","RISARALDA","66001","PEREIRA","0.0034","KILOGRAMO"
"2025-05-20T00:00:00.000","76","VALLE DEL CAUCA","76147","CARTAGO","0.002","KILOGRAMO"
"2025-05-19T00:00:00.000","52","NARIÑO","52051","ARBOLEDA","0.004","KILOGRAMO"
"2025-05-18T00:00:00.000","19","CAUCA","19698","SANTANDER DE QUILICHAO","0.012","KILOGRAMO"
"2025-05-17T00:00:00.000","66","RISARALDA","66170","DOSQUEBRADAS","0.125","KILOGRAMO"
"2025-05-17T00:00:00.000","86","PUTUMAYO","86320","ORITO","0.002","KILOGRAMO"
"2025-05-17T00:00:00.000","54","NORTE DE SANTANDER","54001","CUCUTA","0.0082","KILOGRAMO"
"2025-05-17T00:00:00.000","21801","ECUADOR","2180101","ECUADOR","12.6","KILOGRAMO"
"2025-05-16T00:00:00.000","86","PUTUMAYO","86865","VALLE DEL GUAMUEZ","0.009","KILOGRAMO"
"2025-05-16T00:00:00.000","11","BOGOTA D.C.","11001","BOGOTA D.C.","0.011","KILOGRAMO"
"2025-05-15T00:00:00.000","66","RISARALDA","66170","DOSQUEBRADAS","0.027","KILOGRAMO"
"2025-05-15T00:00:00.000","52","NARIÑO","52317","GUACHUCAL","0.005","KILOGRAMO"
"2025-05-15T00:00:00.000","54","NORTE DE SANTANDER","54001","CUCUTA","0.053","KILOGRAMO"
"2025-05-14T00:00:00.000","66","RISARALDA","66170","DOSQUEBRADAS","0.0037","KILOGRAMO"
"2025-05-13T00:00:00.000","52","NARIÑO","52260","EL TAMBO","0.002","KILOGRAMO"
"2025-05-12T00:00:00.000","66","RISARALDA","66170","DOSQUEBRADAS","0.017","KILOGRAMO"
"2025-05-10T00:00:00.000","66","RISARALDA","66170","DOSQUEBRADAS","0.0076","KILOGRAMO"
"2025-05-09T00:00:00.000","76","VALLE DEL CAUCA","76400","LA UNION","0.007","KILOGRAMO"
"2025-05-09T00:00:00.000","66","RISARALDA","66170","DOSQUEBRADAS","0.11","KILOGRAMO"
"2025-05-07T00:00:00.000","05","ANTIOQUIA","05001","MEDELLIN","0.0023","KILOGRAMO"
"2025-05-06T00:00:00.000","05","ANTIOQUIA","05001","MEDELLIN","0.01","KILOGRAMO"
"2025-05-06T00:00:00.000","52","NARIÑO","52378","LA CRUZ","0.006","KILOGRAMO"
"2025-05-06T00:00:00.000","11","BOGOTA D.C.","11001","BOGOTA D.C.","0.004","KILOGRAMO"
"2025-05-06T00:00:00.000","73","TOLIMA","73449","MELGAR","0.12","KILOGRAMO"
"2025-05-06T00:00:00.000","66","RISARALDA","66170","DOSQUEBRADAS","0.0055","KILOGRAMO"
"2025-05-04T00:00:00.000","54","NORTE DE SANTANDER","54001","CUCUTA","0.0065","KILOGRAMO"
"2025-05-04T00:00:00.000","11","BOGOTA D.C.","11001","BOGOTA D.C.","0.001","KILOGRAMO"
"2025-05-03T00:00:00.000","11","BOGOTA D.C.","11001","BOGOTA D.C.","0.001","KILOGRAMO"
"2025-05-02T00:00:00.000","11","BOGOTA D.C.","11001","BOGOTA D.C.","0.003","KILOGRAMO"
"2025-05-01T00:00:00.000","52","NARIÑO","52215","CORDOBA","0.001","KILOGRAMO"
"2025-05-01T00:00:00.000","05","ANTIOQUIA","05001","MEDELLIN","0.012","KILOGRAMO"
"2025-04-29T00:00:00.000","05","ANTIOQUIA","05001","MEDELLIN","0.004","KILOGRAMO"
"2025-04-27T00:00:00.000","05","ANTIOQUIA","05001","MEDELLIN","0.0181","KILOGRAMO"
"2025-04-27T00:00:00.000","54","NORTE DE SANTANDER","54001","CUCUTA","0.113","KILOGRAMO"
"2025-04-26T00:00:00.000","66","RISARALDA","66170","DOSQUEBRADAS","0.007","KILOGRAMO"
"2025-04-25T00:00:00.000","11","BOGOTA D.C.","11001","BOGOTA D.C.","0.01","KILOGRAMO"
"2025-04-24T00:00:00.000","54","NORTE DE SANTANDER","54874","VILLA DEL ROSARIO","0.001","KILOGRAMO"
"2025-04-24T00:00:00.000","54","NORTE DE SANTANDER","54001","CUCUTA","0.0143","KILOGRAMO"
"2025-04-22T00:00:00.000","52","NARIÑO","52381","LA FLORIDA","0.005","KILOGRAMO"
"2025-04-21T00:00:00.000","52","NARIÑO","52258","EL TABLON DE GOMEZ","38.4","KILOGRAMO"
"2025-04-21T00:00:00.000","54","NORTE DE SANTANDER","54001","CUCUTA","0.0075","KILOGRAMO"
"2025-04-21T00:00:00.000","11","BOGOTA D.C.","11001","BOGOTA D.C.","0.045","KILOGRAMO"
"2025-04-18T00:00:00.000","54","NORTE DE SANTANDER","54001","CUCUTA","0.013","KILOGRAMO"
"2025-04-18T00:00:00.000","05","ANTIOQUIA","05001","MEDELLIN","0.0024","KILOGRAMO"
"2025-04-17T00:00:00.000","52","NARIÑO","52356","IPIALES","0.016","KILOGRAMO"
"2025-04-16T00:00:00.000","21801","ECUADOR","2180101","ECUADOR","23.1","KILOGRAMO"
"2025-04-16T00:00:00.000","52","NARIÑO","52694","SAN PEDRO DE CARTAGO","0.002","KILOGRAMO"
"2025-04-15T00:00:00.000","52","NARIÑO","52612","RICAURTE","0.018","KILOGRAMO"
"2025-04-15T00:00:00.000","52","NARIÑO","52385","LA LLANADA","0.006","KILOGRAMO"
"2025-04-15T00:00:00.000","54","NORTE DE SANTANDER","54874","VILLA DEL ROSARIO","0.0011","KILOGRAMO"
"2025-04-10T00:00:00.000","17","CALDAS","17001","MANIZALES","0.00509","KILOGRAMO"
"2025-04-10T00:00:00.000","05","ANTIOQUIA","05212","COPACABANA","0.13","KILOGRAMO"
"2025-04-07T00:00:00.000","05","ANTIOQUIA","05266","ENVIGADO","0.01","KILOGRAMO"
"2025-04-07T00:00:00.000","05","ANTIOQUIA","05001","MEDELLIN","0.01","KILOGRAMO"
"2025-04-06T00:00:00.000","66","RISARALDA","66001","PEREIRA","0.0044","KILOGRAMO"
"2025-04-06T00:00:00.000","11","BOGOTA D.C.","11001","BOGOTA D.C.","0.115","KILOGRAMO"
"2025-04-05T00:00:00.000","52","NARIÑO","52001","PASTO","0.02","KILOGRAMO"
"2025-04-04T00:00:00.000","66","RISARALDA","66170","DOSQUEBRADAS","0.0192","KILOGRAMO"
"2025-04-04T00:00:00.000","05","ANTIOQUIA","05001","MEDELLIN","0.006","KILOGRAMO"
"2025-04-03T00:00:00.000","54","NORTE DE SANTANDER","54001","CUCUTA","0.004","KILOGRAMO"
"2025-04-03T00:00:00.000","11","BOGOTA D.C.","11001","BOGOTA D.C.","0.278","KILOGRAMO"
"2025-04-03T00:00:00.000","52","NARIÑO","52022","ALDANA","0.005","KILOGRAMO"
"2025-04-03T00:00:00.000","63","QUINDIO","63001","ARMENIA","0.0099","KILOGRAMO"
"2025-04-02T00:00:00.000","11","BOGOTA D.C.","11001","BOGOTA D.C.","0.016","KILOGRAMO"
"2025-04-02T00:00:00.000","54","NORTE DE SANTANDER","54001","CUCUTA","0.0078","KILOGRAMO"
"2025-04-02T00:00:00.000","66","RISARALDA","66001","PEREIRA","0.0025","KILOGRAMO"
"2025-04-01T00:00:00.000","11","BOGOTA D.C.","11001","BOGOTA D.C.","0.007","KILOGRAMO"
"2025-04-01T00:00:00.000","54","NORTE DE SANTANDER","54810","TIBU","0.1","KILOGRAMO"
"2025-04-01T00:00:00.000","66","RISARALDA","66001","PEREIRA","0.001","KILOGRAMO"
"2025-04-01T00:00:00.000","63","QUINDIO","63001","ARMENIA","0.0071","KILOGRAMO"
"2025-03-31T00:00:00.000","52","NARIÑO","52565","PROVIDENCIA","0.01","KILOGRAMO"
"2025-03-30T00:00:00.000","11","BOGOTA D.C.","11001","BOGOTA D.C.","0.015","KILOGRAMO"
"2025-03-29T00:00:00.000","54","NORTE DE SANTANDER","54001","CUCUTA","0.0014","KILOGRAMO"
"2025-03-29T00:00:00.000","52","NARIÑO","52110","BUESACO","0.06","KILOGRAMO"
"2025-03-27T00:00:00.000","54","NORTE DE SANTANDER","54001","CUCUTA","0.027","KILOGRAMO"
"2025-03-27T00:00:00.000","66","RISARALDA","66170","DOSQUEBRADAS","0.05","KILOGRAMO"
"2025-03-27T00:00:00.000","05","ANTIOQUIA","05001","MEDELLIN","0.0013","KILOGRAMO"
"2025-03-26T00:00:00.000","05","ANTIOQUIA","05001","MEDELLIN","0.008","KILOGRAMO"
"2025-03-25T00:00:00.000","52","NARIÑO","52683","SANDONA","0.003","KILOGRAMO"
"2025-03-24T00:00:00.000","54","NORTE DE SANTANDER","54001","CUCUTA","0.0023","KILOGRAMO"
"2025-03-24T00:00:00.000","21801","ECUADOR","2180101","ECUADOR","98.1","KILOGRAMO"
"2025-03-24T00:00:00.000","05","ANTIOQUIA","05001","MEDELLIN","0.0178","KILOGRAMO"
"2025-03-23T00:00:00.000","54","NORTE DE SANTANDER","54001","CUCUTA","0.0111","KILOGRAMO"
"2025-03-23T00:00:00.000","05","ANTIOQUIA","05001","MEDELLIN","0.0075","KILOGRAMO"
"2025-03-22T00:00:00.000","52","NARIÑO","52001","PASTO","0.005","KILOGRAMO"
"2025-03-20T00:00:00.000","52","NARIÑO","52001","PASTO","0.015","KILOGRAMO"
"2025-03-20T00:00:00.000","52","NARIÑO","52418","LOS ANDES","0.005","KILOGRAMO"
"2025-03-20T00:00:00.000","63","QUINDIO","63001","ARMENIA","0.0078","KILOGRAMO"
"2025-03-19T00:00:00.000","52","NARIÑO","52540","POLICARPA","0.006","KILOGRAMO"
"2025-03-19T00:00:00.000","68","SANTANDER","68081","BARRANCABERMEJA","0.34","KILOGRAMO"
"2025-03-19T00:00:00.000","41","HUILA","41001","NEIVA","0.0045","KILOGRAMO"
"2025-03-19T00:00:00.000","66","RISARALDA","66001","PEREIRA","0.008","KILOGRAMO"
"2025-03-18T00:00:00.000","05","ANTIOQUIA","05001","MEDELLIN","0.003","KILOGRAMO"
"2025-03-18T00:00:00.000","54","NORTE DE SANTANDER","54405","LOS PATIOS","0.0045","KILOGRAMO"
"2025-03-17T00:00:00.000","52","NARIÑO","52250","EL CHARCO","0.003","KILOGRAMO"
"2025-03-16T00:00:00.000","54","NORTE DE SANTANDER","54001","CUCUTA","0.0065","KILOGRAMO"
"2025-03-14T00:00:00.000","11","BOGOTA D.C.","11001","BOGOTA D.C.","0.015","KILOGRAMO"
"2025-03-13T00:00:00.000","17","CALDAS","17001","MANIZALES","0.14","KILOGRAMO"
"2025-03-12T00:00:00.000","52","NARIÑO","52399","LA UNION","0.007","KILOGRAMO"
"2025-03-11T00:00:00.000","52","NARIÑO","52435","MALLAMA","0.02","KILOGRAMO"
"2025-03-11T00:00:00.000","54","NORTE DE SANTANDER","54001","CUCUTA","0.0023","KILOGRAMO"
"2025-03-11T00:00:00.000","52","NARIÑO","52356","IPIALES","0.006","KILOGRAMO"
"2025-03-10T00:00:00.000","66","RISARALDA","66001","PEREIRA","0.005","KILOGRAMO"
"2025-03-09T00:00:00.000","54","NORTE DE SANTANDER","54001","CUCUTA","0.015","KILOGRAMO"
"2025-03-09T00:00:00.000","05","ANTIOQUIA","05001","MEDELLIN","0.005","KILOGRAMO"
"2025-03-08T00:00:00.000","05","ANTIOQUIA","05001","MEDELLIN","0.007","KILOGRAMO"
"2025-03-08T00:00:00.000","54","NORTE DE SANTANDER","54001","CUCUTA","0.005","KILOGRAMO"
"2025-03-08T00:00:00.000","52","NARIÑO","52699","SANTACRUZ","0.009","KILOGRAMO"
"2025-03-08T00:00:00.000","66","RISARALDA","66170","DOSQUEBRADAS","0.1037","KILOGRAMO"
"2025-03-07T00:00:00.000","52","NARIÑO","52254","EL PEÑOL","0.004","KILOGRAMO"
"2025-03-07T00:00:00.000","52","NARIÑO","52110","BUESACO","0.011","KILOGRAMO"
"2025-03-06T00:00:00.000","11","BOGOTA D.C.","11001","BOGOTA D.C.","0.05","KILOGRAMO"
"2025-03-05T00:00:00.000","86","PUTUMAYO","86865","VALLE DEL GUAMUEZ","0.007","KILOGRAMO"
"2025-03-05T00:00:00.000","11","BOGOTA D.C.","11001","BOGOTA D.C.","1.2","KILOGRAMO"
"2025-03-05T00:00:00.000","05","ANTIOQUIA","05001","MEDELLIN","0.005","KILOGRAMO"
"2025-03-04T00:00:00.000","11","BOGOTA D.C.","11001","BOGOTA D.C.","0.005","KILOGRAMO"
"2025-03-02T00:00:00.000","85","CASANARE","85001","YOPAL","0.003","KILOGRAMO"
"2025-03-02T00:00:00.000","66","RISARALDA","66170","DOSQUEBRADAS","0.12","KILOGRAMO"
"2025-03-01T00:00:00.000","54","NORTE DE SANTANDER","54001","CUCUTA","0.0038","KILOGRAMO"
"2025-02-28T00:00:00.000","05","ANTIOQUIA","05079","BARBOSA","0.002","KILOGRAMO"
"2025-02-28T00:00:00.000","52","NARIÑO","52224","CUASPUD CARLOSAMA","0.001","KILOGRAMO"
"2025-02-28T00:00:00.000","05","ANTIOQUIA","05308","GIRARDOTA","0.003","KILOGRAMO"
"2025-02-27T00:00:00.000","11","BOGOTA D.C.","11001","BOGOTA D.C.","0.009","KILOGRAMO"
"2025-02-27T00:00:00.000","05","ANTIOQUIA","05001","MEDELLIN","0.018","KILOGRAMO"
"2025-02-26T00:00:00.000","54","NORTE DE SANTANDER","54001","CUCUTA","0.0128","KILOGRAMO"
"2025-02-25T00:00:00.000","54","NORTE DE SANTANDER","54405","LOS PATIOS","0.0055","KILOGRAMO"
"2025-02-25T00:00:00.000","54","NORTE DE SANTANDER","54001","CUCUTA","0.0056","KILOGRAMO"
"2025-02-24T00:00:00.000","54","NORTE DE SANTANDER","54172","CHINACOTA","0.00635","KILOGRAMO"
"2025-02-24T00:00:00.000","11","BOGOTA D.C.","11001","BOGOTA D.C.","0.004","KILOGRAMO"
"2025-02-22T00:00:00.000","66","RISARALDA","66001","PEREIRA","0.02","KILOGRAMO"
"2025-02-21T00:00:00.000","05","ANTIOQUIA","05212","COPACABANA","0.00090","KILOGRAMO"
"2025-02-21T00:00:00.000","63","QUINDIO","63001","ARMENIA","0.0036","KILOGRAMO"
"2025-02-20T00:00:00.000","54","NORTE DE SANTANDER","54001","CUCUTA","0.0081","KILOGRAMO"
"2025-02-20T00:00:00.000","52","NARIÑO","52678","SAMANIEGO","0.01","KILOGRAMO"
"2025-02-18T00:00:00.000","05","ANTIOQUIA","05001","MEDELLIN","0.002","KILOGRAMO"
"2025-02-18T00:00:00.000","52","NARIÑO","52001","PASTO","0.021","KILOGRAMO"
"2025-02-17T00:00:00.000","11","BOGOTA D.C.","11001","BOGOTA D.C.","0.1","KILOGRAMO"
"2025-02-17T00:00:00.000","52","NARIÑO","52001","PASTO","0.001","KILOGRAMO"
"2025-02-17T00:00:00.000","52","NARIÑO","52378","LA CRUZ","0.003","KILOGRAMO"
"2025-02-17T00:00:00.000","54","NORTE DE SANTANDER","54001","CUCUTA","0.005","KILOGRAMO"
"2025-02-15T00:00:00.000","08","ATLANTICO","08001","BARRANQUILLA","0.005","KILOGRAMO"
"2025-02-13T00:00:00.000","08","ATLANTICO","08001","BARRANQUILLA","0.004","KILOGRAMO"
"2025-02-11T00:00:00.000","66","RISARALDA","66170","DOSQUEBRADAS","0.05","KILOGRAMO"
"2025-02-10T00:00:00.000","54","NORTE DE SANTANDER","54001","CUCUTA","0.0187","KILOGRAMO"
"2025-02-10T00:00:00.000","52","NARIÑO","52585","PUPIALES","0.022","KILOGRAMO"
"2025-02-09T00:00:00.000","52","NARIÑO","52678","SAMANIEGO","0.007","KILOGRAMO"
"2025-02-08T00:00:00.000","11","BOGOTA D.C.","11001","BOGOTA D.C.","0.002","KILOGRAMO"
"2025-02-07T00:00:00.000","54","NORTE DE SANTANDER","54001","CUCUTA","0.006","KILOGRAMO"
"2025-02-07T00:00:00.000","41","HUILA","41001","NEIVA","0.005","KILOGRAMO"
"2025-02-06T00:00:00.000","81","ARAUCA","81001","ARAUCA","1","KILOGRAMO"
"2025-02-06T00:00:00.000","54","NORTE DE SANTANDER","54001","CUCUTA","0.0021","KILOGRAMO"
"2025-02-06T00:00:00.000","17","CALDAS","17380","LA DORADA","0.05","KILOGRAMO"
"2025-02-05T00:00:00.000","52","NARIÑO","52356","IPIALES","0.003","KILOGRAMO"
"2025-02-04T00:00:00.000","52","NARIÑO","52323","GUALMATAN","0.004","KILOGRAMO"
"2025-02-04T00:00:00.000","66","RISARALDA","66170","DOSQUEBRADAS","0.03","KILOGRAMO"
"2025-02-04T00:00:00.000","05","ANTIOQUIA","05001","MEDELLIN","0.0062","KILOGRAMO"
"2025-02-03T00:00:00.000","52","NARIÑO","52352","ILES","0.002","KILOGRAMO"
"2025-02-02T00:00:00.000","52","NARIÑO","52227","CUMBAL","0.0041","KILOGRAMO"
"2025-02-02T00:00:00.000","11","BOGOTA D.C.","11001","BOGOTA D.C.","0.003","KILOGRAMO"
"2025-02-01T00:00:00.000","11","BOGOTA D.C.","11001","BOGOTA D.C.","0.004","KILOGRAMO"
"2025-02-01T00:00:00.000","52","NARIÑO","52786","TAMINANGO","0.001","KILOGRAMO"
"2025-01-31T00:00:00.000","52","NARIÑO","52838","TUQUERRES","0.003","KILOGRAMO"
"2025-01-31T00:00:00.000","63","QUINDIO","63001","ARMENIA","0.0011","KILOGRAMO"
"2025-01-30T00:00:00.000","52","NARIÑO","52540","POLICARPA","0.002","KILOGRAMO"
"2025-01-30T00:00:00.000","54","NORTE DE SANTANDER","54001","CUCUTA","0.015","KILOGRAMO"
"2025-01-29T00:00:00.000","76","VALLE DEL CAUCA","76364","JAMUNDI","0.001","KILOGRAMO"
"2025-01-28T00:00:00.000","52","NARIÑO","52110","BUESACO","0.005","KILOGRAMO"
"2025-01-26T00:00:00.000","66","RISARALDA","66001","PEREIRA","0.001","KILOGRAMO"
"2025-01-26T00:00:00.000","54","NORTE DE SANTANDER","54001","CUCUTA","0.004","KILOGRAMO"
"2025-01-26T00:00:00.000","63","QUINDIO","63001","ARMENIA","0.0017","KILOGRAMO"
"2025-01-26T00:00:00.000","66","RISARALDA","66170","DOSQUEBRADAS","0.0026","KILOGRAMO"
"2025-01-25T00:00:00.000","05","ANTIOQUIA","05001","MEDELLIN","0.009","KILOGRAMO"
"2025-01-24T00:00:00.000","54","NORTE DE SANTANDER","54001","CUCUTA","0.0142","KILOGRAMO"
"2025-01-24T00:00:00.000","11","BOGOTA D.C.","11001","BOGOTA D.C.","0.08","KILOGRAMO"
"2025-01-23T00:00:00.000","54","NORTE DE SANTANDER","54001","CUCUTA","0.004","KILOGRAMO"
"2025-01-23T00:00:00.000","66","RISARALDA","66170","DOSQUEBRADAS","0.0028","KILOGRAMO"
"2025-01-23T00:00:00.000","05","ANTIOQUIA","05001","MEDELLIN","0.025","KILOGRAMO"
"2025-01-22T00:00:00.000","05","ANTIOQUIA","05001","MEDELLIN","0.007","KILOGRAMO"
"2025-01-22T00:00:00.000","54","NORTE DE SANTANDER","54001","CUCUTA","0.0151","KILOGRAMO"
"2025-01-21T00:00:00.000","05","ANTIOQUIA","05001","MEDELLIN","0.007","KILOGRAMO"
"2025-01-21T00:00:00.000","54","NORTE DE SANTANDER","54001","CUCUTA","0.001","KILOGRAMO"
"2025-01-20T00:00:00.000","11","BOGOTA D.C.","11001","BOGOTA D.C.","0.017","KILOGRAMO"
"2025-01-18T00:00:00.000","66","RISARALDA","66001","PEREIRA","0.005","KILOGRAMO"
"2025-01-18T00:00:00.000","66","RISARALDA","66170","DOSQUEBRADAS","0.0083","KILOGRAMO"
"2025-01-17T00:00:00.000","08","ATLANTICO","08001","BARRANQUILLA","0.004","KILOGRAMO"
"2025-01-16T00:00:00.000","54","NORTE DE SANTANDER","54001","CUCUTA","0.0037","KILOGRAMO"
"2025-01-15T00:00:00.000","63","QUINDIO","63001","ARMENIA","0.004","KILOGRAMO"
"2025-01-15T00:00:00.000","54","NORTE DE SANTANDER","54001","CUCUTA","0.0014","KILOGRAMO"
"2025-01-13T00:00:00.000","54","NORTE DE SANTANDER","54001","CUCUTA","0.0054","KILOGRAMO"
"2025-01-10T00:00:00.000","54","NORTE DE SANTANDER","54001","CUCUTA","0.0025","KILOGRAMO"
"2025-01-05T00:00:00.000","54","NORTE DE SANTANDER","54001","CUCUTA","0.0108","KILOGRAMO"
"2025-01-04T00:00:00.000","54","NORTE DE SANTANDER","54001","CUCUTA","0.0057","KILOGRAMO"
"2025-01-01T00:00:00.000","52","NARIÑO","52258","EL TABLON DE GOMEZ","59.9","KILOGRAMO"
"2024-12-26T00:00:00.000","54","NORTE DE SANTANDER","54001","CUCUTA","0.002","KILOGRAMO"
"2024-12-23T00:00:00.000","52","NARIÑO","52258","EL TABLON DE GOMEZ","60","KILOGRAMO"
"2024-12-15T00:00:00.000","54","NORTE DE SANTANDER","54001","CUCUTA","0.0118","KILOGRAMO"
"2024-12-14T00:00:00.000","54","NORTE DE SANTANDER","54001","CUCUTA","0.0112","KILOGRAMO"
"2024-12-13T00:00:00.000","05","ANTIOQUIA","05001","MEDELLIN","0.003","KILOGRAMO"
"2024-12-12T00:00:00.000","54","NORTE DE SANTANDER","54001","CUCUTA","0.0119","KILOGRAMO"
"2024-12-12T00:00:00.000","50","META","50313","GRANADA","0.18","KILOGRAMO"
"2024-12-12T00:00:00.000","52","NARIÑO","52110","BUESACO","4","KILOGRAMO"
"2024-12-12T00:00:00.000","76","VALLE DEL CAUCA","76001","CALI","0.5","KILOGRAMO"
"2024-12-06T00:00:00.000","54","NORTE DE SANTANDER","54001","CUCUTA","0.0035","KILOGRAMO"
"2024-12-05T00:00:00.000","52","NARIÑO","52110","BUESACO","0.206","KILOGRAMO"
"2024-12-04T00:00:00.000","08","ATLANTICO","08573","PUERTO COLOMBIA","0.003","KILOGRAMO"
"2024-12-04T00:00:00.000","54","NORTE DE SANTANDER","54405","LOS PATIOS","0.0066","KILOGRAMO"
"2024-12-01T00:00:00.000","52","NARIÑO","52001","PASTO","5","KILOGRAMO"
"2024-11-27T00:00:00.000","54","NORTE DE SANTANDER","54001","CUCUTA","0.0215","KILOGRAMO"
"2024-11-27T00:00:00.000","86","PUTUMAYO","86757","SAN MIGUEL","0.004","KILOGRAMO"
"2024-11-25T00:00:00.000","54","NORTE DE SANTANDER","54405","LOS PATIOS","0.011","KILOGRAMO"
"2024-11-24T00:00:00.000","50","META","50573","PUERTO LOPEZ","0.005","KILOGRAMO"
"2024-11-24T00:00:00.000","54","NORTE DE SANTANDER","54874","VILLA DEL ROSARIO","0.005","KILOGRAMO"
"2024-11-23T00:00:00.000","54","NORTE DE SANTANDER","54405","LOS PATIOS","0.0123","KILOGRAMO"
"2024-11-23T00:00:00.000","54","NORTE DE SANTANDER","54001","CUCUTA","0.0081","KILOGRAMO"
"2024-11-23T00:00:00.000","52","NARIÑO","52258","EL TABLON DE GOMEZ","0.005","KILOGRAMO"
"2024-11-22T00:00:00.000","54","NORTE DE SANTANDER","54001","CUCUTA","0.0095","KILOGRAMO"
"2024-11-20T00:00:00.000","54","NORTE DE SANTANDER","54001","CUCUTA","0.0373","KILOGRAMO"
"2024-11-20T00:00:00.000","54","NORTE DE SANTANDER","54405","LOS PATIOS","0.0032","KILOGRAMO"
"2024-11-17T00:00:00.000","63","QUINDIO","63470","MONTENEGRO","0.0025","KILOGRAMO"
"2024-11-16T00:00:00.000","05","ANTIOQUIA","05001","MEDELLIN","0.00050","KILOGRAMO"
"2024-11-16T00:00:00.000","11","BOGOTA D.C.","11001","BOGOTA D.C.","0.005","KILOGRAMO"
"2024-11-15T00:00:00.000","52","NARIÑO","52356","IPIALES","0.006","KILOGRAMO"
"2024-11-14T00:00:00.000","05","ANTIOQUIA","05266","ENVIGADO","0.003","KILOGRAMO"
"2024-11-14T00:00:00.000","66","RISARALDA","66682","SANTA ROSA DE CABAL","0.0023","KILOGRAMO"
"2024-11-14T00:00:00.000","05","ANTIOQUIA","05001","MEDELLIN","0.008","KILOGRAMO"
"2024-11-11T00:00:00.000","54","NORTE DE SANTANDER","54001","CUCUTA","0.03","KILOGRAMO"
"2024-11-10T00:00:00.000","63","QUINDIO","63001","ARMENIA","0.00070","KILOGRAMO"
"2024-11-08T00:00:00.000","54","NORTE DE SANTANDER","54001","CUCUTA","0.00217","KILOGRAMO"
"2024-11-06T00:00:00.000","54","NORTE DE SANTANDER","54001","CUCUTA","0.011","KILOGRAMO"
"2024-11-01T00:00:00.000","54","NORTE DE SANTANDER","54001","CUCUTA","0.01","KILOGRAMO"
"2024-11-01T00:00:00.000","54","NORTE DE SANTANDER","54405","LOS PATIOS","0.00545","KILOGRAMO"
"2024-10-31T00:00:00.000","11","BOGOTA D.C.","11001","BOGOTA D.C.","0.031","KILOGRAMO"
"2024-10-30T00:00:00.000","54","NORTE DE SANTANDER","54405","LOS PATIOS","0.0066","KILOGRAMO"
"2024-10-29T00:00:00.000","63","QUINDIO","63001","ARMENIA","0.0046","KILOGRAMO"
"2024-10-26T00:00:00.000","52","NARIÑO","52258","EL TABLON DE GOMEZ","25.15","KILOGRAMO"
"2024-10-25T00:00:00.000","52","NARIÑO","52287","FUNES","0.001","KILOGRAMO"
"2024-10-25T00:00:00.000","54","NORTE DE SANTANDER","54673","SAN CAYETANO","0.0033","KILOGRAMO"
"2024-10-25T00:00:00.000","11","BOGOTA D.C.","11001","BOGOTA D.C.","0.04","KILOGRAMO"
"2024-10-24T00:00:00.000","76","VALLE DEL CAUCA","76111","GUADALAJARA DE BUGA","0.055","KILOGRAMO"
"2024-10-24T00:00:00.000","54","NORTE DE SANTANDER","54001","CUCUTA","0.0062","KILOGRAMO"
"2024-10-23T00:00:00.000","11","BOGOTA D.C.","11001","BOGOTA D.C.","0.007","KILOGRAMO"
"2024-10-23T00:00:00.000","54","NORTE DE SANTANDER","54001","CUCUTA","0.0722","KILOGRAMO"
"2024-10-22T00:00:00.000","52","NARIÑO","52435","MALLAMA","0.1","KILOGRAMO"
"2024-10-20T00:00:00.000","54","NORTE DE SANTANDER","54001","CUCUTA","0.0056","KILOGRAMO"
"2024-10-20T00:00:00.000","52","NARIÑO","52699","SANTACRUZ","0.002","KILOGRAMO"
"2024-10-19T00:00:00.000","52","NARIÑO","52720","SAPUYES","0.005","KILOGRAMO"
"2024-10-19T00:00:00.000","11","BOGOTA D.C.","11001","BOGOTA D.C.","0.04","KILOGRAMO"
"2024-10-18T00:00:00.000","76","VALLE DEL CAUCA","76020","ALCALA","0.001","KILOGRAMO"
"2024-10-15T00:00:00.000","05","ANTIOQUIA","05360","ITAGUI","0.009","KILOGRAMO"
"2024-10-14T00:00:00.000","54","NORTE DE SANTANDER","54405","LOS PATIOS","0.005","KILOGRAMO"
"2024-10-11T00:00:00.000","54","NORTE DE SANTANDER","54001","CUCUTA","0.015","KILOGRAMO"
"2024-10-08T00:00:00.000","11","BOGOTA D.C.","11001","BOGOTA D.C.","0.001","KILOGRAMO"
"2024-10-07T00:00:00.000","54","NORTE DE SANTANDER","54001","CUCUTA","1.0294","KILOGRAMO"
"2024-10-07T00:00:00.000","52","NARIÑO","52678","SAMANIEGO","0.001","KILOGRAMO"
"2024-10-04T00:00:00.000","76","VALLE DEL CAUCA","76041","ANSERMANUEVO","0.01","KILOGRAMO"
"2024-10-04T00:00:00.000","54","NORTE DE SANTANDER","54001","CUCUTA","2.289","KILOGRAMO"
"2024-10-03T00:00:00.000","11","BOGOTA D.C.","11001","BOGOTA D.C.","0.1","KILOGRAMO"
"2024-10-02T00:00:00.000","52","NARIÑO","52110","BUESACO","32.038","KILOGRAMO"
"2024-10-02T00:00:00.000","54","NORTE DE SANTANDER","54001","CUCUTA","0.0177","KILOGRAMO"
"2024-10-01T00:00:00.000","11","BOGOTA D.C.","11001","BOGOTA D.C.","0.01","KILOGRAMO"
"2024-10-01T00:00:00.000","54","NORTE DE SANTANDER","54001","CUCUTA","0.0258","KILOGRAMO"
"2024-10-01T00:00:00.000","54","NORTE DE SANTANDER","54874","VILLA DEL ROSARIO","0.0016","KILOGRAMO"
"2024-09-29T00:00:00.000","13","BOLIVAR","13001","CARTAGENA DE INDIAS","0.687","KILOGRAMO"
"2024-09-26T00:00:00.000","05","ANTIOQUIA","05154","CAUCASIA","0.008","KILOGRAMO"
"2024-09-26T00:00:00.000","52","NARIÑO","52001","PASTO","0.004","KILOGRAMO"
"2024-09-23T00:00:00.000","08","ATLANTICO","08001","BARRANQUILLA","0.0039","KILOGRAMO"
"2024-09-22T00:00:00.000","05","ANTIOQUIA","05001","MEDELLIN","0.0112","KILOGRAMO"
"2024-09-21T00:00:00.000","52","NARIÑO","52001","PASTO","0.001","KILOGRAMO"
"2024-09-20T00:00:00.000","76","VALLE DEL CAUCA","76001","CALI","4","KILOGRAMO"
"2024-09-20T00:00:00.000","52","NARIÑO","52001","PASTO","6.068","KILOGRAMO"
"2024-09-20T00:00:00.000","66","RISARALDA","66170","DOSQUEBRADAS","0.105","KILOGRAMO"
"2024-09-18T00:00:00.000","76","VALLE DEL CAUCA","76147","CARTAGO","0.004","KILOGRAMO"
"2024-09-18T00:00:00.000","54","NORTE DE SANTANDER","54874","VILLA DEL ROSARIO","0.0042","KILOGRAMO"
"2024-09-15T00:00:00.000","05","ANTIOQUIA","05001","MEDELLIN","0.0015","KILOGRAMO"
"2024-09-14T00:00:00.000","05","ANTIOQUIA","05001","MEDELLIN","0.0108","KILOGRAMO"
"2024-09-13T00:00:00.000","54","NORTE DE SANTANDER","54874","VILLA DEL ROSARIO","0.0105","KILOGRAMO"
"2024-09-12T00:00:00.000","52","NARIÑO","52001","PASTO","0.0097","KILOGRAMO"
"2024-09-11T00:00:00.000","54","NORTE DE SANTANDER","54001","CUCUTA","0.0061","KILOGRAMO"
"2024-09-09T00:00:00.000","54","NORTE DE SANTANDER","54001","CUCUTA","0.0016","KILOGRAMO"
"2024-09-09T00:00:00.000","11","BOGOTA D.C.","11001","BOGOTA D.C.","0.005","KILOGRAMO"
"2024-09-09T00:00:00.000","05","ANTIOQUIA","05001","MEDELLIN","0.004","KILOGRAMO"
"2024-09-07T00:00:00.000","54","NORTE DE SANTANDER","54001","CUCUTA","0.0036","KILOGRAMO"
"2024-09-06T00:00:00.000","52","NARIÑO","52399","LA UNION","0.013","KILOGRAMO"
"2024-09-03T00:00:00.000","66","RISARALDA","66170","DOSQUEBRADAS","0.0888","KILOGRAMO"
"2024-09-01T00:00:00.000","54","NORTE DE SANTANDER","54001","CUCUTA","0.021","KILOGRAMO"
"2024-09-01T00:00:00.000","11","BOGOTA D.C.","11001","BOGOTA D.C.","0.021","KILOGRAMO"
"2024-08-31T00:00:00.000","52","NARIÑO","52083","BELEN","0.001","KILOGRAMO"
"2024-08-30T00:00:00.000","05","ANTIOQUIA","05001","MEDELLIN","0.008","KILOGRAMO"
"2024-08-27T00:00:00.000","52","NARIÑO","52418","LOS ANDES","0.001","KILOGRAMO"
"2024-08-26T00:00:00.000","54","NORTE DE SANTANDER","54001","CUCUTA","0.00080","KILOGRAMO"
"2024-08-26T00:00:00.000","54","NORTE DE SANTANDER","54874","VILLA DEL ROSARIO","0.0012","KILOGRAMO"
"2024-08-24T00:00:00.000","21801","ECUADOR","2180101","ECUADOR","54","KILOGRAMO"
"2024-08-24T00:00:00.000","54","NORTE DE SANTANDER","54001","CUCUTA","0.045","KILOGRAMO"
"2024-08-23T00:00:00.000","11","BOGOTA D.C.","11001","BOGOTA D.C.","0.01","KILOGRAMO"
"2024-08-22T00:00:00.000","54","NORTE DE SANTANDER","54001","CUCUTA","0.005","KILOGRAMO"
"2024-08-22T00:00:00.000","52","NARIÑO","52001","PASTO","0.014","KILOGRAMO"
"2024-08-18T00:00:00.000","05","ANTIOQUIA","05001","MEDELLIN","0.098","KILOGRAMO"
"2024-08-17T00:00:00.000","05","ANTIOQUIA","05001","MEDELLIN","0.0019","KILOGRAMO"
"2024-08-16T00:00:00.000","52","NARIÑO","52001","PASTO","0.021","KILOGRAMO"
"2024-08-16T00:00:00.000","66","RISARALDA","66170","DOSQUEBRADAS","0.04","KILOGRAMO"
"2024-08-11T00:00:00.000","66","RISARALDA","66170","DOSQUEBRADAS","0.039","KILOGRAMO"
"2024-08-10T00:00:00.000","05","ANTIOQUIA","05001","MEDELLIN","0.00070","KILOGRAMO"
"2024-08-09T00:00:00.000","54","NORTE DE SANTANDER","54001","CUCUTA","0.003","KILOGRAMO"
"2024-08-08T00:00:00.000","52","NARIÑO","52110","BUESACO","7.894","KILOGRAMO"
"2024-08-07T00:00:00.000","52","NARIÑO","52110","BUESACO","7.894","KILOGRAMO"
"2024-08-07T00:00:00.000","05","ANTIOQUIA","05001","MEDELLIN","0.006","KILOGRAMO"
"2024-08-06T00:00:00.000","54","NORTE DE SANTANDER","54001","CUCUTA","0.003","KILOGRAMO"
"2024-08-05T00:00:00.000","11","BOGOTA D.C.","11001","BOGOTA D.C.","0.02","KILOGRAMO"
"2024-08-04T00:00:00.000","52","NARIÑO","52079","BARBACOAS","0.007","KILOGRAMO"
"2024-08-04T00:00:00.000","54","NORTE DE SANTANDER","54001","CUCUTA","0.015","KILOGRAMO"
"2024-08-03T00:00:00.000","25","CUNDINAMARCA","25288","FUQUENE","0.011","KILOGRAMO"
"2024-08-01T00:00:00.000","05","ANTIOQUIA","05318","GUARNE","0.007","KILOGRAMO"
"2024-08-01T00:00:00.000","05","ANTIOQUIA","05001","MEDELLIN","0.025","KILOGRAMO"
"2024-07-31T00:00:00.000","66","RISARALDA","66001","PEREIRA","0.006","KILOGRAMO"
"2024-07-31T00:00:00.000","05","ANTIOQUIA","05001","MEDELLIN","0.007","KILOGRAMO"
"2024-07-30T00:00:00.000","05","ANTIOQUIA","05212","COPACABANA","0.032","KILOGRAMO"
"2024-07-30T00:00:00.000","52","NARIÑO","52390","LA TOLA","0.001","KILOGRAMO"
"2024-07-29T00:00:00.000","54","NORTE DE SANTANDER","54001","CUCUTA","0.0094","KILOGRAMO"
"2024-07-29T00:00:00.000","66","RISARALDA","66170","DOSQUEBRADAS","0.25","KILOGRAMO"
"2024-07-28T00:00:00.000","63","QUINDIO","63001","ARMENIA","0.0075","KILOGRAMO"
"2024-07-27T00:00:00.000","44","LA GUAJIRA","44430","MAICAO","0.01","KILOGRAMO"
"2024-07-27T00:00:00.000","05","ANTIOQUIA","05001","MEDELLIN","0.005","KILOGRAMO"
"2024-07-26T00:00:00.000","05","ANTIOQUIA","05656","SAN JERONIMO","0.05","KILOGRAMO"
"2024-07-25T00:00:00.000","08","ATLANTICO","08758","SOLEDAD","0.14","KILOGRAMO"
"2024-07-25T00:00:00.000","66","RISARALDA","66170","DOSQUEBRADAS","0.024","KILOGRAMO"
"2024-07-25T00:00:00.000","54","NORTE DE SANTANDER","54001","CUCUTA","0.01","KILOGRAMO"
"2024-07-24T00:00:00.000","05","ANTIOQUIA","05615","RIONEGRO","0.003","KILOGRAMO"
"2024-07-24T00:00:00.000","54","NORTE DE SANTANDER","54001","CUCUTA","0.008","KILOGRAMO"
"2024-07-24T00:00:00.000","05","ANTIOQUIA","05001","MEDELLIN","0.003","KILOGRAMO"
"2024-07-24T00:00:00.000","66","RISARALDA","66170","DOSQUEBRADAS","0.085","KILOGRAMO"
"2024-07-24T00:00:00.000","52","NARIÑO","52786","TAMINANGO","0.002","KILOGRAMO"
"2024-07-23T00:00:00.000","66","RISARALDA","66170","DOSQUEBRADAS","0.1","KILOGRAMO"
"2024-07-23T00:00:00.000","52","NARIÑO","52678","SAMANIEGO","0.002","KILOGRAMO"
"2024-07-22T00:00:00.000","05","ANTIOQUIA","05030","AMAGA","0.05","KILOGRAMO"
"2024-07-22T00:00:00.000","08","ATLANTICO","08001","BARRANQUILLA","0.001","KILOGRAMO"
"2024-07-22T00:00:00.000","66","RISARALDA","66170","DOSQUEBRADAS","0.05","KILOGRAMO"
"2024-07-21T00:00:00.000","05","ANTIOQUIA","05001","MEDELLIN","0.002","KILOGRAMO"
"2024-07-21T00:00:00.000","66","RISARALDA","66001","PEREIRA","0.009","KILOGRAMO"
"2024-07-21T00:00:00.000","63","QUINDIO","63001","ARMENIA","0.00090","KILOGRAMO"
"2024-07-20T00:00:00.000","76","VALLE DEL CAUCA","76001","CALI","0.00030","KILOGRAMO"
"2024-07-20T00:00:00.000","05","ANTIOQUIA","05001","MEDELLIN","0.002","KILOGRAMO"
"2024-07-20T00:00:00.000","17","CALDAS","17001","MANIZALES","0.004","KILOGRAMO"
"2024-07-19T00:00:00.000","54","NORTE DE SANTANDER","54405","LOS PATIOS","0.006","KILOGRAMO"
"2024-07-19T00:00:00.000","05","ANTIOQUIA","05001","MEDELLIN","0.016","KILOGRAMO"
"2024-07-19T00:00:00.000","54","NORTE DE SANTANDER","54001","CUCUTA","0.125","KILOGRAMO"
"2024-07-18T00:00:00.000","44","LA GUAJIRA","44430","MAICAO","0.01","KILOGRAMO"
"2024-07-18T00:00:00.000","05","ANTIOQUIA","05001","MEDELLIN","0.018","KILOGRAMO"
"2024-07-18T00:00:00.000","54","NORTE DE SANTANDER","54405","LOS PATIOS","0.001","KILOGRAMO"
"2024-07-17T00:00:00.000","11","BOGOTA D.C.","11001","BOGOTA D.C.","0.01","KILOGRAMO"
"2024-07-17T00:00:00.000","52","NARIÑO","52001","PASTO","0.067","KILOGRAMO"
"2024-07-16T00:00:00.000","63","QUINDIO","63001","ARMENIA","0.0171","KILOGRAMO"
"2024-07-14T00:00:00.000","52","NARIÑO","52683","SANDONA","0.019","KILOGRAMO"
"2024-07-13T00:00:00.000","05","ANTIOQUIA","05001","MEDELLIN","0.05","KILOGRAMO"
"2024-07-11T00:00:00.000","08","ATLANTICO","08001","BARRANQUILLA","0.003","KILOGRAMO"
"2024-07-10T00:00:00.000","52","NARIÑO","52560","POTOSI","0.004","KILOGRAMO"
"2024-07-08T00:00:00.000","13","BOLIVAR","13001","CARTAGENA DE INDIAS","1.282","KILOGRAMO"
"2024-07-08T00:00:00.000","21801","ECUADOR","2180101","ECUADOR","22.913","KILOGRAMO"
"2024-07-08T00:00:00.000","66","RISARALDA","66001","PEREIRA","0.0044","KILOGRAMO"
"2024-07-07T00:00:00.000","11","BOGOTA D.C.","11001","BOGOTA D.C.","0.017","KILOGRAMO"
"2024-07-07T00:00:00.000","54","NORTE DE SANTANDER","54001","CUCUTA","0.0079","KILOGRAMO"
"2024-07-06T00:00:00.000","66","RISARALDA","66001","PEREIRA","0.004","KILOGRAMO"
"2024-07-05T00:00:00.000","52","NARIÑO","52352","ILES","0.001","KILOGRAMO"
"2024-07-05T00:00:00.000","05","ANTIOQUIA","05212","COPACABANA","0.004","KILOGRAMO"
"2024-07-04T00:00:00.000","68","SANTANDER","68081","BARRANCABERMEJA","0.561","KILOGRAMO"
"2024-07-03T00:00:00.000","05","ANTIOQUIA","05001","MEDELLIN","0.039","KILOGRAMO"
"2024-07-03T00:00:00.000","05","ANTIOQUIA","05212","COPACABANA","0.003","KILOGRAMO"
"2024-07-02T00:00:00.000","54","NORTE DE SANTANDER","54001","CUCUTA","0.004","KILOGRAMO"
"2024-06-29T00:00:00.000","05","ANTIOQUIA","05001","MEDELLIN","0.021","KILOGRAMO"
"2024-06-28T00:00:00.000","54","NORTE DE SANTANDER","54001","CUCUTA","0.0257","KILOGRAMO"
"2024-06-26T00:00:00.000","52","NARIÑO","52051","ARBOLEDA","0.002","KILOGRAMO"
"2024-06-26T00:00:00.000","52","NARIÑO","52323","GUALMATAN","0.003","KILOGRAMO"
"2024-06-26T00:00:00.000","52","NARIÑO","52258","EL TABLON DE GOMEZ","0.001","KILOGRAMO"
"2024-06-25T00:00:00.000","05","ANTIOQUIA","05001","MEDELLIN","0.00060","KILOGRAMO"
"2024-06-25T00:00:00.000","54","NORTE DE SANTANDER","54001","CUCUTA","0.0026","KILOGRAMO"
"2024-06-25T00:00:00.000","66","RISARALDA","66170","DOSQUEBRADAS","0.0201","KILOGRAMO"
"2024-06-24T00:00:00.000","66","RISARALDA","66170","DOSQUEBRADAS","0.1","KILOGRAMO"
"2024-06-22T00:00:00.000","05","ANTIOQUIA","05670","SAN ROQUE","0.039","KILOGRAMO"
"2024-06-21T00:00:00.000","63","QUINDIO","63001","ARMENIA","0.0021","KILOGRAMO"
"2024-06-18T00:00:00.000","54","NORTE DE SANTANDER","54518","PAMPLONA","0.012","KILOGRAMO"
"2024-06-18T00:00:00.000","63","QUINDIO","63001","ARMENIA","0.0022","KILOGRAMO"
"2024-06-17T00:00:00.000","52","NARIÑO","52356","IPIALES","2.085","KILOGRAMO"
"2024-06-16T00:00:00.000","08","ATLANTICO","08001","BARRANQUILLA","0.002","KILOGRAMO"
"2024-06-15T00:00:00.000","54","NORTE DE SANTANDER","54405","LOS PATIOS","0.0046","KILOGRAMO"
"2024-06-15T00:00:00.000","11","BOGOTA D.C.","11001","BOGOTA D.C.","0.006","KILOGRAMO"
"2024-06-15T00:00:00.000","54","NORTE DE SANTANDER","54001","CUCUTA","0.024","KILOGRAMO"
"2024-06-14T00:00:00.000","05","ANTIOQUIA","05129","CALDAS","0.007","KILOGRAMO"
"2024-06-14T00:00:00.000","54","NORTE DE SANTANDER","54001","CUCUTA","0.0245","KILOGRAMO"
"2024-06-12T00:00:00.000","52","NARIÑO","52001","PASTO","0.11","KILOGRAMO"
"2024-06-10T00:00:00.000","52","NARIÑO","52224","CUASPUD CARLOSAMA","0.002","KILOGRAMO"
"2024-06-08T00:00:00.000","05","ANTIOQUIA","05001","MEDELLIN","0.012","KILOGRAMO"
"2024-06-06T00:00:00.000","76","VALLE DEL CAUCA","76147","CARTAGO","0.002","KILOGRAMO"
"2024-06-06T00:00:00.000","54","NORTE DE SANTANDER","54001","CUCUTA","0.051","KILOGRAMO"
"2024-06-06T00:00:00.000","52","NARIÑO","52720","SAPUYES","8.773","KILOGRAMO"
"2024-06-06T00:00:00.000","52","NARIÑO","52838","TUQUERRES","0.8","KILOGRAMO"
"2024-06-05T00:00:00.000","66","RISARALDA","66170","DOSQUEBRADAS","0.05","KILOGRAMO"
"2024-06-05T00:00:00.000","08","ATLANTICO","08001","BARRANQUILLA","0.004","KILOGRAMO"
"2024-06-01T00:00:00.000","76","VALLE DEL CAUCA","76520","PALMIRA","0.171","KILOGRAMO"
"2024-06-01T00:00:00.000","52","NARIÑO","52506","OSPINA","0.005","KILOGRAMO"
"2024-05-31T00:00:00.000","76","VALLE DEL CAUCA","76834","TULUA","0.011","KILOGRAMO"
"2024-05-30T00:00:00.000","52","NARIÑO","52001","PASTO","0.056","KILOGRAMO"
"2024-05-30T00:00:00.000","11","BOGOTA D.C.","11001","BOGOTA D.C.","0.004","KILOGRAMO"
"2024-05-30T00:00:00.000","05","ANTIOQUIA","05088","BELLO","0.013","KILOGRAMO"
"2024-05-29T00:00:00.000","21801","ECUADOR","2180101","ECUADOR","17.5","KILOGRAMO"
"2024-05-29T00:00:00.000","05","ANTIOQUIA","05380","LA ESTRELLA","0.011","KILOGRAMO"
"2024-05-28T00:00:00.000","66","RISARALDA","66001","PEREIRA","0.002","KILOGRAMO"
"2024-05-26T00:00:00.000","54","NORTE DE SANTANDER","54001","CUCUTA","0.0057","KILOGRAMO"
"2024-05-26T00:00:00.000","05","ANTIOQUIA","05318","GUARNE","0.06","KILOGRAMO"
"2024-05-25T00:00:00.000","15","BOYACA","15176","CHIQUINQUIRA","0.001","KILOGRAMO"
"2024-05-25T00:00:00.000","54","NORTE DE SANTANDER","54001","CUCUTA","0.0046","KILOGRAMO"
"2024-05-24T00:00:00.000","63","QUINDIO","63001","ARMENIA","0.0017","KILOGRAMO"
"2024-05-24T00:00:00.000","05","ANTIOQUIA","05001","MEDELLIN","0.0098","KILOGRAMO"
"2024-05-23T00:00:00.000","54","NORTE DE SANTANDER","54001","CUCUTA","0.0185","KILOGRAMO"
"2024-05-23T00:00:00.000","63","QUINDIO","63001","ARMENIA","0.002","KILOGRAMO"
"2024-05-22T00:00:00.000","66","RISARALDA","66001","PEREIRA","0.0023","KILOGRAMO"
"2024-05-22T00:00:00.000","05","ANTIOQUIA","05679","SANTA BARBARA","0.0501","KILOGRAMO"
"2024-05-21T00:00:00.000","05","ANTIOQUIA","05001","MEDELLIN","0.0011","KILOGRAMO"
"2024-05-19T00:00:00.000","63","QUINDIO","63001","ARMENIA","0.0012","KILOGRAMO"
"2024-05-19T00:00:00.000","11","BOGOTA D.C.","11001","BOGOTA D.C.","0.008","KILOGRAMO"
"2024-05-18T00:00:00.000","54","NORTE DE SANTANDER","54001","CUCUTA","0.018","KILOGRAMO"
"2024-05-18T00:00:00.000","05","ANTIOQUIA","05380","LA ESTRELLA","0.004","KILOGRAMO"
"2024-05-16T00:00:00.000","66","RISARALDA","66170","DOSQUEBRADAS","0.1","KILOGRAMO"
"2024-05-15T00:00:00.000","52","NARIÑO","52233","CUMBITARA","0.005","KILOGRAMO"
"2024-05-15T00:00:00.000","54","NORTE DE SANTANDER","54001","CUCUTA","0.0022","KILOGRAMO"
"2024-05-14T00:00:00.000","25","CUNDINAMARCA","25488","NILO","0.048","KILOGRAMO"
"2024-05-14T00:00:00.000","54","NORTE DE SANTANDER","54001","CUCUTA","0.0062","KILOGRAMO"
"2024-05-12T00:00:00.000","66","RISARALDA","66001","PEREIRA","0.012","KILOGRAMO"
"2024-05-11T00:00:00.000","52","NARIÑO","52022","ALDANA","0.0035","KILOGRAMO"
"2024-05-11T00:00:00.000","66","RISARALDA","66170","DOSQUEBRADAS","0.1","KILOGRAMO"
"2024-05-10T00:00:00.000","52","NARIÑO","52320","GUAITARILLA","0.001","KILOGRAMO"
"2024-05-08T00:00:00.000","52","NARIÑO","52110","BUESACO","53.5","KILOGRAMO"
"2024-05-08T00:00:00.000","54","NORTE DE SANTANDER","54001","CUCUTA","0.0029","KILOGRAMO"
"2024-05-07T00:00:00.000","05","ANTIOQUIA","05001","MEDELLIN","0.022","KILOGRAMO"
"2024-05-06T00:00:00.000","05","ANTIOQUIA","05001","MEDELLIN","0.0422","KILOGRAMO"
"2024-05-06T00:00:00.000","76","VALLE DEL CAUCA","76400","LA UNION","0.001","KILOGRAMO"
"2024-05-03T00:00:00.000","05","ANTIOQUIA","05001","MEDELLIN","0.0015","KILOGRAMO"
"2024-05-03T00:00:00.000","66","RISARALDA","66170","DOSQUEBRADAS","0.15","KILOGRAMO"
"2024-05-02T00:00:00.000","66","RISARALDA","66170","DOSQUEBRADAS","0.15","KILOGRAMO"
"2024-05-02T00:00:00.000","52","NARIÑO","52227","CUMBAL","0.002","KILOGRAMO"
"2024-05-02T00:00:00.000","05","ANTIOQUIA","05308","GIRARDOTA","0.06","KILOGRAMO"
"2024-05-01T00:00:00.000","63","QUINDIO","63001","ARMENIA","0.0029","KILOGRAMO"
"2024-04-30T00:00:00.000","54","NORTE DE SANTANDER","54001","CUCUTA","0.0031","KILOGRAMO"
"2024-04-29T00:00:00.000","52","NARIÑO","52110","BUESACO","18.5","KILOGRAMO"
"2024-04-26T00:00:00.000","11","BOGOTA D.C.","11001","BOGOTA D.C.","0.004","KILOGRAMO"
"2024-04-25T00:00:00.000","05","ANTIOQUIA","05390","LA PINTADA","0.047","KILOGRAMO"
"2024-04-24T00:00:00.000","19","CAUCA","19698","SANTANDER DE QUILICHAO","0.03","KILOGRAMO"
"2024-04-23T00:00:00.000","05","ANTIOQUIA","05001","MEDELLIN","0.005","KILOGRAMO"
"2024-04-23T00:00:00.000","05","ANTIOQUIA","05154","CAUCASIA","0.032","KILOGRAMO"
"2024-04-22T00:00:00.000","05","ANTIOQUIA","05001","MEDELLIN","0.003","KILOGRAMO"
"2024-04-20T00:00:00.000","25","CUNDINAMARCA","25335","GUAYABETAL","0.052","KILOGRAMO"
"2024-04-20T00:00:00.000","54","NORTE DE SANTANDER","54405","LOS PATIOS","0.0011","KILOGRAMO"
"2024-04-19T00:00:00.000","17","CALDAS","17001","MANIZALES","0.072","KILOGRAMO"
"2024-04-19T00:00:00.000","47","MAGDALENA","47245","EL BANCO","0.036","KILOGRAMO"
"2024-04-18T00:00:00.000","08","ATLANTICO","08638","SABANALARGA","0.05","KILOGRAMO"
"2024-04-18T00:00:00.000","54","NORTE DE SANTANDER","54001","CUCUTA","0.0035","KILOGRAMO"
"2024-04-18T00:00:00.000","66","RISARALDA","66001","PEREIRA","0.002","KILOGRAMO"
"2024-04-17T00:00:00.000","05","ANTIOQUIA","05001","MEDELLIN","0.00090","KILOGRAMO"
"2024-04-17T00:00:00.000","63","QUINDIO","63001","ARMENIA","0.1874","KILOGRAMO"
"2024-04-16T00:00:00.000","54","NORTE DE SANTANDER","54001","CUCUTA","0.0986","KILOGRAMO"
"2024-04-16T00:00:00.000","05","ANTIOQUIA","05001","MEDELLIN","0.009","KILOGRAMO"
"2024-04-15T00:00:00.000","66","RISARALDA","66001","PEREIRA","0.00050","KILOGRAMO"
"2024-04-14T00:00:00.000","52","NARIÑO","52435","MALLAMA","0.006","KILOGRAMO"
"2024-04-11T00:00:00.000","52","NARIÑO","52838","TUQUERRES","0.016","KILOGRAMO"
"2024-04-11T00:00:00.000","05","ANTIOQUIA","05690","SANTO DOMINGO","0.07","KILOGRAMO"
"2024-04-11T00:00:00.000","52","NARIÑO","52356","IPIALES","0.005","KILOGRAMO"
"2024-04-10T00:00:00.000","76","VALLE DEL CAUCA","76147","CARTAGO","0.01","KILOGRAMO"
"2024-04-10T00:00:00.000","52","NARIÑO","52565","PROVIDENCIA","5.2","KILOGRAMO"
"2024-04-10T00:00:00.000","05","ANTIOQUIA","05001","MEDELLIN","0.1116","KILOGRAMO"
"2024-04-09T00:00:00.000","05","ANTIOQUIA","05360","ITAGUI","0.013","KILOGRAMO"
"2024-04-09T00:00:00.000","54","NORTE DE SANTANDER","54405","LOS PATIOS","0.0052","KILOGRAMO"
"2024-04-08T00:00:00.000","25","CUNDINAMARCA","25175","CHIA","0.014","KILOGRAMO"
"2024-04-08T00:00:00.000","05","ANTIOQUIA","05001","MEDELLIN","0.012","KILOGRAMO"
"2024-04-07T00:00:00.000","08","ATLANTICO","08001","BARRANQUILLA","0.002","KILOGRAMO"
"2024-04-06T00:00:00.000","54","NORTE DE SANTANDER","54001","CUCUTA","0.0049","KILOGRAMO"
"2024-04-06T00:00:00.000","52","NARIÑO","52378","LA CRUZ","0.004","KILOGRAMO"
"2024-04-06T00:00:00.000","11","BOGOTA D.C.","11001","BOGOTA D.C.","0.006","KILOGRAMO"
"2024-04-05T00:00:00.000","52","NARIÑO","52356","IPIALES","0.009","KILOGRAMO"
"2024-04-05T00:00:00.000","11","BOGOTA D.C.","11001","BOGOTA D.C.","0.043","KILOGRAMO"
"2024-04-05T00:00:00.000","05","ANTIOQUIA","05318","GUARNE","0.006","KILOGRAMO"
"2024-04-05T00:00:00.000","17","CALDAS","17442","MARMATO","0.095","KILOGRAMO"
"2024-04-05T00:00:00.000","52","NARIÑO","52317","GUACHUCAL","0.003","KILOGRAMO"
"2024-04-04T00:00:00.000","76","VALLE DEL CAUCA","76111","GUADALAJARA DE BUGA","0.017","KILOGRAMO"
"2024-04-04T00:00:00.000","54","NORTE DE SANTANDER","54001","CUCUTA","0.04","KILOGRAMO"
"2024-04-04T00:00:00.000","54","NORTE DE SANTANDER","54874","VILLA DEL ROSARIO","0.0062","KILOGRAMO"
"2024-04-03T00:00:00.000","52","NARIÑO","52585","PUPIALES","0.021","KILOGRAMO"
"2024-04-03T00:00:00.000","66","RISARALDA","66170","DOSQUEBRADAS","0.0074","KILOGRAMO"
"2024-04-02T00:00:00.000","05","ANTIOQUIA","05001","MEDELLIN","0.027","KILOGRAMO"
"2024-04-01T00:00:00.000","54","NORTE DE SANTANDER","54405","LOS PATIOS","0.0046","KILOGRAMO"
"2024-04-01T00:00:00.000","66","RISARALDA","66170","DOSQUEBRADAS","0.09","KILOGRAMO"
"2024-03-31T00:00:00.000","52","NARIÑO","52378","LA CRUZ","0.002","KILOGRAMO"
"2024-03-29T00:00:00.000","54","NORTE DE SANTANDER","54001","CUCUTA","0.003","KILOGRAMO"
"2024-03-26T00:00:00.000","52","NARIÑO","52835","SAN ANDRES DE TUMACO","0.004","KILOGRAMO"
"2024-03-25T00:00:00.000","54","NORTE DE SANTANDER","54001","CUCUTA","0.0479","KILOGRAMO"
"2024-03-22T00:00:00.000","52","NARIÑO","52210","CONTADERO","0.001","KILOGRAMO"
"2024-03-22T00:00:00.000","66","RISARALDA","66170","DOSQUEBRADAS","0.08","KILOGRAMO"
"2024-03-20T00:00:00.000","73","TOLIMA","73283","FRESNO","0.005","KILOGRAMO"
"2024-03-19T00:00:00.000","76","VALLE DEL CAUCA","76400","LA UNION","0.002","KILOGRAMO"
"2024-03-19T00:00:00.000","81","ARAUCA","81001","ARAUCA","0.005","KILOGRAMO"
"2024-03-19T00:00:00.000","11","BOGOTA D.C.","11001","BOGOTA D.C.","0.006","KILOGRAMO"
"2024-03-19T00:00:00.000","54","NORTE DE SANTANDER","54001","CUCUTA","0.00030","KILOGRAMO"
"2024-03-18T00:00:00.000","66","RISARALDA","66170","DOSQUEBRADAS","0.0105","KILOGRAMO"
"2024-03-18T00:00:00.000","05","ANTIOQUIA","05237","DONMATIAS","0.04","KILOGRAMO"
"2024-03-17T00:00:00.000","05","ANTIOQUIA","05001","MEDELLIN","0.0173","KILOGRAMO"
"2024-03-17T00:00:00.000","54","NORTE DE SANTANDER","54405","LOS PATIOS","0.0025","KILOGRAMO"
"2024-03-16T00:00:00.000","52","NARIÑO","52678","SAMANIEGO","0.006","KILOGRAMO"
"2024-03-16T00:00:00.000","54","NORTE DE SANTANDER","54001","CUCUTA","0.025","KILOGRAMO"
"2024-03-15T00:00:00.000","54","NORTE DE SANTANDER","54001","CUCUTA","0.005","KILOGRAMO"
"2024-03-15T00:00:00.000","52","NARIÑO","52435","MALLAMA","4","KILOGRAMO"
"2024-03-14T00:00:00.000","68","SANTANDER","68081","BARRANCABERMEJA","0.58","KILOGRAMO"
"2024-03-14T00:00:00.000","52","NARIÑO","52260","EL TAMBO","0.01","KILOGRAMO"
"2024-03-14T00:00:00.000","05","ANTIOQUIA","05001","MEDELLIN","0.0015","KILOGRAMO"
"2024-03-13T00:00:00.000","54","NORTE DE SANTANDER","54001","CUCUTA","0.01","KILOGRAMO"
"2024-03-13T00:00:00.000","66","RISARALDA","66170","DOSQUEBRADAS","0.03","KILOGRAMO"
"2024-03-12T00:00:00.000","08","ATLANTICO","08001","BARRANQUILLA","0.007","KILOGRAMO"
"2024-03-12T00:00:00.000","52","NARIÑO","52612","RICAURTE","0.002","KILOGRAMO"
"2024-03-12T00:00:00.000","54","NORTE DE SANTANDER","54405","LOS PATIOS","0.001","KILOGRAMO"
"2024-03-12T00:00:00.000","05","ANTIOQUIA","05001","MEDELLIN","0.0014","KILOGRAMO"
"2024-03-11T00:00:00.000","76","VALLE DEL CAUCA","76400","LA UNION","0.002","KILOGRAMO"
"2024-03-10T00:00:00.000","05","ANTIOQUIA","05615","RIONEGRO","6.686","KILOGRAMO"
"2024-03-10T00:00:00.000","52","NARIÑO","52720","SAPUYES","0.003","KILOGRAMO"
"2024-03-10T00:00:00.000","11","BOGOTA D.C.","11001","BOGOTA D.C.","0.015","KILOGRAMO"
"2024-03-08T00:00:00.000","05","ANTIOQUIA","05001","MEDELLIN","0.008","KILOGRAMO"
"2024-03-08T00:00:00.000","05","ANTIOQUIA","05088","BELLO","0.01","KILOGRAMO"
"2024-03-07T00:00:00.000","05","ANTIOQUIA","05001","MEDELLIN","0.003","KILOGRAMO"
"2024-03-07T00:00:00.000","25","CUNDINAMARCA","25430","MADRID","0.126","KILOGRAMO"
"2024-03-06T00:00:00.000","63","QUINDIO","63001","ARMENIA","0.001","KILOGRAMO"
"2024-03-05T00:00:00.000","54","NORTE DE SANTANDER","54001","CUCUTA","0.001","KILOGRAMO"
"2024-03-04T00:00:00.000","54","NORTE DE SANTANDER","54405","LOS PATIOS","0.002","KILOGRAMO"
"2024-03-03T00:00:00.000","11","BOGOTA D.C.","11001","BOGOTA D.C.","0.012","KILOGRAMO"
"2024-03-03T00:00:00.000","54","NORTE DE SANTANDER","54001","CUCUTA","0.0015","KILOGRAMO"
"2024-03-03T00:00:00.000","05","ANTIOQUIA","05001","MEDELLIN","0.0071","KILOGRAMO"
"2024-03-01T00:00:00.000","66","RISARALDA","66001","PEREIRA","0.029","KILOGRAMO"
"2024-03-01T00:00:00.000","08","ATLANTICO","08001","BARRANQUILLA","0.005","KILOGRAMO"
"2024-02-29T00:00:00.000","05","ANTIOQUIA","05001","MEDELLIN","0.005","KILOGRAMO"
"2024-02-29T00:00:00.000","54","NORTE DE SANTANDER","54518","PAMPLONA","0.044","KILOGRAMO"
"2024-02-28T00:00:00.000","66","RISARALDA","66001","PEREIRA","0.01","KILOGRAMO"
"2024-02-27T00:00:00.000","54","NORTE DE SANTANDER","54001","CUCUTA","0.0015","KILOGRAMO"
"2024-02-25T00:00:00.000","52","NARIÑO","52838","TUQUERRES","0.01","KILOGRAMO"
"2024-02-25T00:00:00.000","66","RISARALDA","66170","DOSQUEBRADAS","0.0223","KILOGRAMO"
"2024-02-24T00:00:00.000","05","ANTIOQUIA","05615","RIONEGRO","2.884","KILOGRAMO"
"2024-02-23T00:00:00.000","52","NARIÑO","52356","IPIALES","5.515","KILOGRAMO"
"2024-02-23T00:00:00.000","52","NARIÑO","52683","SANDONA","0.002","KILOGRAMO"
"2024-02-22T00:00:00.000","05","ANTIOQUIA","05266","ENVIGADO","0.007","KILOGRAMO"
"2024-02-21T00:00:00.000","54","NORTE DE SANTANDER","54405","LOS PATIOS","0.0042","KILOGRAMO"
"2024-02-21T00:00:00.000","54","NORTE DE SANTANDER","54001","CUCUTA","0.0019","KILOGRAMO"
"2024-02-20T00:00:00.000","05","ANTIOQUIA","05001","MEDELLIN","0.001","KILOGRAMO"
"2024-02-20T00:00:00.000","54","NORTE DE SANTANDER","54001","CUCUTA","0.0016","KILOGRAMO"
"2024-02-20T00:00:00.000","54","NORTE DE SANTANDER","54405","LOS PATIOS","0.001","KILOGRAMO"
"2024-02-20T00:00:00.000","52","NARIÑO","52001","PASTO","0.007","KILOGRAMO"
"2024-02-20T00:00:00.000","76","VALLE DEL CAUCA","76001","CALI","0.00939","KILOGRAMO"
"2024-02-20T00:00:00.000","25","CUNDINAMARCA","25320","GUADUAS","0.0222","KILOGRAMO"
"2024-02-18T00:00:00.000","54","NORTE DE SANTANDER","54001","CUCUTA","0.0079","KILOGRAMO"
"2024-02-16T00:00:00.000","05","ANTIOQUIA","05001","MEDELLIN","0.0091","KILOGRAMO"
"2024-02-16T00:00:00.000","66","RISARALDA","66400","LA VIRGINIA","0.01","KILOGRAMO"
"2024-02-15T00:00:00.000","52","NARIÑO","52399","LA UNION","0.006","KILOGRAMO"
"2024-02-15T00:00:00.000","54","NORTE DE SANTANDER","54001","CUCUTA","0.0057","KILOGRAMO"
"2024-02-14T00:00:00.000","25","CUNDINAMARCA","25743","SILVANIA","0.005","KILOGRAMO"
"2024-02-14T00:00:00.000","52","NARIÑO","52110","BUESACO","0.003","KILOGRAMO"
"2024-02-14T00:00:00.000","54","NORTE DE SANTANDER","54261","EL ZULIA","0.002","KILOGRAMO"
"2024-02-14T00:00:00.000","05","ANTIOQUIA","05001","MEDELLIN","0.0023","KILOGRAMO"
"2024-02-12T00:00:00.000","63","QUINDIO","63001","ARMENIA","0.076","KILOGRAMO"
"2024-02-12T00:00:00.000","05","ANTIOQUIA","05631","SABANETA","0.026","KILOGRAMO"
"2024-02-12T00:00:00.000","52","NARIÑO","52110","BUESACO","0.059","KILOGRAMO"
"2024-02-12T00:00:00.000","54","NORTE DE SANTANDER","54001","CUCUTA","0.0023","KILOGRAMO"
"2024-02-11T00:00:00.000","11","BOGOTA D.C.","11001","BOGOTA D.C.","0.02","KILOGRAMO"
"2024-02-10T00:00:00.000","05","ANTIOQUIA","05001","MEDELLIN","0.008","KILOGRAMO"
"2024-02-09T00:00:00.000","52","NARIÑO","52678","SAMANIEGO","0.006","KILOGRAMO"
"2024-02-09T00:00:00.000","52","NARIÑO","52258","EL TABLON DE GOMEZ","9","KILOGRAMO"
"2024-02-09T00:00:00.000","66","RISARALDA","66001","PEREIRA","0.0024","KILOGRAMO"
"2024-02-08T00:00:00.000","52","NARIÑO","52019","ALBAN","0.002","KILOGRAMO"
"2024-02-07T00:00:00.000","63","QUINDIO","63001","ARMENIA","0.002","KILOGRAMO"
"2024-02-07T00:00:00.000","54","NORTE DE SANTANDER","54001","CUCUTA","0.0174","KILOGRAMO"
"2024-02-06T00:00:00.000","66","RISARALDA","66001","PEREIRA","0.00020","KILOGRAMO"
"2024-02-06T00:00:00.000","54","NORTE DE SANTANDER","54001","CUCUTA","0.005","KILOGRAMO"
"2024-02-05T00:00:00.000","05","ANTIOQUIA","05001","MEDELLIN","0.009","KILOGRAMO"
"2024-02-05T00:00:00.000","66","RISARALDA","66001","PEREIRA","0.0098","KILOGRAMO"
"2024-02-05T00:00:00.000","54","NORTE DE SANTANDER","54001","CUCUTA","0.0037","KILOGRAMO"
"2024-02-04T00:00:00.000","05","ANTIOQUIA","05001","MEDELLIN","0.0052","KILOGRAMO"
"2024-02-04T00:00:00.000","54","NORTE DE SANTANDER","54001","CUCUTA","0.015","KILOGRAMO"
"2024-02-04T00:00:00.000","81","ARAUCA","81001","ARAUCA","0.002","KILOGRAMO"
"2024-02-02T00:00:00.000","25","CUNDINAMARCA","25290","FUSAGASUGA","0.005","KILOGRAMO"
"2024-02-02T00:00:00.000","23","CORDOBA","23555","PLANETA RICA","0.1","KILOGRAMO"
"2024-01-31T00:00:00.000","54","NORTE DE SANTANDER","54743","SILOS","0.008","KILOGRAMO"
"2024-01-31T00:00:00.000","17","CALDAS","17088","BELALCAZAR","0.115","KILOGRAMO"
"2024-01-30T00:00:00.000","52","NARIÑO","52385","LA LLANADA","0.005","KILOGRAMO"
"2024-01-30T00:00:00.000","05","ANTIOQUIA","05001","MEDELLIN","0.0027","KILOGRAMO"
"2024-01-30T00:00:00.000","66","RISARALDA","66170","DOSQUEBRADAS","0.0025","KILOGRAMO"
"2024-01-29T00:00:00.000","54","NORTE DE SANTANDER","54001","CUCUTA","0.0015","KILOGRAMO"
"2024-01-29T00:00:00.000","13","BOLIVAR","13442","MARIA LA BAJA","0.002","KILOGRAMO"
"2024-01-28T00:00:00.000","66","RISARALDA","66170","DOSQUEBRADAS","0.0061","KILOGRAMO"
"2024-01-27T00:00:00.000","05","ANTIOQUIA","05266","ENVIGADO","0.001","KILOGRAMO"
"2024-01-27T00:00:00.000","66","RISARALDA","66170","DOSQUEBRADAS","0.074","KILOGRAMO"
"2024-01-26T00:00:00.000","11","BOGOTA D.C.","11001","BOGOTA D.C.","0.003","KILOGRAMO"
"2024-01-26T00:00:00.000","05","ANTIOQUIA","05129","CALDAS","0.00040","KILOGRAMO"
"2024-01-25T00:00:00.000","66","RISARALDA","66170","DOSQUEBRADAS","0.05","KILOGRAMO"
"2024-01-25T00:00:00.000","17","CALDAS","17380","LA DORADA","0.02","KILOGRAMO"
"2024-01-24T00:00:00.000","05","ANTIOQUIA","05212","COPACABANA","0.02","KILOGRAMO"
"2024-01-23T00:00:00.000","05","ANTIOQUIA","05088","BELLO","0.15","KILOGRAMO"
"2024-01-23T00:00:00.000","54","NORTE DE SANTANDER","54001","CUCUTA","0.0014","KILOGRAMO"
"2024-01-23T00:00:00.000","05","ANTIOQUIA","05001","MEDELLIN","0.0048","KILOGRAMO"
"2024-01-20T00:00:00.000","54","NORTE DE SANTANDER","54001","CUCUTA","0.0018","KILOGRAMO"
"2024-01-20T00:00:00.000","25","CUNDINAMARCA","25743","SILVANIA","0.005","KILOGRAMO"
"2024-01-19T00:00:00.000","54","NORTE DE SANTANDER","54001","CUCUTA","0.0062","KILOGRAMO"
"2024-01-19T00:00:00.000","81","ARAUCA","81001","ARAUCA","0.03","KILOGRAMO"
"2024-01-19T00:00:00.000","66","RISARALDA","66001","PEREIRA","0.0017","KILOGRAMO"
"2024-01-19T00:00:00.000","25","CUNDINAMARCA","25290","FUSAGASUGA","0.005","KILOGRAMO"
"2024-01-18T00:00:00.000","63","QUINDIO","63001","ARMENIA","0.166","KILOGRAMO"
"2024-01-17T00:00:00.000","05","ANTIOQUIA","05001","MEDELLIN","0.004","KILOGRAMO"
"2024-01-16T00:00:00.000","54","NORTE DE SANTANDER","54001","CUCUTA","0.0035","KILOGRAMO"
"2024-01-15T00:00:00.000","54","NORTE DE SANTANDER","54001","CUCUTA","0.0072","KILOGRAMO"
"2024-01-09T00:00:00.000","54","NORTE DE SANTANDER","54001","CUCUTA","0.0012","KILOGRAMO"
"2024-01-03T00:00:00.000","54","NORTE DE SANTANDER","54001","CUCUTA","0.012","KILOGRAMO"
"2023-12-31T00:00:00.000","18","CAQUETA","18001","FLORENCIA","0.005","KILOGRAMO"
"2023-12-16T00:00:00.000","52","NARIÑO","52683","SANDONA","0.002","KILOGRAMO"
"2023-12-07T00:00:00.000","11","BOGOTA D.C.","11001","BOGOTA D.C.","0.005","KILOGRAMO"
"2023-12-06T00:00:00.000","63","QUINDIO","63470","MONTENEGRO","0.001","KILOGRAMO"
"2023-12-04T00:00:00.000","66","RISARALDA","66170","DOSQUEBRADAS","0.015","KILOGRAMO"
"2023-12-04T00:00:00.000","08","ATLANTICO","08001","BARRANQUILLA","0.007","KILOGRAMO"
"2023-12-02T00:00:00.000","52","NARIÑO","52250","EL CHARCO","0.001","KILOGRAMO"
"2023-12-01T00:00:00.000","66","RISARALDA","66400","LA VIRGINIA","0.007","KILOGRAMO"
"2023-11-29T00:00:00.000","54","NORTE DE SANTANDER","54001","CUCUTA","0.0075","KILOGRAMO"
"2023-11-28T00:00:00.000","52","NARIÑO","52678","SAMANIEGO","0.007","KILOGRAMO"
"2023-11-25T00:00:00.000","66","RISARALDA","66170","DOSQUEBRADAS","0.04","KILOGRAMO"
"2023-11-24T00:00:00.000","05","ANTIOQUIA","05001","MEDELLIN","0.009","KILOGRAMO"
"2023-11-22T00:00:00.000","52","NARIÑO","52435","MALLAMA","0.16","KILOGRAMO"
"2023-11-17T00:00:00.000","08","ATLANTICO","08001","BARRANQUILLA","0.001","KILOGRAMO"
"2023-11-17T00:00:00.000","76","VALLE DEL CAUCA","76520","PALMIRA","1.1","KILOGRAMO"
"2023-11-15T00:00:00.000","05","ANTIOQUIA","05308","GIRARDOTA","0.002","KILOGRAMO"
"2023-11-13T00:00:00.000","66","RISARALDA","66170","DOSQUEBRADAS","0.072","KILOGRAMO"
"2023-11-08T00:00:00.000","25","CUNDINAMARCA","25843","VILLA DE SAN DIEGO DE UBATE","0.001","KILOGRAMO"
"2023-11-05T00:00:00.000","66","RISARALDA","66170","DOSQUEBRADAS","0.1","KILOGRAMO"
"2023-11-04T00:00:00.000","08","ATLANTICO","08001","BARRANQUILLA","0.002","KILOGRAMO"
"2023-11-03T00:00:00.000","25","CUNDINAMARCA","25743","SILVANIA","0.0031","KILOGRAMO"
"2023-11-03T00:00:00.000","05","ANTIOQUIA","05001","MEDELLIN","0.06","KILOGRAMO"
"2023-11-03T00:00:00.000","54","NORTE DE SANTANDER","54874","VILLA DEL ROSARIO","0.0025","KILOGRAMO"
"2023-11-02T00:00:00.000","05","ANTIOQUIA","05318","GUARNE","0.071","KILOGRAMO"
"2023-10-31T00:00:00.000","05","ANTIOQUIA","05001","MEDELLIN","0.0125","KILOGRAMO"
"2023-10-28T00:00:00.000","54","NORTE DE SANTANDER","54001","CUCUTA","0.0035","KILOGRAMO"
"2023-10-27T00:00:00.000","54","NORTE DE SANTANDER","54001","CUCUTA","0.0035","KILOGRAMO"
"2023-10-23T00:00:00.000","05","ANTIOQUIA","05079","BARBOSA","0.0167","KILOGRAMO"
"2023-10-22T00:00:00.000","76","VALLE DEL CAUCA","76520","PALMIRA","10.675","KILOGRAMO"
"2023-10-22T00:00:00.000","76","VALLE DEL CAUCA","76001","CALI","0.03","KILOGRAMO"
"2023-10-21T00:00:00.000","54","NORTE DE SANTANDER","54001","CUCUTA","0.014","KILOGRAMO"
"2023-10-21T00:00:00.000","66","RISARALDA","66170","DOSQUEBRADAS","0.0752","KILOGRAMO"
"2023-10-20T00:00:00.000","76","VALLE DEL CAUCA","76001","CALI","0.01292","KILOGRAMO"
"2023-10-19T00:00:00.000","52","NARIÑO","52110","BUESACO","0.2","KILOGRAMO"
"2023-10-18T00:00:00.000","73","TOLIMA","73283","FRESNO","0.004","KILOGRAMO"
"2023-10-18T00:00:00.000","66","RISARALDA","66170","DOSQUEBRADAS","0.04","KILOGRAMO"
"2023-10-18T00:00:00.000","54","NORTE DE SANTANDER","54001","CUCUTA","0.0054","KILOGRAMO"
"2023-10-17T00:00:00.000","52","NARIÑO","52250","EL CHARCO","0.001","KILOGRAMO"
"2023-10-16T00:00:00.000","66","RISARALDA","66170","DOSQUEBRADAS","0.05","KILOGRAMO"
"2023-10-14T00:00:00.000","54","NORTE DE SANTANDER","54001","CUCUTA","0.0011","KILOGRAMO"
"2023-10-12T00:00:00.000","54","NORTE DE SANTANDER","54874","VILLA DEL ROSARIO","0.005","KILOGRAMO"
"2023-10-12T00:00:00.000","52","NARIÑO","52110","BUESACO","30.3","KILOGRAMO"
"2023-10-12T00:00:00.000","54","NORTE DE SANTANDER","54405","LOS PATIOS","0.007","KILOGRAMO"
"2023-10-11T00:00:00.000","63","QUINDIO","63001","ARMENIA","0.004","KILOGRAMO"
"2023-10-09T00:00:00.000","05","ANTIOQUIA","05266","ENVIGADO","0.0015","KILOGRAMO"
"2023-10-08T00:00:00.000","54","NORTE DE SANTANDER","54001","CUCUTA","0.0044","KILOGRAMO"
"2023-10-07T00:00:00.000","54","NORTE DE SANTANDER","54001","CUCUTA","0.0065","KILOGRAMO"
"2023-10-06T00:00:00.000","54","NORTE DE SANTANDER","54001","CUCUTA","0.005","KILOGRAMO"
"2023-10-06T00:00:00.000","66","RISARALDA","66170","DOSQUEBRADAS","0.003","KILOGRAMO"
"2023-10-04T00:00:00.000","05","ANTIOQUIA","05001","MEDELLIN","0.0035","KILOGRAMO"
"2023-10-04T00:00:00.000","54","NORTE DE SANTANDER","54001","CUCUTA","0.0015","KILOGRAMO"
"2023-10-04T00:00:00.000","54","NORTE DE SANTANDER","54874","VILLA DEL ROSARIO","0.0021","KILOGRAMO"
"2023-10-03T00:00:00.000","54","NORTE DE SANTANDER","54001","CUCUTA","0.0017","KILOGRAMO"
"2023-10-03T00:00:00.000","05","ANTIOQUIA","05001","MEDELLIN","0.0166","KILOGRAMO"
"2023-10-03T00:00:00.000","66","RISARALDA","66001","PEREIRA","0.028","KILOGRAMO"
"2023-10-01T00:00:00.000","54","NORTE DE SANTANDER","54001","CUCUTA","0.008","KILOGRAMO"
"2023-09-28T00:00:00.000","54","NORTE DE SANTANDER","54874","VILLA DEL ROSARIO","0.0025","KILOGRAMO"
"2023-09-28T00:00:00.000","05","ANTIOQUIA","05001","MEDELLIN","0.0026","KILOGRAMO"
"2023-09-28T00:00:00.000","52","NARIÑO","52110","BUESACO","38.325","KILOGRAMO"
"2023-09-27T00:00:00.000","52","NARIÑO","52720","SAPUYES","0.003","KILOGRAMO"
"2023-09-24T00:00:00.000","08","ATLANTICO","08001","BARRANQUILLA","0.016","KILOGRAMO"
"2023-09-23T00:00:00.000","50","META","50001","VILLAVICENCIO","0.002","KILOGRAMO"
"2023-09-22T00:00:00.000","54","NORTE DE SANTANDER","54405","LOS PATIOS","0.0085","KILOGRAMO"
"2023-09-21T00:00:00.000","11","BOGOTA D.C.","11001","BOGOTA D.C.","0.02","KILOGRAMO"
"2023-09-20T00:00:00.000","54","NORTE DE SANTANDER","54874","VILLA DEL ROSARIO","0.001","KILOGRAMO"
"2023-09-16T00:00:00.000","52","NARIÑO","52683","SANDONA","0.001","KILOGRAMO"
"2023-09-15T00:00:00.000","25","CUNDINAMARCA","25290","FUSAGASUGA","0.002","KILOGRAMO"
"2023-09-14T00:00:00.000","25","CUNDINAMARCA","25178","CHIPAQUE","0.232","KILOGRAMO"
"2023-09-14T00:00:00.000","15","BOYACA","15176","CHIQUINQUIRA","0.0022","KILOGRAMO"
"2023-09-14T00:00:00.000","11","BOGOTA D.C.","11001","BOGOTA D.C.","0.925","KILOGRAMO"
"2023-09-14T00:00:00.000","54","NORTE DE SANTANDER","54405","LOS PATIOS","0.0014","KILOGRAMO"
"2023-09-13T00:00:00.000","54","NORTE DE SANTANDER","54001","CUCUTA","0.001","KILOGRAMO"
"2023-09-12T00:00:00.000","54","NORTE DE SANTANDER","54001","CUCUTA","0.0051","KILOGRAMO"
"2023-09-11T00:00:00.000","54","NORTE DE SANTANDER","54001","CUCUTA","0.0047","KILOGRAMO"
"2023-09-10T00:00:00.000","54","NORTE DE SANTANDER","54001","CUCUTA","0.0021","KILOGRAMO"
"2023-09-09T00:00:00.000","66","RISARALDA","66170","DOSQUEBRADAS","0.005","KILOGRAMO"
"2023-09-09T00:00:00.000","52","NARIÑO","52001","PASTO","0.005","KILOGRAMO"
"2023-09-09T00:00:00.000","54","NORTE DE SANTANDER","54001","CUCUTA","0.0031","KILOGRAMO"
"2023-09-08T00:00:00.000","54","NORTE DE SANTANDER","54518","PAMPLONA","0.0029","KILOGRAMO"
"2023-09-07T00:00:00.000","54","NORTE DE SANTANDER","54001","CUCUTA","0.0035","KILOGRAMO"
"2023-09-07T00:00:00.000","05","ANTIOQUIA","05001","MEDELLIN","0.085","KILOGRAMO"
"2023-09-07T00:00:00.000","54","NORTE DE SANTANDER","54673","SAN CAYETANO","0.0025","KILOGRAMO"
"2023-09-05T00:00:00.000","54","NORTE DE SANTANDER","54001","CUCUTA","0.0068","KILOGRAMO"
"2023-09-04T00:00:00.000","66","RISARALDA","66170","DOSQUEBRADAS","0.0015","KILOGRAMO"
"2023-09-03T00:00:00.000","66","RISARALDA","66170","DOSQUEBRADAS","0.03","KILOGRAMO"
"2023-09-01T00:00:00.000","52","NARIÑO","52001","PASTO","8.5","KILOGRAMO"
"2023-08-31T00:00:00.000","54","NORTE DE SANTANDER","54261","EL ZULIA","0.0023","KILOGRAMO"
"2023-08-30T00:00:00.000","08","ATLANTICO","08638","SABANALARGA","0.01","KILOGRAMO"
"2023-08-30T00:00:00.000","84001","ESTADOS UNIDOS DE AMERICA","8400101","ESTADOS UNIDOS DE AMERICA","2.3","KILOGRAMO"
"2023-08-30T00:00:00.000","76","VALLE DEL CAUCA","76001","CALI","0.253","KILOGRAMO"
"2023-08-28T00:00:00.000","54","NORTE DE SANTANDER","54001","CUCUTA","0.0035","KILOGRAMO"
"2023-08-26T00:00:00.000","05","ANTIOQUIA","05001","MEDELLIN","0.0018","KILOGRAMO"
"2023-08-26T00:00:00.000","54","NORTE DE SANTANDER","54001","CUCUTA","0.0042","KILOGRAMO"
"2023-08-24T00:00:00.000","63","QUINDIO","63470","MONTENEGRO","0.001","KILOGRAMO"
"2023-08-23T00:00:00.000","05","ANTIOQUIA","05001","MEDELLIN","0.002","KILOGRAMO"
"2023-08-23T00:00:00.000","81","ARAUCA","81001","ARAUCA","0.005","KILOGRAMO"
"2023-08-22T00:00:00.000","05","ANTIOQUIA","05001","MEDELLIN","0.012","KILOGRAMO"
"2023-08-22T00:00:00.000","11","BOGOTA D.C.","11001","BOGOTA D.C.","0.105","KILOGRAMO"
"2023-08-21T00:00:00.000","54","NORTE DE SANTANDER","54001","CUCUTA","0.0033","KILOGRAMO"
"2023-08-19T00:00:00.000","66","RISARALDA","66170","DOSQUEBRADAS","0.0099","KILOGRAMO"
"2023-08-19T00:00:00.000","52","NARIÑO","52110","BUESACO","0.042","KILOGRAMO"
"2023-08-19T00:00:00.000","54","NORTE DE SANTANDER","54001","CUCUTA","0.0018","KILOGRAMO"
"2023-08-17T00:00:00.000","54","NORTE DE SANTANDER","54001","CUCUTA","0.0043","KILOGRAMO"
"2023-08-16T00:00:00.000","54","NORTE DE SANTANDER","54001","CUCUTA","0.001","KILOGRAMO"
"2023-08-16T00:00:00.000","05","ANTIOQUIA","05679","SANTA BARBARA","0.07","KILOGRAMO"
"2023-08-14T00:00:00.000","50","META","50006","ACACIAS","0.151","KILOGRAMO"
"2023-08-14T00:00:00.000","54","NORTE DE SANTANDER","54001","CUCUTA","0.013","KILOGRAMO"
"2023-08-14T00:00:00.000","54","NORTE DE SANTANDER","54405","LOS PATIOS","0.009","KILOGRAMO"
"2023-08-13T00:00:00.000","11","BOGOTA D.C.","11001","BOGOTA D.C.","0.021","KILOGRAMO"
"2023-08-12T00:00:00.000","54","NORTE DE SANTANDER","54001","CUCUTA","0.003","KILOGRAMO"
"2023-08-09T00:00:00.000","54","NORTE DE SANTANDER","54001","CUCUTA","0.004","KILOGRAMO"
"2023-08-07T00:00:00.000","05","ANTIOQUIA","05001","MEDELLIN","0.005","KILOGRAMO"
"2023-08-05T00:00:00.000","54","NORTE DE SANTANDER","54001","CUCUTA","0.0026","KILOGRAMO"
"2023-08-05T00:00:00.000","54","NORTE DE SANTANDER","54405","LOS PATIOS","0.0023","KILOGRAMO"
"2023-08-04T00:00:00.000","05","ANTIOQUIA","05360","ITAGUI","0.023","KILOGRAMO"
"2023-08-04T00:00:00.000","54","NORTE DE SANTANDER","54001","CUCUTA","0.0046","KILOGRAMO"
"2023-08-02T00:00:00.000","52","NARIÑO","52110","BUESACO","9.806","KILOGRAMO"
"2023-08-02T00:00:00.000","05","ANTIOQUIA","05360","ITAGUI","0.02","KILOGRAMO"
"2023-07-30T00:00:00.000","05","ANTIOQUIA","05001","MEDELLIN","0.015","KILOGRAMO"
"2023-07-29T00:00:00.000","08","ATLANTICO","08001","BARRANQUILLA","0.003","KILOGRAMO"
"2023-07-29T00:00:00.000","54","NORTE DE SANTANDER","54001","CUCUTA","0.0035","KILOGRAMO"
"2023-07-28T00:00:00.000","52","NARIÑO","52001","PASTO","1.835","KILOGRAMO"
"2023-07-28T00:00:00.000","52","NARIÑO","52612","RICAURTE","0.001","KILOGRAMO"
"2023-07-27T00:00:00.000","63","QUINDIO","63001","ARMENIA","0.073","KILOGRAMO"
"2023-07-27T00:00:00.000","19","CAUCA","19532","PATIA","1.05","KILOGRAMO"
"2023-07-27T00:00:00.000","44","LA GUAJIRA","44430","MAICAO","0.019","KILOGRAMO"
"2023-07-26T00:00:00.000","08","ATLANTICO","08638","SABANALARGA","0.092","KILOGRAMO"
"2023-07-26T00:00:00.000","54","NORTE DE SANTANDER","54001","CUCUTA","0.0063","KILOGRAMO"
"2023-07-26T00:00:00.000","54","NORTE DE SANTANDER","54405","LOS PATIOS","0.0028","KILOGRAMO"
"2023-07-25T00:00:00.000","19","CAUCA","19698","SANTANDER DE QUILICHAO","0.065","KILOGRAMO"
"2023-07-21T00:00:00.000","05","ANTIOQUIA","05001","MEDELLIN","0.002","KILOGRAMO"
"2023-07-19T00:00:00.000","54","NORTE DE SANTANDER","54001","CUCUTA","0.004","KILOGRAMO"
"2023-07-18T00:00:00.000","05","ANTIOQUIA","05001","MEDELLIN","0.0201","KILOGRAMO"
"2023-07-17T00:00:00.000","66","RISARALDA","66170","DOSQUEBRADAS","0.0032","KILOGRAMO"
"2023-07-17T00:00:00.000","54","NORTE DE SANTANDER","54001","CUCUTA","0.005","KILOGRAMO"
"2023-07-14T00:00:00.000","66","RISARALDA","66170","DOSQUEBRADAS","0.01","KILOGRAMO"
"2023-07-12T00:00:00.000","11","BOGOTA D.C.","11001","BOGOTA D.C.","0.35","KILOGRAMO"
"2023-07-11T00:00:00.000","54","NORTE DE SANTANDER","54001","CUCUTA","0.0111","KILOGRAMO"
"2023-07-11T00:00:00.000","05","ANTIOQUIA","05001","MEDELLIN","0.02","KILOGRAMO"
"2023-07-10T00:00:00.000","11","BOGOTA D.C.","11001","BOGOTA D.C.","0.015","KILOGRAMO"
"2023-07-09T00:00:00.000","52","NARIÑO","52079","BARBACOAS","0.005","KILOGRAMO"
"2023-07-08T00:00:00.000","50","META","50001","VILLAVICENCIO","0.019","KILOGRAMO"
"2023-07-08T00:00:00.000","54","NORTE DE SANTANDER","54001","CUCUTA","0.0063","KILOGRAMO"
"2023-07-06T00:00:00.000","66","RISARALDA","66001","PEREIRA","0.012","KILOGRAMO"
"2023-07-06T00:00:00.000","11","BOGOTA D.C.","11001","BOGOTA D.C.","0.011","KILOGRAMO"
"2023-07-06T00:00:00.000","05","ANTIOQUIA","05001","MEDELLIN","0.0113","KILOGRAMO"
"2023-07-04T00:00:00.000","54","NORTE DE SANTANDER","54001","CUCUTA","0.0043","KILOGRAMO"
"2023-07-04T00:00:00.000","11","BOGOTA D.C.","11001","BOGOTA D.C.","0.03","KILOGRAMO"
"2023-07-03T00:00:00.000","11","BOGOTA D.C.","11001","BOGOTA D.C.","0.01","KILOGRAMO"
"2023-07-02T00:00:00.000","54","NORTE DE SANTANDER","54001","CUCUTA","0.0045","KILOGRAMO"
"2023-07-02T00:00:00.000","05","ANTIOQUIA","05001","MEDELLIN","0.0165","KILOGRAMO"
"2023-07-01T00:00:00.000","52","NARIÑO","52356","IPIALES","0.01","KILOGRAMO"
"2023-06-30T00:00:00.000","05","ANTIOQUIA","05001","MEDELLIN","0.00060","KILOGRAMO"
"2023-06-29T00:00:00.000","54","NORTE DE SANTANDER","54001","CUCUTA","0.0105","KILOGRAMO"
"2023-06-28T00:00:00.000","66","RISARALDA","66001","PEREIRA","0.003","KILOGRAMO"
"2023-06-27T00:00:00.000","52","NARIÑO","52683","SANDONA","0.002","KILOGRAMO"
"2023-06-24T00:00:00.000","63","QUINDIO","63001","ARMENIA","0.005","KILOGRAMO"
"2023-06-23T00:00:00.000","05","ANTIOQUIA","05212","COPACABANA","0.002","KILOGRAMO"
"2023-06-23T00:00:00.000","54","NORTE DE SANTANDER","54405","LOS PATIOS","0.001","KILOGRAMO"
"2023-06-23T00:00:00.000","76","VALLE DEL CAUCA","76147","CARTAGO","0.005","KILOGRAMO"
"2023-06-23T00:00:00.000","54","NORTE DE SANTANDER","54874","VILLA DEL ROSARIO","0.0045","KILOGRAMO"
"2023-06-22T00:00:00.000","05","ANTIOQUIA","05125","CAICEDO","0.03","KILOGRAMO"
"2023-06-21T00:00:00.000","54","NORTE DE SANTANDER","54001","CUCUTA","0.0095","KILOGRAMO"
"2023-06-21T00:00:00.000","05","ANTIOQUIA","05001","MEDELLIN","0.0025","KILOGRAMO"
"2023-06-20T00:00:00.000","54","NORTE DE SANTANDER","54001","CUCUTA","0.04","KILOGRAMO"
"2023-06-18T00:00:00.000","11","BOGOTA D.C.","11001","BOGOTA D.C.","0.035","KILOGRAMO"
"2023-06-16T00:00:00.000","08","ATLANTICO","08638","SABANALARGA","0.015","KILOGRAMO"
"2023-06-14T00:00:00.000","70","SUCRE","70473","MORROA","0.003","KILOGRAMO"
"2023-06-14T00:00:00.000","52","NARIÑO","52678","SAMANIEGO","0.001","KILOGRAMO"
"2023-06-13T00:00:00.000","63","QUINDIO","63001","ARMENIA","0.017","KILOGRAMO"
"2023-06-13T00:00:00.000","54","NORTE DE SANTANDER","54001","CUCUTA","0.0221","KILOGRAMO"
"2023-06-12T00:00:00.000","54","NORTE DE SANTANDER","54001","CUCUTA","0.018","KILOGRAMO"
"2023-06-09T00:00:00.000","05","ANTIOQUIA","05001","MEDELLIN","0.0159","KILOGRAMO"
"2023-06-08T00:00:00.000","68","SANTANDER","68081","BARRANCABERMEJA","0.61","KILOGRAMO"
"2023-06-08T00:00:00.000","54","NORTE DE SANTANDER","54405","LOS PATIOS","0.0035","KILOGRAMO"
"2023-06-07T00:00:00.000","05","ANTIOQUIA","05686","SANTA ROSA DE OSOS","0.155","KILOGRAMO"
"2023-06-06T00:00:00.000","25","CUNDINAMARCA","25099","BOJACA","0.001","KILOGRAMO"
"2023-06-06T00:00:00.000","54","NORTE DE SANTANDER","54001","CUCUTA","0.0025","KILOGRAMO"
"2023-06-04T00:00:00.000","11","BOGOTA D.C.","11001","BOGOTA D.C.","0.03","KILOGRAMO"
"2023-06-04T00:00:00.000","54","NORTE DE SANTANDER","54405","LOS PATIOS","1.1","KILOGRAMO"
"2023-06-03T00:00:00.000","52","NARIÑO","52110","BUESACO","23.7","KILOGRAMO"
"2023-06-03T00:00:00.000","52","NARIÑO","52001","PASTO","0.035","KILOGRAMO"
"2023-06-02T00:00:00.000","05","ANTIOQUIA","05001","MEDELLIN","0.002","KILOGRAMO"
"2023-05-31T00:00:00.000","05","ANTIOQUIA","05001","MEDELLIN","0.01","KILOGRAMO"
"2023-05-31T00:00:00.000","54","NORTE DE SANTANDER","54001","CUCUTA","0.0032","KILOGRAMO"
"2023-05-29T00:00:00.000","52","NARIÑO","52001","PASTO","0.0053","KILOGRAMO"
"2023-05-28T00:00:00.000","54","NORTE DE SANTANDER","54001","CUCUTA","0.0015","KILOGRAMO"
"2023-05-27T00:00:00.000","05","ANTIOQUIA","05001","MEDELLIN","0.003","KILOGRAMO"
"2023-05-25T00:00:00.000","54","NORTE DE SANTANDER","54001","CUCUTA","0.0031","KILOGRAMO"
"2023-05-24T00:00:00.000","11","BOGOTA D.C.","11001","BOGOTA D.C.","0.01","KILOGRAMO"
"2023-05-23T00:00:00.000","52","NARIÑO","52001","PASTO","0.036","KILOGRAMO"
"2023-05-22T00:00:00.000","52","NARIÑO","52356","IPIALES","0.004","KILOGRAMO"
"2023-05-20T00:00:00.000","54","NORTE DE SANTANDER","54001","CUCUTA","0.0159","KILOGRAMO"
"2023-05-19T00:00:00.000","05","ANTIOQUIA","05154","CAUCASIA","0.085","KILOGRAMO"
"2023-05-19T00:00:00.000","54","NORTE DE SANTANDER","54172","CHINACOTA","0.005","KILOGRAMO"
"2023-05-18T00:00:00.000","05","ANTIOQUIA","05001","MEDELLIN","0.0045","KILOGRAMO"
"2023-05-17T00:00:00.000","63","QUINDIO","63001","ARMENIA","0.154","KILOGRAMO"
"2023-05-17T00:00:00.000","05","ANTIOQUIA","05001","MEDELLIN","0.0032","KILOGRAMO"
"2023-05-16T00:00:00.000","66","RISARALDA","66001","PEREIRA","0.018","KILOGRAMO"
"2023-05-16T00:00:00.000","05","ANTIOQUIA","05001","MEDELLIN","0.002","KILOGRAMO"
"2023-05-12T00:00:00.000","05","ANTIOQUIA","05001","MEDELLIN","0.015","KILOGRAMO"
"2023-05-12T00:00:00.000","05","ANTIOQUIA","05380","LA ESTRELLA","0.01","KILOGRAMO"
"2023-05-10T00:00:00.000","76","VALLE DEL CAUCA","76306","GINEBRA","0.112","KILOGRAMO"
"2023-05-09T00:00:00.000","05","ANTIOQUIA","05001","MEDELLIN","0.005","KILOGRAMO"
"2023-05-09T00:00:00.000","05","ANTIOQUIA","05686","SANTA ROSA DE OSOS","0.04","KILOGRAMO"
"2023-05-09T00:00:00.000","66","RISARALDA","66170","DOSQUEBRADAS","0.032","KILOGRAMO"
"2023-05-08T00:00:00.000","52","NARIÑO","52001","PASTO","0.007","KILOGRAMO"
"2023-05-07T00:00:00.000","54","NORTE DE SANTANDER","54001","CUCUTA","0.0037","KILOGRAMO"
"2023-05-07T00:00:00.000","52","NARIÑO","52838","TUQUERRES","0.0055","KILOGRAMO"
"2023-05-05T00:00:00.000","52","NARIÑO","52079","BARBACOAS","0.00050","KILOGRAMO"
"2023-05-05T00:00:00.000","63","QUINDIO","63001","ARMENIA","0.003","KILOGRAMO"
"2023-05-04T00:00:00.000","11","BOGOTA D.C.","11001","BOGOTA D.C.","0.002","KILOGRAMO"
"2023-05-01T00:00:00.000","52","NARIÑO","52001","PASTO","0.0295","KILOGRAMO"
"2023-04-30T00:00:00.000","66","RISARALDA","66170","DOSQUEBRADAS","0.013","KILOGRAMO"
"2023-04-30T00:00:00.000","05","ANTIOQUIA","05001","MEDELLIN","0.005","KILOGRAMO"
"2023-04-29T00:00:00.000","11","BOGOTA D.C.","11001","BOGOTA D.C.","0.015","KILOGRAMO"
"2023-04-29T00:00:00.000","52","NARIÑO","52001","PASTO","0.027","KILOGRAMO"
"2023-04-29T00:00:00.000","23","CORDOBA","23001","MONTERIA","0.062","KILOGRAMO"
"2023-04-28T00:00:00.000","54","NORTE DE SANTANDER","54001","CUCUTA","0.0068","KILOGRAMO"
"2023-04-28T00:00:00.000","11","BOGOTA D.C.","11001","BOGOTA D.C.","0.881","KILOGRAMO"
"2023-04-28T00:00:00.000","05","ANTIOQUIA","05001","MEDELLIN","0.0011","KILOGRAMO"
"2023-04-27T00:00:00.000","05","ANTIOQUIA","05001","MEDELLIN","0.014","KILOGRAMO"
"2023-04-26T00:00:00.000","52","NARIÑO","52110","BUESACO","0.008","KILOGRAMO"
"2023-04-24T00:00:00.000","52","NARIÑO","52356","IPIALES","0.005","KILOGRAMO"
"2023-04-24T00:00:00.000","11","BOGOTA D.C.","11001","BOGOTA D.C.","0.009","KILOGRAMO"
"2023-04-23T00:00:00.000","05","ANTIOQUIA","05001","MEDELLIN","0.06","KILOGRAMO"
"2023-04-22T00:00:00.000","63","QUINDIO","63001","ARMENIA","0.004","KILOGRAMO"
"2023-04-20T00:00:00.000","05","ANTIOQUIA","05001","MEDELLIN","0.08","KILOGRAMO"
"2023-04-20T00:00:00.000","76","VALLE DEL CAUCA","76834","TULUA","0.00957","KILOGRAMO"
"2023-04-20T00:00:00.000","54","NORTE DE SANTANDER","54001","CUCUTA","0.003","KILOGRAMO"
"2023-04-20T00:00:00.000","52","NARIÑO","52585","PUPIALES","44.78","KILOGRAMO"
"2023-04-20T00:00:00.000","54","NORTE DE SANTANDER","54874","VILLA DEL ROSARIO","0.003","KILOGRAMO"
"2023-04-19T00:00:00.000","76","VALLE DEL CAUCA","76001","CALI","1.1","KILOGRAMO"
"2023-04-18T00:00:00.000","54","NORTE DE SANTANDER","54001","CUCUTA","0.003","KILOGRAMO"
"2023-04-14T00:00:00.000","05","ANTIOQUIA","05001","MEDELLIN","0.0041","KILOGRAMO"
"2023-04-13T00:00:00.000","05","ANTIOQUIA","05670","SAN ROQUE","0.082","KILOGRAMO"
"2023-04-11T00:00:00.000","54","NORTE DE SANTANDER","54001","CUCUTA","0.007","KILOGRAMO"
"2023-04-10T00:00:00.000","66","RISARALDA","66001","PEREIRA","0.00020","KILOGRAMO"
"2023-04-07T00:00:00.000","05","ANTIOQUIA","05001","MEDELLIN","0.0032","KILOGRAMO"
"2023-04-07T00:00:00.000","54","NORTE DE SANTANDER","54001","CUCUTA","0.73","KILOGRAMO"
"2023-04-06T00:00:00.000","05","ANTIOQUIA","05380","LA ESTRELLA","0.003","KILOGRAMO"
"2023-04-04T00:00:00.000","54","NORTE DE SANTANDER","54405","LOS PATIOS","0.0064","KILOGRAMO"
"2023-04-04T00:00:00.000","52","NARIÑO","52435","MALLAMA","0.023","KILOGRAMO"
"2023-04-03T00:00:00.000","21801","ECUADOR","2180101","ECUADOR","9.9","KILOGRAMO"
"2023-04-02T00:00:00.000","66","RISARALDA","66170","DOSQUEBRADAS","0.0043","KILOGRAMO"
"2023-04-01T00:00:00.000","54","NORTE DE SANTANDER","54001","CUCUTA","0.0065","KILOGRAMO"
"2023-03-30T00:00:00.000","54","NORTE DE SANTANDER","54518","PAMPLONA","0.037","KILOGRAMO"
"2023-03-28T00:00:00.000","05","ANTIOQUIA","05001","MEDELLIN","0.005","KILOGRAMO"
"2023-03-28T00:00:00.000","66","RISARALDA","66170","DOSQUEBRADAS","0.0015","KILOGRAMO"
"2023-03-27T00:00:00.000","54","NORTE DE SANTANDER","54405","LOS PATIOS","0.008","KILOGRAMO"
"2023-03-26T00:00:00.000","05","ANTIOQUIA","05607","RETIRO","0.01","KILOGRAMO"
"2023-03-24T00:00:00.000","54","NORTE DE SANTANDER","54001","CUCUTA","0.005","KILOGRAMO"
"2023-03-23T00:00:00.000","05","ANTIOQUIA","05001","MEDELLIN","0.008","KILOGRAMO"
"2023-03-22T00:00:00.000","05","ANTIOQUIA","05001","MEDELLIN","0.0015","KILOGRAMO"
"2023-03-21T00:00:00.000","05","ANTIOQUIA","05088","BELLO","0.002","KILOGRAMO"
"2023-03-20T00:00:00.000","05","ANTIOQUIA","05001","MEDELLIN","0.0036","KILOGRAMO"
"2023-03-19T00:00:00.000","05","ANTIOQUIA","05001","MEDELLIN","0.0155","KILOGRAMO"
"2023-03-18T00:00:00.000","76","VALLE DEL CAUCA","76041","ANSERMANUEVO","0.01","KILOGRAMO"
"2023-03-17T00:00:00.000","52","NARIÑO","52110","BUESACO","10.35","KILOGRAMO"
"2023-03-17T00:00:00.000","54","NORTE DE SANTANDER","54001","CUCUTA","0.005","KILOGRAMO"
"2023-03-17T00:00:00.000","05","ANTIOQUIA","05001","MEDELLIN","0.0042","KILOGRAMO"
"2023-03-17T00:00:00.000","52","NARIÑO","52678","SAMANIEGO","0.002","KILOGRAMO"
"2023-03-16T00:00:00.000","76","VALLE DEL CAUCA","76892","YUMBO","0.0093","KILOGRAMO"
"2023-03-16T00:00:00.000","19","CAUCA","19698","SANTANDER DE QUILICHAO","0.06","KILOGRAMO"
"2023-03-16T00:00:00.000","66","RISARALDA","66001","PEREIRA","0.001","KILOGRAMO"
"2023-03-16T00:00:00.000","66","RISARALDA","66170","DOSQUEBRADAS","0.112","KILOGRAMO"
"2023-03-15T00:00:00.000","19","CAUCA","19698","SANTANDER DE QUILICHAO","0.01","KILOGRAMO"
"2023-03-15T00:00:00.000","54","NORTE DE SANTANDER","54001","CUCUTA","0.0017","KILOGRAMO"
"2023-03-15T00:00:00.000","52","NARIÑO","52838","TUQUERRES","0.335","KILOGRAMO"
"2023-03-14T00:00:00.000","54","NORTE DE SANTANDER","54405","LOS PATIOS","0.004","KILOGRAMO"
"2023-03-14T00:00:00.000","05","ANTIOQUIA","05101","CIUDAD BOLIVAR","0.001","KILOGRAMO"
"2023-03-13T00:00:00.000","54","NORTE DE SANTANDER","54001","CUCUTA","0.0035","KILOGRAMO"
"2023-03-12T00:00:00.000","52","NARIÑO","52435","MALLAMA","0.4","KILOGRAMO"
"2023-03-11T00:00:00.000","54","NORTE DE SANTANDER","54001","CUCUTA","0.002","KILOGRAMO"
"2023-03-08T00:00:00.000","08","ATLANTICO","08001","BARRANQUILLA","0.008","KILOGRAMO"
"2023-03-06T00:00:00.000","54","NORTE DE SANTANDER","54001","CUCUTA","0.012","KILOGRAMO"
"2023-03-06T00:00:00.000","11","BOGOTA D.C.","11001","BOGOTA D.C.","0.003","KILOGRAMO"
"2023-03-05T00:00:00.000","66","RISARALDA","66001","PEREIRA","0.0047","KILOGRAMO"
"2023-03-05T00:00:00.000","05","ANTIOQUIA","05001","MEDELLIN","0.011","KILOGRAMO"
"2023-03-04T00:00:00.000","52","NARIÑO","52678","SAMANIEGO","0.001","KILOGRAMO"
"2023-03-02T00:00:00.000","1111","AGUAS INTERNACIONALES","1111","AGUAS INTERNACIONALES","306","KILOGRAMO"
"2023-03-01T00:00:00.000","66","RISARALDA","66001","PEREIRA","0.002","KILOGRAMO"
"2023-03-01T00:00:00.000","66","RISARALDA","66170","DOSQUEBRADAS","0.001","KILOGRAMO"
"2023-03-01T00:00:00.000","17","CALDAS","17001","MANIZALES","0.002","KILOGRAMO"
"2023-03-01T00:00:00.000","54","NORTE DE SANTANDER","54001","CUCUTA","0.002","KILOGRAMO"
"2023-02-28T00:00:00.000","08","ATLANTICO","08001","BARRANQUILLA","0.003","KILOGRAMO"
"2023-02-28T00:00:00.000","52","NARIÑO","52378","LA CRUZ","0.003","KILOGRAMO"
"2023-02-27T00:00:00.000","05","ANTIOQUIA","05001","MEDELLIN","0.004","KILOGRAMO"
"2023-02-26T00:00:00.000","05","ANTIOQUIA","05308","GIRARDOTA","0.025","KILOGRAMO"
"2023-02-25T00:00:00.000","54","NORTE DE SANTANDER","54001","CUCUTA","0.0047","KILOGRAMO"
"2023-02-25T00:00:00.000","52","NARIÑO","52678","SAMANIEGO","0.002","KILOGRAMO"
"2023-02-24T00:00:00.000","11","BOGOTA D.C.","11001","BOGOTA D.C.","0.001","KILOGRAMO"
"2023-02-24T00:00:00.000","05","ANTIOQUIA","05360","ITAGUI","0.001","KILOGRAMO"
"2023-02-24T00:00:00.000","54","NORTE DE SANTANDER","54874","VILLA DEL ROSARIO","0.0016","KILOGRAMO"
"2023-02-24T00:00:00.000","52","NARIÑO","52354","IMUES","0.066","KILOGRAMO"
"2023-02-24T00:00:00.000","05","ANTIOQUIA","05266","ENVIGADO","0.003","KILOGRAMO"
"2023-02-23T00:00:00.000","05","ANTIOQUIA","05001","MEDELLIN","0.045","KILOGRAMO"
"2023-02-23T00:00:00.000","54","NORTE DE SANTANDER","54001","CUCUTA","0.0936","KILOGRAMO"
"2023-02-23T00:00:00.000","54","NORTE DE SANTANDER","54874","VILLA DEL ROSARIO","0.0022","KILOGRAMO"
"2023-02-22T00:00:00.000","76","VALLE DEL CAUCA","76147","CARTAGO","0.01","KILOGRAMO"
"2023-02-22T00:00:00.000","11","BOGOTA D.C.","11001","BOGOTA D.C.","0.006","KILOGRAMO"
"2023-02-22T00:00:00.000","54","NORTE DE SANTANDER","54001","CUCUTA","0.025","KILOGRAMO"
"2023-02-22T00:00:00.000","05","ANTIOQUIA","05030","AMAGA","0.013","KILOGRAMO"
"2023-02-21T00:00:00.000","05","ANTIOQUIA","05001","MEDELLIN","0.0029","KILOGRAMO"
"2023-02-21T00:00:00.000","08","ATLANTICO","08001","BARRANQUILLA","0.002","KILOGRAMO"
"2023-02-20T00:00:00.000","05","ANTIOQUIA","05266","ENVIGADO","0.003","KILOGRAMO"
"2023-02-20T00:00:00.000","05","ANTIOQUIA","05001","MEDELLIN","0.008","KILOGRAMO"
"2023-02-19T00:00:00.000","23","CORDOBA","23417","LORICA","0.09","KILOGRAMO"
"2023-02-17T00:00:00.000","52","NARIÑO","52683","SANDONA","0.001","KILOGRAMO"
"2023-02-16T00:00:00.000","52","NARIÑO","52399","LA UNION","0.005","KILOGRAMO"
"2023-02-16T00:00:00.000","52","NARIÑO","52354","IMUES","0.6992","KILOGRAMO"
"2023-02-16T00:00:00.000","05","ANTIOQUIA","05001","MEDELLIN","0.004","KILOGRAMO"
"2023-02-16T00:00:00.000","05","ANTIOQUIA","05607","RETIRO","0.002","KILOGRAMO"
"2023-02-14T00:00:00.000","52","NARIÑO","52110","BUESACO","3.43","KILOGRAMO"
"2023-02-14T00:00:00.000","05","ANTIOQUIA","05001","MEDELLIN","0.008","KILOGRAMO"
"2023-02-14T00:00:00.000","54","NORTE DE SANTANDER","54001","CUCUTA","0.007","KILOGRAMO"
"2023-02-14T00:00:00.000","66","RISARALDA","66001","PEREIRA","0.002","KILOGRAMO"
"2023-02-12T00:00:00.000","17","CALDAS","17001","MANIZALES","0.002","KILOGRAMO"
"2023-02-12T00:00:00.000","54","NORTE DE SANTANDER","54001","CUCUTA","0.003","KILOGRAMO"
"2023-02-10T00:00:00.000","52","NARIÑO","52378","LA CRUZ","0.001","KILOGRAMO"
"2023-02-10T00:00:00.000","05","ANTIOQUIA","05001","MEDELLIN","0.004","KILOGRAMO"
"2023-02-10T00:00:00.000","54","NORTE DE SANTANDER","54518","PAMPLONA","0.009","KILOGRAMO"
"2023-02-10T00:00:00.000","54","NORTE DE SANTANDER","54001","CUCUTA","0.002","KILOGRAMO"
"2023-02-09T00:00:00.000","05","ANTIOQUIA","05088","BELLO","0.006","KILOGRAMO"
"2023-02-09T00:00:00.000","54","NORTE DE SANTANDER","54001","CUCUTA","0.0025","KILOGRAMO"
"2023-02-09T00:00:00.000","21801","ECUADOR","2180101","ECUADOR","50.4","KILOGRAMO"
"2023-02-08T00:00:00.000","54","NORTE DE SANTANDER","54001","CUCUTA","0.0043","KILOGRAMO"
"2023-02-07T00:00:00.000","66","RISARALDA","66001","PEREIRA","0.00060","KILOGRAMO"
"2023-02-07T00:00:00.000","17","CALDAS","17042","ANSERMA","0.091","KILOGRAMO"
"2023-02-06T00:00:00.000","05","ANTIOQUIA","05001","MEDELLIN","0.003","KILOGRAMO"
"2023-02-06T00:00:00.000","54","NORTE DE SANTANDER","54405","LOS PATIOS","0.0031","KILOGRAMO"
"2023-02-05T00:00:00.000","54","NORTE DE SANTANDER","54001","CUCUTA","0.0088","KILOGRAMO"
"2023-02-04T00:00:00.000","17","CALDAS","17001","MANIZALES","0.036","KILOGRAMO"
"2023-02-04T00:00:00.000","05","ANTIOQUIA","05670","SAN ROQUE","0.01","KILOGRAMO"
"2023-02-03T00:00:00.000","68","SANTANDER","68081","BARRANCABERMEJA","0.53","KILOGRAMO"
"2023-02-03T00:00:00.000","05","ANTIOQUIA","05591","PUERTO TRIUNFO","0.06","KILOGRAMO"
"2023-02-03T00:00:00.000","54","NORTE DE SANTANDER","54001","CUCUTA","0.0045","KILOGRAMO"
"2023-02-03T00:00:00.000","05","ANTIOQUIA","05607","RETIRO","0.04","KILOGRAMO"
"2023-02-02T00:00:00.000","05","ANTIOQUIA","05001","MEDELLIN","0.004","KILOGRAMO"
"2023-02-01T00:00:00.000","54","NORTE DE SANTANDER","54405","LOS PATIOS","0.01","KILOGRAMO"
"2023-02-01T00:00:00.000","05","ANTIOQUIA","05001","MEDELLIN","0.006","KILOGRAMO"
"2023-02-01T00:00:00.000","05","ANTIOQUIA","05615","RIONEGRO","0.001","KILOGRAMO"
"2023-02-01T00:00:00.000","05","ANTIOQUIA","05172","CHIGORODO","0.056","KILOGRAMO"
"2023-01-31T00:00:00.000","05","ANTIOQUIA","05686","SANTA ROSA DE OSOS","0.0022","KILOGRAMO"
"2023-01-31T00:00:00.000","05","ANTIOQUIA","05001","MEDELLIN","0.0041","KILOGRAMO"
"2023-01-29T00:00:00.000","05","ANTIOQUIA","05030","AMAGA","0.011","KILOGRAMO"
"2023-01-29T00:00:00.000","08","ATLANTICO","08001","BARRANQUILLA","0.012","KILOGRAMO"
"2023-01-28T00:00:00.000","25","CUNDINAMARCA","25781","SUTATAUSA","0.02","KILOGRAMO"
"2023-01-27T00:00:00.000","54","NORTE DE SANTANDER","54001","CUCUTA","0.0135","KILOGRAMO"
"2023-01-26T00:00:00.000","05","ANTIOQUIA","05686","SANTA ROSA DE OSOS","0.025","KILOGRAMO"
"2023-01-26T00:00:00.000","05","ANTIOQUIA","05212","COPACABANA","0.075","KILOGRAMO"
"2023-01-26T00:00:00.000","25","CUNDINAMARCA","25797","TENA","0.002","KILOGRAMO"
"2023-01-24T00:00:00.000","05","ANTIOQUIA","05001","MEDELLIN","0.002","KILOGRAMO"
"2023-01-23T00:00:00.000","05","ANTIOQUIA","05129","CALDAS","0.004","KILOGRAMO"
"2023-01-23T00:00:00.000","54","NORTE DE SANTANDER","54405","LOS PATIOS","0.0045","KILOGRAMO"
"2023-01-22T00:00:00.000","54","NORTE DE SANTANDER","54001","CUCUTA","0.0043","KILOGRAMO"
"2023-01-20T00:00:00.000","17","CALDAS","17380","LA DORADA","0.019","KILOGRAMO"
"2023-01-19T00:00:00.000","05","ANTIOQUIA","05001","MEDELLIN","0.02","KILOGRAMO"
"2023-01-17T00:00:00.000","54","NORTE DE SANTANDER","54001","CUCUTA","0.007","KILOGRAMO"
"2023-01-16T00:00:00.000","05","ANTIOQUIA","05631","SABANETA","0.025","KILOGRAMO"
"2023-01-16T00:00:00.000","68","SANTANDER","68001","BUCARAMANGA","0.00508","KILOGRAMO"
"2023-01-15T00:00:00.000","05","ANTIOQUIA","05001","MEDELLIN","0.0073","KILOGRAMO"
"2023-01-15T00:00:00.000","52","NARIÑO","52001","PASTO","6.3","KILOGRAMO"
"2023-01-13T00:00:00.000","66","RISARALDA","66170","DOSQUEBRADAS","0.0047","KILOGRAMO"
"2023-01-13T00:00:00.000","11","BOGOTA D.C.","11001","BOGOTA D.C.","0.003","KILOGRAMO"
"2023-01-13T00:00:00.000","47","MAGDALENA","47058","ARIGUANI","0.03","KILOGRAMO"
"2023-01-11T00:00:00.000","54","NORTE DE SANTANDER","54001","CUCUTA","0.0093","KILOGRAMO"
"2023-01-10T00:00:00.000","52","NARIÑO","52835","SAN ANDRES DE TUMACO","0.003","KILOGRAMO"
"2023-01-08T00:00:00.000","54","NORTE DE SANTANDER","54874","VILLA DEL ROSARIO","0.0021","KILOGRAMO"
"2023-01-08T00:00:00.000","05","ANTIOQUIA","05001","MEDELLIN","0.002","KILOGRAMO"
"2023-01-07T00:00:00.000","41","HUILA","41016","AIPE","0.05","KILOGRAMO"
"2023-01-04T00:00:00.000","54","NORTE DE SANTANDER","54001","CUCUTA","0.0024","KILOGRAMO"
"2023-01-04T00:00:00.000","66","RISARALDA","66001","PEREIRA","0.007","KILOGRAMO"
"2022-12-28T00:00:00.000","05","ANTIOQUIA","05212","COPACABANA","0.001","KILOGRAMO"
"2022-12-22T00:00:00.000","54","NORTE DE SANTANDER","54001","CUCUTA","0.0018","KILOGRAMO"
"2022-12-19T00:00:00.000","52","NARIÑO","52378","LA CRUZ","0.001","KILOGRAMO"
"2022-12-16T00:00:00.000","05","ANTIOQUIA","05615","RIONEGRO","0.002","KILOGRAMO"
"2022-12-15T00:00:00.000","66","RISARALDA","66170","DOSQUEBRADAS","0.015","KILOGRAMO"
"2022-12-14T00:00:00.000","54","NORTE DE SANTANDER","54001","CUCUTA","0.088","KILOGRAMO"
"2022-12-02T00:00:00.000","54","NORTE DE SANTANDER","54001","CUCUTA","0.0015","KILOGRAMO"
"2022-11-30T00:00:00.000","05","ANTIOQUIA","05001","MEDELLIN","0.0076","KILOGRAMO"
"2022-11-30T00:00:00.000","52","NARIÑO","52480","NARIÑO","0.015","KILOGRAMO"
"2022-11-28T00:00:00.000","50","META","50001","VILLAVICENCIO","0.122","KILOGRAMO"
"2022-11-26T00:00:00.000","50","META","50001","VILLAVICENCIO","0.005","KILOGRAMO"
"2022-11-26T00:00:00.000","54","NORTE DE SANTANDER","54874","VILLA DEL ROSARIO","0.0023","KILOGRAMO"
"2022-11-24T00:00:00.000","54","NORTE DE SANTANDER","54001","CUCUTA","0.12","KILOGRAMO"
"2022-11-23T00:00:00.000","54","NORTE DE SANTANDER","54001","CUCUTA","0.03","KILOGRAMO"
"2022-11-21T00:00:00.000","54","NORTE DE SANTANDER","54405","LOS PATIOS","0.025","KILOGRAMO"
"2022-11-21T00:00:00.000","50","META","50001","VILLAVICENCIO","0.03","KILOGRAMO"
"2022-11-21T00:00:00.000","54","NORTE DE SANTANDER","54874","VILLA DEL ROSARIO","0.002","KILOGRAMO"
"2022-11-19T00:00:00.000","54","NORTE DE SANTANDER","54001","CUCUTA","0.0176","KILOGRAMO"
"2022-11-18T00:00:00.000","54","NORTE DE SANTANDER","54405","LOS PATIOS","0.45","KILOGRAMO"
"2022-11-18T00:00:00.000","25","CUNDINAMARCA","25148","CAPARRAPI","0.011","KILOGRAMO"
"2022-11-16T00:00:00.000","66","RISARALDA","66170","DOSQUEBRADAS","0.035","KILOGRAMO"
"2022-11-13T00:00:00.000","50","META","50001","VILLAVICENCIO","0.08","KILOGRAMO"
"2022-11-12T00:00:00.000","76","VALLE DEL CAUCA","76147","CARTAGO","0.001","KILOGRAMO"
"2022-11-11T00:00:00.000","54","NORTE DE SANTANDER","54001","CUCUTA","0.03","KILOGRAMO"
"2022-11-09T00:00:00.000","54","NORTE DE SANTANDER","54874","VILLA DEL ROSARIO","0.01","KILOGRAMO"
"2022-11-07T00:00:00.000","66","RISARALDA","66170","DOSQUEBRADAS","0.015","KILOGRAMO"
"2022-11-06T00:00:00.000","54","NORTE DE SANTANDER","54001","CUCUTA","0.0048","KILOGRAMO"
"2022-11-06T00:00:00.000","11","BOGOTA D.C.","11001","BOGOTA D.C.","0.003","KILOGRAMO"
"2022-11-04T00:00:00.000","05","ANTIOQUIA","05490","NECOCLI","0.03","KILOGRAMO"
"2022-11-04T00:00:00.000","54","NORTE DE SANTANDER","54001","CUCUTA","0.0013","KILOGRAMO"
"2022-11-03T00:00:00.000","54","NORTE DE SANTANDER","54874","VILLA DEL ROSARIO","0.0016","KILOGRAMO"
"2022-11-03T00:00:00.000","08","ATLANTICO","08001","BARRANQUILLA","0.001","KILOGRAMO"
"2022-11-02T00:00:00.000","52","NARIÑO","52110","BUESACO","44.4","KILOGRAMO"
"2022-10-27T00:00:00.000","05","ANTIOQUIA","05607","RETIRO","0.001","KILOGRAMO"
"2022-10-27T00:00:00.000","54","NORTE DE SANTANDER","54874","VILLA DEL ROSARIO","0.0025","KILOGRAMO"
"2022-10-27T00:00:00.000","05","ANTIOQUIA","05001","MEDELLIN","0.015","KILOGRAMO"
"2022-10-26T00:00:00.000","66","RISARALDA","66170","DOSQUEBRADAS","0.015","KILOGRAMO"
"2022-10-26T00:00:00.000","54","NORTE DE SANTANDER","54001","CUCUTA","0.012","KILOGRAMO"
"2022-10-25T00:00:00.000","05","ANTIOQUIA","05001","MEDELLIN","0.01","KILOGRAMO"
"2022-10-24T00:00:00.000","54","NORTE DE SANTANDER","54001","CUCUTA","0.04","KILOGRAMO"
"2022-10-22T00:00:00.000","54","NORTE DE SANTANDER","54405","LOS PATIOS","0.005","KILOGRAMO"
"2022-10-21T00:00:00.000","76","VALLE DEL CAUCA","76001","CALI","0.326","KILOGRAMO"
"2022-10-19T00:00:00.000","54","NORTE DE SANTANDER","54001","CUCUTA","0.0034","KILOGRAMO"
"2022-10-17T00:00:00.000","54","NORTE DE SANTANDER","54001","CUCUTA","0.0023","KILOGRAMO"
"2022-10-16T00:00:00.000","54","NORTE DE SANTANDER","54001","CUCUTA","0.0065","KILOGRAMO"
"2022-10-14T00:00:00.000","54","NORTE DE SANTANDER","54001","CUCUTA","0.0052","KILOGRAMO"
"2022-10-13T00:00:00.000","19","CAUCA","19532","PATIA","1.4","KILOGRAMO"
"2022-10-12T00:00:00.000","54","NORTE DE SANTANDER","54001","CUCUTA","0.006","KILOGRAMO"
"2022-10-10T00:00:00.000","05","ANTIOQUIA","05001","MEDELLIN","0.021","KILOGRAMO"
"2022-10-09T00:00:00.000","54","NORTE DE SANTANDER","54001","CUCUTA","0.0044","KILOGRAMO"
"2022-10-08T00:00:00.000","52","NARIÑO","52356","IPIALES","0.001","KILOGRAMO"
"2022-10-07T00:00:00.000","54","NORTE DE SANTANDER","54001","CUCUTA","0.0031","KILOGRAMO"
"2022-10-07T00:00:00.000","54","NORTE DE SANTANDER","54874","VILLA DEL ROSARIO","0.003","KILOGRAMO"
"2022-10-07T00:00:00.000","05","ANTIOQUIA","05308","GIRARDOTA","0.002","KILOGRAMO"
"2022-10-07T00:00:00.000","54","NORTE DE SANTANDER","54405","LOS PATIOS","0.0035","KILOGRAMO"
"2022-10-06T00:00:00.000","54","NORTE DE SANTANDER","54001","CUCUTA","0.0035","KILOGRAMO"
"2022-10-05T00:00:00.000","76","VALLE DEL CAUCA","76736","SEVILLA","0.001","KILOGRAMO"
"2022-10-03T00:00:00.000","19","CAUCA","19455","MIRANDA","0.01","KILOGRAMO"
"2022-09-30T00:00:00.000","54","NORTE DE SANTANDER","54001","CUCUTA","0.0232","KILOGRAMO"
"2022-09-30T00:00:00.000","05","ANTIOQUIA","05079","BARBOSA","0.016","KILOGRAMO"
"2022-09-29T00:00:00.000","76","VALLE DEL CAUCA","76001","CALI","0.248","KILOGRAMO"
"2022-09-29T00:00:00.000","05","ANTIOQUIA","05001","MEDELLIN","0.025","KILOGRAMO"
"2022-09-28T00:00:00.000","54","NORTE DE SANTANDER","54001","CUCUTA","0.0015","KILOGRAMO"
"2022-09-26T00:00:00.000","52","NARIÑO","52110","BUESACO","14.5","KILOGRAMO"
"2022-09-25T00:00:00.000","54","NORTE DE SANTANDER","54874","VILLA DEL ROSARIO","0.008","KILOGRAMO"
"2022-09-22T00:00:00.000","05","ANTIOQUIA","05209","CONCORDIA","0.095","KILOGRAMO"
"2022-09-22T00:00:00.000","54","NORTE DE SANTANDER","54405","LOS PATIOS","0.005","KILOGRAMO"
"2022-09-21T00:00:00.000","52","NARIÑO","52001","PASTO","3.2","KILOGRAMO"
"2022-09-20T00:00:00.000","05","ANTIOQUIA","05209","CONCORDIA","0.095","KILOGRAMO"
"2022-09-20T00:00:00.000","66","RISARALDA","66170","DOSQUEBRADAS","0.022","KILOGRAMO"
"2022-09-14T00:00:00.000","54","NORTE DE SANTANDER","54405","LOS PATIOS","0.0022","KILOGRAMO"
"2022-09-13T00:00:00.000","66","RISARALDA","66170","DOSQUEBRADAS","0.037","KILOGRAMO"
"2022-09-13T00:00:00.000","52","NARIÑO","52683","SANDONA","0.001","KILOGRAMO"
"2022-09-12T00:00:00.000","63","QUINDIO","63001","ARMENIA","0.001","KILOGRAMO"
"2022-09-09T00:00:00.000","05","ANTIOQUIA","05266","ENVIGADO","0.004","KILOGRAMO"
"2022-09-08T00:00:00.000","54","NORTE DE SANTANDER","54001","CUCUTA","0.0036","KILOGRAMO"
"2022-09-05T00:00:00.000","05","ANTIOQUIA","05001","MEDELLIN","0.0058","KILOGRAMO"
"2022-09-04T00:00:00.000","54","NORTE DE SANTANDER","54001","CUCUTA","0.0056","KILOGRAMO"
"2022-09-02T00:00:00.000","54","NORTE DE SANTANDER","54001","CUCUTA","0.0012","KILOGRAMO"
"2022-09-01T00:00:00.000","52","NARIÑO","52110","BUESACO","17.65","KILOGRAMO"
"2022-09-01T00:00:00.000","54","NORTE DE SANTANDER","54001","CUCUTA","0.006","KILOGRAMO"
"2022-08-26T00:00:00.000","54","NORTE DE SANTANDER","54874","VILLA DEL ROSARIO","0.001","KILOGRAMO"
"2022-08-25T00:00:00.000","54","NORTE DE SANTANDER","54001","CUCUTA","0.0013","KILOGRAMO"
"2022-08-24T00:00:00.000","54","NORTE DE SANTANDER","54001","CUCUTA","0.001","KILOGRAMO"
"2022-08-23T00:00:00.000","54","NORTE DE SANTANDER","54001","CUCUTA","0.0038","KILOGRAMO"
"2022-08-18T00:00:00.000","66","RISARALDA","66170","DOSQUEBRADAS","1.0001","KILOGRAMO"
"2022-08-17T00:00:00.000","54","NORTE DE SANTANDER","54001","CUCUTA","0.0211","KILOGRAMO"
"2022-08-16T00:00:00.000","54","NORTE DE SANTANDER","54001","CUCUTA","0.013","KILOGRAMO"
"2022-08-14T00:00:00.000","54","NORTE DE SANTANDER","54001","CUCUTA","0.001","KILOGRAMO"
"2022-08-13T00:00:00.000","54","NORTE DE SANTANDER","54001","CUCUTA","0.007","KILOGRAMO"
"2022-08-13T00:00:00.000","66","RISARALDA","66170","DOSQUEBRADAS","0.01","KILOGRAMO"
"2022-08-12T00:00:00.000","54","NORTE DE SANTANDER","54001","CUCUTA","0.0065","KILOGRAMO"
"2022-08-10T00:00:00.000","52","NARIÑO","52585","PUPIALES","20","KILOGRAMO"
"2022-08-10T00:00:00.000","54","NORTE DE SANTANDER","54001","CUCUTA","0.0107","KILOGRAMO"
"2022-08-09T00:00:00.000","54","NORTE DE SANTANDER","54001","CUCUTA","0.006","KILOGRAMO"
"2022-08-08T00:00:00.000","66","RISARALDA","66170","DOSQUEBRADAS","0.077","KILOGRAMO"
"2022-08-07T00:00:00.000","54","NORTE DE SANTANDER","54001","CUCUTA","0.018","KILOGRAMO"
"2022-08-07T00:00:00.000","05","ANTIOQUIA","05001","MEDELLIN","0.001","KILOGRAMO"
"2022-08-06T00:00:00.000","11","BOGOTA D.C.","11001","BOGOTA D.C.","0.256","KILOGRAMO"
"2022-08-06T00:00:00.000","50","META","50568","PUERTO GAITAN","0.001","KILOGRAMO"
"2022-08-05T00:00:00.000","52","NARIÑO","52885","YACUANQUER","2","KILOGRAMO"
"2022-08-05T00:00:00.000","54","NORTE DE SANTANDER","54001","CUCUTA","0.0183","KILOGRAMO"
"2022-08-05T00:00:00.000","54","NORTE DE SANTANDER","54874","VILLA DEL ROSARIO","0.00136","KILOGRAMO"
"2022-08-05T00:00:00.000","85","CASANARE","85001","YOPAL","0.241","KILOGRAMO"
"2022-08-04T00:00:00.000","66","RISARALDA","66170","DOSQUEBRADAS","0.077","KILOGRAMO"
"2022-08-04T00:00:00.000","54","NORTE DE SANTANDER","54001","CUCUTA","0.002","KILOGRAMO"
"2022-08-02T00:00:00.000","05","ANTIOQUIA","05001","MEDELLIN","0.0018","KILOGRAMO"
"2022-08-01T00:00:00.000","68","SANTANDER","68081","BARRANCABERMEJA","0.55","KILOGRAMO"
"2022-07-31T00:00:00.000","54","NORTE DE SANTANDER","54001","CUCUTA","0.0052","KILOGRAMO"
"2022-07-31T00:00:00.000","52","NARIÑO","52019","ALBAN","0.01","KILOGRAMO"
"2022-07-30T00:00:00.000","54","NORTE DE SANTANDER","54001","CUCUTA","0.0042","KILOGRAMO"
"2022-07-29T00:00:00.000","54","NORTE DE SANTANDER","54001","CUCUTA","0.007","KILOGRAMO"
"2022-07-28T00:00:00.000","05","ANTIOQUIA","05541","PEÑOL","0.005","KILOGRAMO"
"2022-07-28T00:00:00.000","54","NORTE DE SANTANDER","54001","CUCUTA","0.01","KILOGRAMO"
"2022-07-28T00:00:00.000","05","ANTIOQUIA","05001","MEDELLIN","0.012","KILOGRAMO"
"2022-07-26T00:00:00.000","54","NORTE DE SANTANDER","54001","CUCUTA","0.34","KILOGRAMO"
"2022-07-24T00:00:00.000","54","NORTE DE SANTANDER","54001","CUCUTA","0.006","KILOGRAMO"
"2022-07-23T00:00:00.000","54","NORTE DE SANTANDER","54001","CUCUTA","0.0015","KILOGRAMO"
"2022-07-22T00:00:00.000","05","ANTIOQUIA","05001","MEDELLIN","0.025","KILOGRAMO"
"2022-07-22T00:00:00.000","54","NORTE DE SANTANDER","54001","CUCUTA","0.011","KILOGRAMO"
"2022-07-22T00:00:00.000","05","ANTIOQUIA","05360","ITAGUI","0.02","KILOGRAMO"
"2022-07-20T00:00:00.000","52","NARIÑO","52110","BUESACO","0.01","KILOGRAMO"
"2022-07-20T00:00:00.000","54","NORTE DE SANTANDER","54001","CUCUTA","0.004","KILOGRAMO"
"2022-07-19T00:00:00.000","54","NORTE DE SANTANDER","54001","CUCUTA","0.009","KILOGRAMO"
"2022-07-16T00:00:00.000","66","RISARALDA","66170","DOSQUEBRADAS","0.015","KILOGRAMO"
"2022-07-14T00:00:00.000","54","NORTE DE SANTANDER","54001","CUCUTA","0.0063","KILOGRAMO"
"2022-07-13T00:00:00.000","05","ANTIOQUIA","05308","GIRARDOTA","0.17","KILOGRAMO"
"2022-07-12T00:00:00.000","05","ANTIOQUIA","05190","CISNEROS","0.005","KILOGRAMO"
"2022-07-11T00:00:00.000","54","NORTE DE SANTANDER","54001","CUCUTA","0.0055","KILOGRAMO"
"2022-07-11T00:00:00.000","11","BOGOTA D.C.","11001","BOGOTA D.C.","0.02","KILOGRAMO"
"2022-07-11T00:00:00.000","05","ANTIOQUIA","05001","MEDELLIN","0.0063","KILOGRAMO"
"2022-07-10T00:00:00.000","54","NORTE DE SANTANDER","54001","CUCUTA","0.002","KILOGRAMO"
"2022-07-07T00:00:00.000","05","ANTIOQUIA","05001","MEDELLIN","0.005","KILOGRAMO"
"2022-07-07T00:00:00.000","54","NORTE DE SANTANDER","54405","LOS PATIOS","0.015","KILOGRAMO"
"2022-07-07T00:00:00.000","05","ANTIOQUIA","05380","LA ESTRELLA","0.002","KILOGRAMO"
"2022-07-07T00:00:00.000","19","CAUCA","19698","SANTANDER DE QUILICHAO","0.01","KILOGRAMO"
"2022-07-07T00:00:00.000","54","NORTE DE SANTANDER","54001","CUCUTA","0.00997","KILOGRAMO"
"2022-07-06T00:00:00.000","76","VALLE DEL CAUCA","76001","CALI","0.0075","KILOGRAMO"
"2022-07-05T00:00:00.000","66","RISARALDA","66170","DOSQUEBRADAS","0.012","KILOGRAMO"
"2022-07-04T00:00:00.000","05","ANTIOQUIA","05197","COCORNA","0.001","KILOGRAMO"
"2022-07-04T00:00:00.000","54","NORTE DE SANTANDER","54001","CUCUTA","0.0012","KILOGRAMO"
"2022-07-02T00:00:00.000","54","NORTE DE SANTANDER","54001","CUCUTA","0.0044","KILOGRAMO"
"2022-07-01T00:00:00.000","05","ANTIOQUIA","05129","CALDAS","0.003","KILOGRAMO"
"2022-06-30T00:00:00.000","54","NORTE DE SANTANDER","54001","CUCUTA","0.735","KILOGRAMO"
"2022-06-29T00:00:00.000","52","NARIÑO","52079","BARBACOAS","0.002","KILOGRAMO"
"2022-06-29T00:00:00.000","54","NORTE DE SANTANDER","54001","CUCUTA","0.0051","KILOGRAMO"
"2022-06-27T00:00:00.000","50","META","50001","VILLAVICENCIO","0.011","KILOGRAMO"
"2022-06-27T00:00:00.000","54","NORTE DE SANTANDER","54001","CUCUTA","0.0056","KILOGRAMO"
"2022-06-24T00:00:00.000","05","ANTIOQUIA","05001","MEDELLIN","0.014","KILOGRAMO"
"2022-06-23T00:00:00.000","70","SUCRE","70713","SAN ONOFRE","0.002","KILOGRAMO"
"2022-06-23T00:00:00.000","05","ANTIOQUIA","05001","MEDELLIN","0.00010","KILOGRAMO"
"2022-06-23T00:00:00.000","54","NORTE DE SANTANDER","54001","CUCUTA","0.0145","KILOGRAMO"
"2022-06-23T00:00:00.000","54","NORTE DE SANTANDER","54874","VILLA DEL ROSARIO","0.0107","KILOGRAMO"
"2022-06-22T00:00:00.000","19","CAUCA","19450","MERCADERES","1.05","KILOGRAMO"
"2022-06-22T00:00:00.000","54","NORTE DE SANTANDER","54001","CUCUTA","0.003","KILOGRAMO"
"2022-06-22T00:00:00.000","05","ANTIOQUIA","05138","CAÑASGORDAS","0.07","KILOGRAMO"
"2022-06-22T00:00:00.000","05","ANTIOQUIA","05001","MEDELLIN","0.025","KILOGRAMO"
"2022-06-21T00:00:00.000","05","ANTIOQUIA","05001","MEDELLIN","0.02","KILOGRAMO"
"2022-06-21T00:00:00.000","54","NORTE DE SANTANDER","54405","LOS PATIOS","0.002","KILOGRAMO"
"2022-06-21T00:00:00.000","52","NARIÑO","52356","IPIALES","0.002","KILOGRAMO"
"2022-06-21T00:00:00.000","52","NARIÑO","52378","LA CRUZ","0.002","KILOGRAMO"
"2022-06-20T00:00:00.000","54","NORTE DE SANTANDER","54001","CUCUTA","0.006","KILOGRAMO"
"2022-06-17T00:00:00.000","66","RISARALDA","66001","PEREIRA","0.002","KILOGRAMO"
"2022-06-17T00:00:00.000","52","NARIÑO","52838","TUQUERRES","0.0015","KILOGRAMO"
"2022-06-16T00:00:00.000","11","BOGOTA D.C.","11001","BOGOTA D.C.","0.005","KILOGRAMO"
"2022-06-16T00:00:00.000","54","NORTE DE SANTANDER","54001","CUCUTA","0.014","KILOGRAMO"
"2022-06-16T00:00:00.000","05","ANTIOQUIA","05789","TAMESIS","0.001","KILOGRAMO"
"2022-06-13T00:00:00.000","54","NORTE DE SANTANDER","54001","CUCUTA","0.0089","KILOGRAMO"
"2022-06-12T00:00:00.000","52","NARIÑO","52001","PASTO","0.06","KILOGRAMO"
"2022-06-12T00:00:00.000","54","NORTE DE SANTANDER","54001","CUCUTA","0.004","KILOGRAMO"
"2022-06-11T00:00:00.000","05","ANTIOQUIA","05001","MEDELLIN","0.006","KILOGRAMO"
"2022-06-10T00:00:00.000","54","NORTE DE SANTANDER","54001","CUCUTA","0.053","KILOGRAMO"
"2022-06-10T00:00:00.000","19","CAUCA","19698","SANTANDER DE QUILICHAO","0.015","KILOGRAMO"
"2022-06-10T00:00:00.000","41","HUILA","41615","RIVERA","0.02","KILOGRAMO"
"2022-06-09T00:00:00.000","54","NORTE DE SANTANDER","54001","CUCUTA","0.0048","KILOGRAMO"
"2022-06-08T00:00:00.000","05","ANTIOQUIA","05001","MEDELLIN","0.01","KILOGRAMO"
"2022-06-06T00:00:00.000","52","NARIÑO","52110","BUESACO","10.18","KILOGRAMO"
"2022-06-06T00:00:00.000","05","ANTIOQUIA","05079","BARBOSA","0.008","KILOGRAMO"
"2022-06-05T00:00:00.000","54","NORTE DE SANTANDER","54001","CUCUTA","0.0103","KILOGRAMO"
"2022-06-04T00:00:00.000","54","NORTE DE SANTANDER","54001","CUCUTA","0.0045","KILOGRAMO"
"2022-06-04T00:00:00.000","19","CAUCA","19698","SANTANDER DE QUILICHAO","0.01","KILOGRAMO"
"2022-06-03T00:00:00.000","54","NORTE DE SANTANDER","54001","CUCUTA","0.0028","KILOGRAMO"
"2022-06-03T00:00:00.000","23","CORDOBA","23555","PLANETA RICA","0.07","KILOGRAMO"
"2022-06-03T00:00:00.000","52","NARIÑO","52110","BUESACO","39.7","KILOGRAMO"
"2022-06-02T00:00:00.000","25","CUNDINAMARCA","25513","PACHO","0.013","KILOGRAMO"
"2022-06-02T00:00:00.000","54","NORTE DE SANTANDER","54001","CUCUTA","0.0038","KILOGRAMO"
"2022-06-02T00:00:00.000","05","ANTIOQUIA","05001","MEDELLIN","0.007","KILOGRAMO"
"2022-05-30T00:00:00.000","52","NARIÑO","52835","SAN ANDRES DE TUMACO","0.001","KILOGRAMO"
"2022-05-30T00:00:00.000","05","ANTIOQUIA","05001","MEDELLIN","0.0014","KILOGRAMO"
"2022-05-29T00:00:00.000","54","NORTE DE SANTANDER","54001","CUCUTA","0.005","KILOGRAMO"
"2022-05-28T00:00:00.000","66","RISARALDA","66001","PEREIRA","0.012","KILOGRAMO"
"2022-05-27T00:00:00.000","25","CUNDINAMARCA","25524","PANDI","2.505","KILOGRAMO"
"2022-05-27T00:00:00.000","86","PUTUMAYO","86001","MOCOA","0.004","KILOGRAMO"
"2022-05-27T00:00:00.000","25","CUNDINAMARCA","25286","FUNZA","0.12","KILOGRAMO"
"2022-05-27T00:00:00.000","54","NORTE DE SANTANDER","54001","CUCUTA","0.005","KILOGRAMO"
"2022-05-26T00:00:00.000","05","ANTIOQUIA","05697","EL SANTUARIO","0.069","KILOGRAMO"
"2022-05-26T00:00:00.000","54","NORTE DE SANTANDER","54001","CUCUTA","0.006","KILOGRAMO"
"2022-05-26T00:00:00.000","20","CESAR","20550","PELAYA","0.088","KILOGRAMO"
"2022-05-25T00:00:00.000","54","NORTE DE SANTANDER","54001","CUCUTA","0.0053","KILOGRAMO"
"2022-05-24T00:00:00.000","08","ATLANTICO","08634","SABANAGRANDE","0.112","KILOGRAMO"
"2022-05-24T00:00:00.000","54","NORTE DE SANTANDER","54518","PAMPLONA","0.000040","KILOGRAMO"
"2022-05-23T00:00:00.000","50","META","50001","VILLAVICENCIO","0.032","KILOGRAMO"
"2022-05-23T00:00:00.000","47","MAGDALENA","47570","PUEBLOVIEJO","0.01","KILOGRAMO"
"2022-05-22T00:00:00.000","54","NORTE DE SANTANDER","54001","CUCUTA","0.002","KILOGRAMO"
"2022-05-22T00:00:00.000","11","BOGOTA D.C.","11001","BOGOTA D.C.","0.046","KILOGRAMO"
"2022-05-21T00:00:00.000","54","NORTE DE SANTANDER","54001","CUCUTA","0.01","KILOGRAMO"
"2022-05-21T00:00:00.000","08","ATLANTICO","08001","BARRANQUILLA","0.001","KILOGRAMO"
"2022-05-20T00:00:00.000","05","ANTIOQUIA","05576","PUEBLORRICO","0.002","KILOGRAMO"
"2022-05-20T00:00:00.000","54","NORTE DE SANTANDER","54001","CUCUTA","0.0114","KILOGRAMO"
"2022-05-19T00:00:00.000","84001","ESTADOS UNIDOS DE AMERICA","8400101","ESTADOS UNIDOS DE AMERICA","3","KILOGRAMO"
"2022-05-19T00:00:00.000","25","CUNDINAMARCA","25899","ZIPAQUIRA","0.032","KILOGRAMO"
"2022-05-18T00:00:00.000","63","QUINDIO","63001","ARMENIA","0.002","KILOGRAMO"
"2022-05-16T00:00:00.000","54","NORTE DE SANTANDER","54001","CUCUTA","0.03","KILOGRAMO"
"2022-05-16T00:00:00.000","05","ANTIOQUIA","05390","LA PINTADA","0.059","KILOGRAMO"
"2022-05-15T00:00:00.000","54","NORTE DE SANTANDER","54001","CUCUTA","0.005","KILOGRAMO"
"2022-05-15T00:00:00.000","11","BOGOTA D.C.","11001","BOGOTA D.C.","0.005","KILOGRAMO"
"2022-05-14T00:00:00.000","54","NORTE DE SANTANDER","54001","CUCUTA","0.002","KILOGRAMO"
"2022-05-13T00:00:00.000","54","NORTE DE SANTANDER","54001","CUCUTA","0.0117","KILOGRAMO"
"2022-05-12T00:00:00.000","66","RISARALDA","66170","DOSQUEBRADAS","0.02","KILOGRAMO"
"2022-05-11T00:00:00.000","25","CUNDINAMARCA","25183","CHOCONTA","0.097","KILOGRAMO"
"2022-05-11T00:00:00.000","50","META","50689","SAN MARTIN","0.065","KILOGRAMO"
"2022-05-11T00:00:00.000","05","ANTIOQUIA","05308","GIRARDOTA","0.025","KILOGRAMO"
"2022-05-11T00:00:00.000","54","NORTE DE SANTANDER","54001","CUCUTA","0.0062","KILOGRAMO"
"2022-05-11T00:00:00.000","50","META","50223","CUBARRAL","0.065","KILOGRAMO"
"2022-05-10T00:00:00.000","11","BOGOTA D.C.","11001","BOGOTA D.C.","0.01","KILOGRAMO"
"2022-05-10T00:00:00.000","76","VALLE DEL CAUCA","76248","EL CERRITO","1.2","KILOGRAMO"
"2022-05-10T00:00:00.000","54","NORTE DE SANTANDER","54001","CUCUTA","0.006","KILOGRAMO"
"2022-05-09T00:00:00.000","54","NORTE DE SANTANDER","54001","CUCUTA","0.004","KILOGRAMO"
"2022-05-07T00:00:00.000","54","NORTE DE SANTANDER","54001","CUCUTA","0.7","KILOGRAMO"
"2022-05-04T00:00:00.000","54","NORTE DE SANTANDER","54001","CUCUTA","0.0045","KILOGRAMO"
"2022-05-04T00:00:00.000","63","QUINDIO","63001","ARMENIA","0.004","KILOGRAMO"
"2022-05-03T00:00:00.000","08","ATLANTICO","08638","SABANALARGA","0.003","KILOGRAMO"
"2022-05-02T00:00:00.000","54","NORTE DE SANTANDER","54001","CUCUTA","0.0015","KILOGRAMO"
"2022-05-01T00:00:00.000","52","NARIÑO","52720","SAPUYES","54.14","KILOGRAMO"
"2022-04-30T00:00:00.000","05","ANTIOQUIA","05237","DONMATIAS","0.22","KILOGRAMO"
"2022-04-30T00:00:00.000","66","RISARALDA","66001","PEREIRA","0.003","KILOGRAMO"
"2022-04-30T00:00:00.000","11","BOGOTA D.C.","11001","BOGOTA D.C.","0.002","KILOGRAMO"
"2022-04-29T00:00:00.000","54","NORTE DE SANTANDER","54001","CUCUTA","0.0185","KILOGRAMO"
"2022-04-29T00:00:00.000","66","RISARALDA","66001","PEREIRA","0.02","KILOGRAMO"
"2022-04-28T00:00:00.000","66","RISARALDA","66170","DOSQUEBRADAS","0.003","KILOGRAMO"
"2022-04-28T00:00:00.000","05","ANTIOQUIA","05001","MEDELLIN","1.195","KILOGRAMO"
"2022-04-26T00:00:00.000","25","CUNDINAMARCA","25488","NILO","0.085","KILOGRAMO"
"2022-04-26T00:00:00.000","54","NORTE DE SANTANDER","54518","PAMPLONA","0.0015","KILOGRAMO"
"2022-04-25T00:00:00.000","66","RISARALDA","66170","DOSQUEBRADAS","0.05","KILOGRAMO"
"2022-04-24T00:00:00.000","76","VALLE DEL CAUCA","76001","CALI","0.0032","KILOGRAMO"
"2022-04-23T00:00:00.000","63","QUINDIO","63001","ARMENIA","0.69","KILOGRAMO"
"2022-04-22T00:00:00.000","52","NARIÑO","52110","BUESACO","0.007","KILOGRAMO"
"2022-04-22T00:00:00.000","54","NORTE DE SANTANDER","54001","CUCUTA","0.0069","KILOGRAMO"
"2022-04-21T00:00:00.000","08","ATLANTICO","08573","PUERTO COLOMBIA","0.06","KILOGRAMO"
"2022-04-21T00:00:00.000","68","SANTANDER","68406","LEBRIJA","0.00326","KILOGRAMO"
"2022-04-20T00:00:00.000","47","MAGDALENA","47058","ARIGUANI","0.017","KILOGRAMO"
"2022-04-20T00:00:00.000","54","NORTE DE SANTANDER","54405","LOS PATIOS","0.015","KILOGRAMO"
"2022-04-18T00:00:00.000","54","NORTE DE SANTANDER","54001","CUCUTA","0.0142","KILOGRAMO"
"2022-04-17T00:00:00.000","05","ANTIOQUIA","05679","SANTA BARBARA","0.05","KILOGRAMO"
"2022-04-16T00:00:00.000","63","QUINDIO","63001","ARMENIA","0.06","KILOGRAMO"
"2022-04-15T00:00:00.000","54","NORTE DE SANTANDER","54001","CUCUTA","0.0032","KILOGRAMO"
"2022-04-14T00:00:00.000","66","RISARALDA","66001","PEREIRA","0.005","KILOGRAMO"
"2022-04-13T00:00:00.000","54","NORTE DE SANTANDER","54001","CUCUTA","0.0066","KILOGRAMO"
"2022-04-12T00:00:00.000","05","ANTIOQUIA","05686","SANTA ROSA DE OSOS","0.06","KILOGRAMO"
"2022-04-12T00:00:00.000","54","NORTE DE SANTANDER","54001","CUCUTA","0.0109","KILOGRAMO"
"2022-04-11T00:00:00.000","54","NORTE DE SANTANDER","54001","CUCUTA","0.0047","KILOGRAMO"
"2022-04-11T00:00:00.000","18","CAQUETA","18001","FLORENCIA","0.004","KILOGRAMO"
"2022-04-09T00:00:00.000","54","NORTE DE SANTANDER","54001","CUCUTA","0.012","KILOGRAMO"
"2022-04-08T00:00:00.000","54","NORTE DE SANTANDER","54001","CUCUTA","0.0054","KILOGRAMO"
"2022-04-07T00:00:00.000","05","ANTIOQUIA","05101","CIUDAD BOLIVAR","0.01","KILOGRAMO"
"2022-04-07T00:00:00.000","52","NARIÑO","52678","SAMANIEGO","0.007","KILOGRAMO"
"2022-04-07T00:00:00.000","05","ANTIOQUIA","05001","MEDELLIN","0.008","KILOGRAMO"
"2022-04-06T00:00:00.000","54","NORTE DE SANTANDER","54001","CUCUTA","0.0141","KILOGRAMO"
"2022-04-05T00:00:00.000","08","ATLANTICO","08001","BARRANQUILLA","0.012","KILOGRAMO"
"2022-04-04T00:00:00.000","66","RISARALDA","66170","DOSQUEBRADAS","0.048","KILOGRAMO"
"2022-04-03T00:00:00.000","05","ANTIOQUIA","05001","MEDELLIN","0.001","KILOGRAMO"
"2022-04-03T00:00:00.000","76","VALLE DEL CAUCA","76834","TULUA","0.006","KILOGRAMO"
"2022-04-02T00:00:00.000","54","NORTE DE SANTANDER","54001","CUCUTA","0.0047","KILOGRAMO"
"2022-04-02T00:00:00.000","66","RISARALDA","66170","DOSQUEBRADAS","0.036","KILOGRAMO"
"2022-04-01T00:00:00.000","66","RISARALDA","66001","PEREIRA","0.007","KILOGRAMO"
"2022-04-01T00:00:00.000","66","RISARALDA","66170","DOSQUEBRADAS","0.002","KILOGRAMO"
"2022-04-01T00:00:00.000","54","NORTE DE SANTANDER","54001","CUCUTA","0.02942","KILOGRAMO"
"2022-03-31T00:00:00.000","15","BOYACA","15176","CHIQUINQUIRA","0.0015","KILOGRAMO"
"2022-03-30T00:00:00.000","52","NARIÑO","52838","TUQUERRES","0.006","KILOGRAMO"
"2022-03-30T00:00:00.000","66","RISARALDA","66170","DOSQUEBRADAS","0.01","KILOGRAMO"
"2022-03-30T00:00:00.000","54","NORTE DE SANTANDER","54001","CUCUTA","0.008","KILOGRAMO"
"2022-03-30T00:00:00.000","52","NARIÑO","52399","LA UNION","0.001","KILOGRAMO"
"2022-03-29T00:00:00.000","05","ANTIOQUIA","05579","PUERTO BERRIO","0.078","KILOGRAMO"
"2022-03-29T00:00:00.000","54","NORTE DE SANTANDER","54001","CUCUTA","0.0026","KILOGRAMO"
"2022-03-29T00:00:00.000","52","NARIÑO","52678","SAMANIEGO","0.004","KILOGRAMO"
"2022-03-29T00:00:00.000","05","ANTIOQUIA","05001","MEDELLIN","0.004","KILOGRAMO"
"2022-03-29T00:00:00.000","52","NARIÑO","52001","PASTO","0.036","KILOGRAMO"
"2022-03-28T00:00:00.000","54","NORTE DE SANTANDER","54874","VILLA DEL ROSARIO","0.004","KILOGRAMO"
"2022-03-28T00:00:00.000","52","NARIÑO","52051","ARBOLEDA","0.2","KILOGRAMO"
"2022-03-28T00:00:00.000","54","NORTE DE SANTANDER","54001","CUCUTA","0.0053","KILOGRAMO"
"2022-03-27T00:00:00.000","05","ANTIOQUIA","05001","MEDELLIN","0.002","KILOGRAMO"
"2022-03-27T00:00:00.000","54","NORTE DE SANTANDER","54405","LOS PATIOS","0.366","KILOGRAMO"
"2022-03-27T00:00:00.000","52","NARIÑO","52435","MALLAMA","2","KILOGRAMO"
"2022-03-26T00:00:00.000","54","NORTE DE SANTANDER","54001","CUCUTA","0.0098","KILOGRAMO"
"2022-03-25T00:00:00.000","54","NORTE DE SANTANDER","54001","CUCUTA","0.0054","KILOGRAMO"
"2022-03-25T00:00:00.000","05","ANTIOQUIA","05001","MEDELLIN","0.02","KILOGRAMO"
"2022-03-24T00:00:00.000","15","BOYACA","15572","PUERTO BOYACA","0.3","KILOGRAMO"
"2022-03-23T00:00:00.000","11","BOGOTA D.C.","11001","BOGOTA D.C.","0.003","KILOGRAMO"
"2022-03-23T00:00:00.000","05","ANTIOQUIA","05088","BELLO","0.0012","KILOGRAMO"
"2022-03-23T00:00:00.000","54","NORTE DE SANTANDER","54001","CUCUTA","0.0055","KILOGRAMO"
"2022-03-20T00:00:00.000","54","NORTE DE SANTANDER","54001","CUCUTA","0.00127","KILOGRAMO"
"2022-03-20T00:00:00.000","05","ANTIOQUIA","05001","MEDELLIN","0.005","KILOGRAMO"
"2022-03-20T00:00:00.000","54","NORTE DE SANTANDER","54405","LOS PATIOS","0.0019","KILOGRAMO"
"2022-03-18T00:00:00.000","54","NORTE DE SANTANDER","54001","CUCUTA","0.0023","KILOGRAMO"
"2022-03-18T00:00:00.000","08","ATLANTICO","08001","BARRANQUILLA","0.005","KILOGRAMO"
"2022-03-17T00:00:00.000","54","NORTE DE SANTANDER","54001","CUCUTA","0.008","KILOGRAMO"
"2022-03-17T00:00:00.000","05","ANTIOQUIA","05001","MEDELLIN","0.005","KILOGRAMO"
"2022-03-17T00:00:00.000","25","CUNDINAMARCA","25178","CHIPAQUE","0.002","KILOGRAMO"
"2022-03-17T00:00:00.000","25","CUNDINAMARCA","25126","CAJICA","0.001","KILOGRAMO"
"2022-03-16T00:00:00.000","05","ANTIOQUIA","05001","MEDELLIN","0.01","KILOGRAMO"
"2022-03-16T00:00:00.000","54","NORTE DE SANTANDER","54001","CUCUTA","0.0058","KILOGRAMO"
"2022-03-15T00:00:00.000","54","NORTE DE SANTANDER","54001","CUCUTA","0.0062","KILOGRAMO"
"2022-03-15T00:00:00.000","11","BOGOTA D.C.","11001","BOGOTA D.C.","1.078","KILOGRAMO"
"2022-03-15T00:00:00.000","05","ANTIOQUIA","05212","COPACABANA","0.07","KILOGRAMO"
"2022-03-15T00:00:00.000","54","NORTE DE SANTANDER","54874","VILLA DEL ROSARIO","0.008","KILOGRAMO"
"2022-03-14T00:00:00.000","54","NORTE DE SANTANDER","54001","CUCUTA","0.006","KILOGRAMO"
"2022-03-13T00:00:00.000","05","ANTIOQUIA","05670","SAN ROQUE","0.09","KILOGRAMO"
"2022-03-12T00:00:00.000","05","ANTIOQUIA","05697","EL SANTUARIO","0.05","KILOGRAMO"
"2022-03-12T00:00:00.000","54","NORTE DE SANTANDER","54001","CUCUTA","0.006","KILOGRAMO"
"2022-03-12T00:00:00.000","05","ANTIOQUIA","05390","LA PINTADA","0.025","KILOGRAMO"
"2022-03-12T00:00:00.000","50","META","50001","VILLAVICENCIO","0.05","KILOGRAMO"
"2022-03-12T00:00:00.000","76","VALLE DEL CAUCA","76001","CALI","0.016","KILOGRAMO"
"2022-03-11T00:00:00.000","11","BOGOTA D.C.","11001","BOGOTA D.C.","0.001","KILOGRAMO"
"2022-03-11T00:00:00.000","54","NORTE DE SANTANDER","54001","CUCUTA","0.001","KILOGRAMO"
"2022-03-11T00:00:00.000","05","ANTIOQUIA","05001","MEDELLIN","0.001","KILOGRAMO"
"2022-03-10T00:00:00.000","63","QUINDIO","63001","ARMENIA","0.00133","KILOGRAMO"
"2022-03-10T00:00:00.000","25","CUNDINAMARCA","25572","PUERTO SALGAR","0.181","KILOGRAMO"
"2022-03-10T00:00:00.000","05","ANTIOQUIA","05001","MEDELLIN","0.049","KILOGRAMO"
"2022-03-10T00:00:00.000","54","NORTE DE SANTANDER","54001","CUCUTA","0.0012","KILOGRAMO"
"2022-03-09T00:00:00.000","84001","ESTADOS UNIDOS DE AMERICA","8400101","ESTADOS UNIDOS DE AMERICA","24.004","KILOGRAMO"
"2022-03-09T00:00:00.000","54","NORTE DE SANTANDER","54001","CUCUTA","3.504","KILOGRAMO"
"2022-03-09T00:00:00.000","11","BOGOTA D.C.","11001","BOGOTA D.C.","0.001","KILOGRAMO"
"2022-03-08T00:00:00.000","11","BOGOTA D.C.","11001","BOGOTA D.C.","0.05","KILOGRAMO"
"2022-03-08T00:00:00.000","54","NORTE DE SANTANDER","54001","CUCUTA","0.04","KILOGRAMO"
"2022-03-08T00:00:00.000","63","QUINDIO","63001","ARMENIA","0.00165","KILOGRAMO"
"2022-03-07T00:00:00.000","25","CUNDINAMARCA","25286","FUNZA","0.002","KILOGRAMO"
"2022-03-07T00:00:00.000","54","NORTE DE SANTANDER","54001","CUCUTA","0.004","KILOGRAMO"
"2022-03-07T00:00:00.000","54","NORTE DE SANTANDER","54405","LOS PATIOS","0.0037","KILOGRAMO"
"2022-03-06T00:00:00.000","66","RISARALDA","66170","DOSQUEBRADAS","0.003","KILOGRAMO"
"2022-03-06T00:00:00.000","54","NORTE DE SANTANDER","54001","CUCUTA","0.0259","KILOGRAMO"
"2022-03-06T00:00:00.000","76","VALLE DEL CAUCA","76109","BUENAVENTURA","1.61","KILOGRAMO"
"2022-03-06T00:00:00.000","05","ANTIOQUIA","05001","MEDELLIN","0.004","KILOGRAMO"
"2022-03-05T00:00:00.000","54","NORTE DE SANTANDER","54001","CUCUTA","0.005","KILOGRAMO"
"2022-03-04T00:00:00.000","54","NORTE DE SANTANDER","54001","CUCUTA","0.001","KILOGRAMO"
"2022-03-04T00:00:00.000","76","VALLE DEL CAUCA","76001","CALI","0.012","KILOGRAMO"
"2022-03-04T00:00:00.000","54","NORTE DE SANTANDER","54405","LOS PATIOS","0.002","KILOGRAMO"
"2022-03-03T00:00:00.000","54","NORTE DE SANTANDER","54405","LOS PATIOS","0.004","KILOGRAMO"
"2022-03-03T00:00:00.000","54","NORTE DE SANTANDER","54001","CUCUTA","0.004","KILOGRAMO"
"2022-03-03T00:00:00.000","05","ANTIOQUIA","05686","SANTA ROSA DE OSOS","0.008","KILOGRAMO"
"2022-03-02T00:00:00.000","05","ANTIOQUIA","05001","MEDELLIN","0.0015","KILOGRAMO"
"2022-03-02T00:00:00.000","05","ANTIOQUIA","05679","SANTA BARBARA","0.025","KILOGRAMO"
"2022-03-02T00:00:00.000","54","NORTE DE SANTANDER","54001","CUCUTA","0.008","KILOGRAMO"
"2022-03-02T00:00:00.000","63","QUINDIO","63001","ARMENIA","0.1514","KILOGRAMO"
"2022-03-01T00:00:00.000","54","NORTE DE SANTANDER","54001","CUCUTA","0.0126","KILOGRAMO"
"2022-02-28T00:00:00.000","76","VALLE DEL CAUCA","76001","CALI","1.029","KILOGRAMO"
"2022-02-28T00:00:00.000","66","RISARALDA","66170","DOSQUEBRADAS","0.024","KILOGRAMO"
"2022-02-28T00:00:00.000","54","NORTE DE SANTANDER","54405","LOS PATIOS","0.001","KILOGRAMO"
"2022-02-28T00:00:00.000","25","CUNDINAMARCA","25486","NEMOCON","0.211","KILOGRAMO"
"2022-02-26T00:00:00.000","54","NORTE DE SANTANDER","54001","CUCUTA","0.0045","KILOGRAMO"
"2022-02-26T00:00:00.000","52","NARIÑO","52110","BUESACO","21","KILOGRAMO"
"2022-02-25T00:00:00.000","66","RISARALDA","66001","PEREIRA","0.042","KILOGRAMO"
"2022-02-25T00:00:00.000","11","BOGOTA D.C.","11001","BOGOTA D.C.","0.003","KILOGRAMO"
"2022-02-25T00:00:00.000","54","NORTE DE SANTANDER","54001","CUCUTA","0.02","KILOGRAMO"
"2022-02-24T00:00:00.000","05","ANTIOQUIA","05266","ENVIGADO","0.0013","KILOGRAMO"
"2022-02-24T00:00:00.000","85","CASANARE","85162","MONTERREY","0.036","KILOGRAMO"
"2022-02-24T00:00:00.000","54","NORTE DE SANTANDER","54405","LOS PATIOS","0.005","KILOGRAMO"
"2022-02-24T00:00:00.000","11","BOGOTA D.C.","11001","BOGOTA D.C.","0.015","KILOGRAMO"
"2022-02-24T00:00:00.000","54","NORTE DE SANTANDER","54001","CUCUTA","0.0018","KILOGRAMO"
"2022-02-24T00:00:00.000","54","NORTE DE SANTANDER","54518","PAMPLONA","0.003","KILOGRAMO"
"2022-02-23T00:00:00.000","66","RISARALDA","66001","PEREIRA","0.002","KILOGRAMO"
"2022-02-22T00:00:00.000","05","ANTIOQUIA","05266","ENVIGADO","0.012","KILOGRAMO"
"2022-02-22T00:00:00.000","54","NORTE DE SANTANDER","54001","CUCUTA","0.0024","KILOGRAMO"
"2022-02-21T00:00:00.000","47","MAGDALENA","47980","ZONA BANANERA","0.004","KILOGRAMO"
"2022-02-20T00:00:00.000","54","NORTE DE SANTANDER","54001","CUCUTA","0.011","KILOGRAMO"
"2022-02-20T00:00:00.000","66","RISARALDA","66170","DOSQUEBRADAS","0.013","KILOGRAMO"
"2022-02-20T00:00:00.000","11","BOGOTA D.C.","11001","BOGOTA D.C.","0.005","KILOGRAMO"
"2022-02-19T00:00:00.000","25","CUNDINAMARCA","25322","GUASCA","0.013","KILOGRAMO"
"2022-02-19T00:00:00.000","54","NORTE DE SANTANDER","54001","CUCUTA","0.0456","KILOGRAMO"
"2022-02-19T00:00:00.000","05","ANTIOQUIA","05631","SABANETA","0.019","KILOGRAMO"
"2022-02-17T00:00:00.000","17","CALDAS","17614","RIOSUCIO","0.09","KILOGRAMO"
"2022-02-17T00:00:00.000","54","NORTE DE SANTANDER","54001","CUCUTA","0.002","KILOGRAMO"
"2022-02-16T00:00:00.000","54","NORTE DE SANTANDER","54001","CUCUTA","0.0059","KILOGRAMO"
"2022-02-16T00:00:00.000","66","RISARALDA","66170","DOSQUEBRADAS","0.012","KILOGRAMO"
"2022-02-15T00:00:00.000","05","ANTIOQUIA","05001","MEDELLIN","0.00050","KILOGRAMO"
"2022-02-14T00:00:00.000","54","NORTE DE SANTANDER","54001","CUCUTA","0.0017","KILOGRAMO"
"2022-02-14T00:00:00.000","05","ANTIOQUIA","05001","MEDELLIN","0.001","KILOGRAMO"
"2022-02-13T00:00:00.000","25","CUNDINAMARCA","25758","SOPO","0.011","KILOGRAMO"
"2022-02-12T00:00:00.000","54","NORTE DE SANTANDER","54001","CUCUTA","0.0026","KILOGRAMO"
"2022-02-11T00:00:00.000","23","CORDOBA","23162","CERETE","0.005","KILOGRAMO"
"2022-02-11T00:00:00.000","11","BOGOTA D.C.","11001","BOGOTA D.C.","0.002","KILOGRAMO"
"2022-02-11T00:00:00.000","19","CAUCA","19698","SANTANDER DE QUILICHAO","0.105","KILOGRAMO"
"2022-02-11T00:00:00.000","54","NORTE DE SANTANDER","54405","LOS PATIOS","0.002","KILOGRAMO"
"2022-02-11T00:00:00.000","54","NORTE DE SANTANDER","54001","CUCUTA","0.015","KILOGRAMO"
"2022-02-10T00:00:00.000","19","CAUCA","19698","SANTANDER DE QUILICHAO","0.1","KILOGRAMO"
"2022-02-10T00:00:00.000","54","NORTE DE SANTANDER","54001","CUCUTA","0.018","KILOGRAMO"
"2022-02-10T00:00:00.000","08","ATLANTICO","08001","BARRANQUILLA","0.003","KILOGRAMO"
"2022-02-09T00:00:00.000","63","QUINDIO","63001","ARMENIA","0.003","KILOGRAMO"
"2022-02-09T00:00:00.000","11","BOGOTA D.C.","11001","BOGOTA D.C.","6.446","KILOGRAMO"
"2022-02-09T00:00:00.000","54","NORTE DE SANTANDER","54001","CUCUTA","0.003","KILOGRAMO"
"2022-02-08T00:00:00.000","54","NORTE DE SANTANDER","54001","CUCUTA","0.0065","KILOGRAMO"
"2022-02-08T00:00:00.000","11","BOGOTA D.C.","11001","BOGOTA D.C.","0.04","KILOGRAMO"
"2022-02-07T00:00:00.000","54","NORTE DE SANTANDER","54553","PUERTO SANTANDER","0.004","KILOGRAMO"
"2022-02-07T00:00:00.000","52","NARIÑO","52001","PASTO","4.748","KILOGRAMO"
"2022-02-07T00:00:00.000","05","ANTIOQUIA","05686","SANTA ROSA DE OSOS","0.011","KILOGRAMO"
"2022-02-06T00:00:00.000","66","RISARALDA","66170","DOSQUEBRADAS","0.02","KILOGRAMO"
"2022-02-06T00:00:00.000","05","ANTIOQUIA","05001","MEDELLIN","0.02","KILOGRAMO"
"2022-02-05T00:00:00.000","68","SANTANDER","68276","FLORIDABLANCA","0.993","KILOGRAMO"
"2022-02-04T00:00:00.000","54","NORTE DE SANTANDER","54001","CUCUTA","0.0261","KILOGRAMO"
"2022-02-04T00:00:00.000","66","RISARALDA","66001","PEREIRA","0.005","KILOGRAMO"
"2022-02-03T00:00:00.000","76","VALLE DEL CAUCA","76001","CALI","0.0074","KILOGRAMO"
"2022-02-03T00:00:00.000","05","ANTIOQUIA","05001","MEDELLIN","0.0018","KILOGRAMO"
"2022-02-03T00:00:00.000","54","NORTE DE SANTANDER","54874","VILLA DEL ROSARIO","0.0016","KILOGRAMO"
"2022-02-02T00:00:00.000","05","ANTIOQUIA","05631","SABANETA","0.003","KILOGRAMO"
"2022-02-02T00:00:00.000","68","SANTANDER","68081","BARRANCABERMEJA","0.2","KILOGRAMO"
"2022-02-02T00:00:00.000","54","NORTE DE SANTANDER","54001","CUCUTA","0.015","KILOGRAMO"
"2022-02-01T00:00:00.000","54","NORTE DE SANTANDER","54001","CUCUTA","0.0021","KILOGRAMO"
"2022-01-30T00:00:00.000","52","NARIÑO","52356","IPIALES","0.016","KILOGRAMO"
"2022-01-30T00:00:00.000","47","MAGDALENA","47058","ARIGUANI","0.004","KILOGRAMO"
"2022-01-30T00:00:00.000","05","ANTIOQUIA","05001","MEDELLIN","0.0054","KILOGRAMO"
"2022-01-29T00:00:00.000","05","ANTIOQUIA","05001","MEDELLIN","0.009","KILOGRAMO"
"2022-01-29T00:00:00.000","54","NORTE DE SANTANDER","54518","PAMPLONA","0.045","KILOGRAMO"
"2022-01-28T00:00:00.000","52","NARIÑO","52356","IPIALES","7.021","KILOGRAMO"
"2022-01-27T00:00:00.000","76","VALLE DEL CAUCA","76147","CARTAGO","0.013","KILOGRAMO"
"2022-01-27T00:00:00.000","54","NORTE DE SANTANDER","54001","CUCUTA","0.017","KILOGRAMO"
"2022-01-27T00:00:00.000","05","ANTIOQUIA","05172","CHIGORODO","0.025","KILOGRAMO"
"2022-01-27T00:00:00.000","52","NARIÑO","52356","IPIALES","0.001","KILOGRAMO"
"2022-01-26T00:00:00.000","54","NORTE DE SANTANDER","54405","LOS PATIOS","0.0011","KILOGRAMO"
"2022-01-25T00:00:00.000","23","CORDOBA","23660","SAHAGUN","0.002","KILOGRAMO"
"2022-01-25T00:00:00.000","54","NORTE DE SANTANDER","54001","CUCUTA","0.0262","KILOGRAMO"
"2022-01-25T00:00:00.000","05","ANTIOQUIA","05001","MEDELLIN","0.008","KILOGRAMO"
"2022-01-25T00:00:00.000","23","CORDOBA","23555","PLANETA RICA","0.015","KILOGRAMO"
"2022-01-24T00:00:00.000","54","NORTE DE SANTANDER","54001","CUCUTA","0.0126","KILOGRAMO"
"2022-01-24T00:00:00.000","11","BOGOTA D.C.","11001","BOGOTA D.C.","0.001","KILOGRAMO"
"2022-01-23T00:00:00.000","52","NARIÑO","52022","ALDANA","10.527","KILOGRAMO"
"2022-01-22T00:00:00.000","05","ANTIOQUIA","05001","MEDELLIN","0.034","KILOGRAMO"
"2022-01-22T00:00:00.000","54","NORTE DE SANTANDER","54001","CUCUTA","0.0066","KILOGRAMO"
"2022-01-21T00:00:00.000","52","NARIÑO","52110","BUESACO","0.022","KILOGRAMO"
"2022-01-21T00:00:00.000","54","NORTE DE SANTANDER","54001","CUCUTA","0.04","KILOGRAMO"
"2022-01-19T00:00:00.000","54","NORTE DE SANTANDER","54001","CUCUTA","0.0461","KILOGRAMO"
"2022-01-19T00:00:00.000","21801","ECUADOR","2180101","ECUADOR","72","KILOGRAMO"
"2022-01-18T00:00:00.000","54","NORTE DE SANTANDER","54001","CUCUTA","0.0033","KILOGRAMO"
"2022-01-17T00:00:00.000","25","CUNDINAMARCA","25335","GUAYABETAL","0.3","KILOGRAMO"
"2022-01-17T00:00:00.000","54","NORTE DE SANTANDER","54001","CUCUTA","0.0106","KILOGRAMO"
"2022-01-17T00:00:00.000","05","ANTIOQUIA","05001","MEDELLIN","0.014","KILOGRAMO"
"2022-01-16T00:00:00.000","54","NORTE DE SANTANDER","54874","VILLA DEL ROSARIO","0.001","KILOGRAMO"
"2022-01-15T00:00:00.000","54","NORTE DE SANTANDER","54001","CUCUTA","0.008","KILOGRAMO"
"2022-01-14T00:00:00.000","54","NORTE DE SANTANDER","54001","CUCUTA","0.0116","KILOGRAMO"
"2022-01-14T00:00:00.000","54","NORTE DE SANTANDER","54874","VILLA DEL ROSARIO","0.002","KILOGRAMO"
"2022-01-14T00:00:00.000","54","NORTE DE SANTANDER","54405","LOS PATIOS","0.0087","KILOGRAMO"
"2022-01-14T00:00:00.000","23","CORDOBA","23001","MONTERIA","0.045","KILOGRAMO"
"2022-01-13T00:00:00.000","05","ANTIOQUIA","05088","BELLO","0.0018","KILOGRAMO"
"2022-01-13T00:00:00.000","17","CALDAS","17380","LA DORADA","0.018","KILOGRAMO"
"2022-01-13T00:00:00.000","11","BOGOTA D.C.","11001","BOGOTA D.C.","0.83","KILOGRAMO"
"2022-01-13T00:00:00.000","84001","ESTADOS UNIDOS DE AMERICA","8400101","ESTADOS UNIDOS DE AMERICA","2.4","KILOGRAMO"
"2022-01-12T00:00:00.000","54","NORTE DE SANTANDER","54001","CUCUTA","0.0033","KILOGRAMO"
"2022-01-10T00:00:00.000","54","NORTE DE SANTANDER","54001","CUCUTA","0.0024","KILOGRAMO"
"2022-01-08T00:00:00.000","52","NARIÑO","52356","IPIALES","6.148","KILOGRAMO"
"2022-01-07T00:00:00.000","54","NORTE DE SANTANDER","54001","CUCUTA","0.004","KILOGRAMO"
"2022-01-07T00:00:00.000","41","HUILA","41615","RIVERA","1.82","KILOGRAMO"
"2022-01-01T00:00:00.000","54","NORTE DE SANTANDER","54001","CUCUTA","0.0054","KILOGRAMO"
"2021-12-28T00:00:00.000","76","VALLE DEL CAUCA","76109","BUENAVENTURA","0.006","KILOGRAMO"
"2021-12-26T00:00:00.000","54","NORTE DE SANTANDER","54001","CUCUTA","0.002","KILOGRAMO"
"2021-12-26T00:00:00.000","11","BOGOTA D.C.","11001","BOGOTA D.C.","0.001","KILOGRAMO"
"2021-12-19T00:00:00.000","52","NARIÑO","52110","BUESACO","10","KILOGRAMO"
"2021-12-19T00:00:00.000","05","ANTIOQUIA","05088","BELLO","0.003","KILOGRAMO"
"2021-12-18T00:00:00.000","52","NARIÑO","52110","BUESACO","10","KILOGRAMO"
"2021-12-17T00:00:00.000","05","ANTIOQUIA","05697","EL SANTUARIO","0.01","KILOGRAMO"
"2021-12-17T00:00:00.000","05","ANTIOQUIA","05615","RIONEGRO","1.962","KILOGRAMO"
"2021-12-17T00:00:00.000","66","RISARALDA","66001","PEREIRA","0.002","KILOGRAMO"
"2021-12-17T00:00:00.000","05","ANTIOQUIA","05001","MEDELLIN","0.0012","KILOGRAMO"
"2021-12-15T00:00:00.000","05","ANTIOQUIA","05001","MEDELLIN","0.00050","KILOGRAMO"
"2021-12-12T00:00:00.000","05","ANTIOQUIA","05079","BARBOSA","0.002","KILOGRAMO"
"2021-12-12T00:00:00.000","66","RISARALDA","66001","PEREIRA","0.003","KILOGRAMO"
"2021-12-09T00:00:00.000","54","NORTE DE SANTANDER","54874","VILLA DEL ROSARIO","0.02","KILOGRAMO"
"2021-12-08T00:00:00.000","63","QUINDIO","63001","ARMENIA","0.001","KILOGRAMO"
"2021-12-08T00:00:00.000","05","ANTIOQUIA","05789","TAMESIS","0.001","KILOGRAMO"
"2021-12-07T00:00:00.000","54","NORTE DE SANTANDER","54001","CUCUTA","0.0052","KILOGRAMO"
"2021-12-05T00:00:00.000","54","NORTE DE SANTANDER","54001","CUCUTA","0.0025","KILOGRAMO"
"2021-12-01T00:00:00.000","54","NORTE DE SANTANDER","54001","CUCUTA","0.0036","KILOGRAMO"
"2021-11-28T00:00:00.000","52","NARIÑO","52258","EL TABLON DE GOMEZ","1","KILOGRAMO"
"2021-11-28T00:00:00.000","11","BOGOTA D.C.","11001","BOGOTA D.C.","0.001","KILOGRAMO"
"2021-11-27T00:00:00.000","52","NARIÑO","52258","EL TABLON DE GOMEZ","9","KILOGRAMO"
"2021-11-26T00:00:00.000","66","RISARALDA","66001","PEREIRA","0.001","KILOGRAMO"
"2021-11-25T00:00:00.000","52","NARIÑO","52110","BUESACO","0.101","KILOGRAMO"
"2021-11-25T00:00:00.000","76","VALLE DEL CAUCA","76895","ZARZAL","0.718","KILOGRAMO"
"2021-11-24T00:00:00.000","11","BOGOTA D.C.","11001","BOGOTA D.C.","0.005","KILOGRAMO"
"2021-11-22T00:00:00.000","17","CALDAS","17001","MANIZALES","0.027","KILOGRAMO"
"2021-11-20T00:00:00.000","54","NORTE DE SANTANDER","54001","CUCUTA","0.005","KILOGRAMO"
"2021-11-19T00:00:00.000","54","NORTE DE SANTANDER","54001","CUCUTA","0.0034","KILOGRAMO"
"2021-11-19T00:00:00.000","05","ANTIOQUIA","05001","MEDELLIN","0.001","KILOGRAMO"
"2021-11-18T00:00:00.000","54","NORTE DE SANTANDER","54001","CUCUTA","0.0138","KILOGRAMO"
"2021-11-17T00:00:00.000","66","RISARALDA","66170","DOSQUEBRADAS","0.04","KILOGRAMO"
"2021-11-14T00:00:00.000","66","RISARALDA","66170","DOSQUEBRADAS","0.006","KILOGRAMO"
"2021-11-10T00:00:00.000","54","NORTE DE SANTANDER","54001","CUCUTA","0.003","KILOGRAMO"
"2021-11-09T00:00:00.000","50","META","50689","SAN MARTIN","0.041","KILOGRAMO"
"2021-11-08T00:00:00.000","08","ATLANTICO","08573","PUERTO COLOMBIA","0.087","KILOGRAMO"
"2021-11-06T00:00:00.000","52","NARIÑO","52356","IPIALES","1.5","KILOGRAMO"
"2021-11-03T00:00:00.000","52","NARIÑO","52560","POTOSI","1.03","KILOGRAMO"
"2021-11-01T00:00:00.000","54","NORTE DE SANTANDER","54001","CUCUTA","0.007","KILOGRAMO"
"2021-10-27T00:00:00.000","54","NORTE DE SANTANDER","54001","CUCUTA","0.0071","KILOGRAMO"
"2021-10-26T00:00:00.000","08","ATLANTICO","08573","PUERTO COLOMBIA","0.009","KILOGRAMO"
"2021-10-26T00:00:00.000","54","NORTE DE SANTANDER","54001","CUCUTA","0.0013","KILOGRAMO"
"2021-10-25T00:00:00.000","52","NARIÑO","52110","BUESACO","47.5","KILOGRAMO"
"2021-10-22T00:00:00.000","11","BOGOTA D.C.","11001","BOGOTA D.C.","1.96","KILOGRAMO"
"2021-10-22T00:00:00.000","52","NARIÑO","52001","PASTO","0.5","KILOGRAMO"
"2021-10-21T00:00:00.000","05","ANTIOQUIA","05360","ITAGUI","0.001","KILOGRAMO"
"2021-10-20T00:00:00.000","54","NORTE DE SANTANDER","54001","CUCUTA","0.0055","KILOGRAMO"
"2021-10-19T00:00:00.000","05","ANTIOQUIA","05360","ITAGUI","0.011","KILOGRAMO"
"2021-10-19T00:00:00.000","54","NORTE DE SANTANDER","54001","CUCUTA","0.003","KILOGRAMO"
"2021-10-18T00:00:00.000","54","NORTE DE SANTANDER","54001","CUCUTA","0.004","KILOGRAMO"
"2021-10-17T00:00:00.000","52","NARIÑO","52356","IPIALES","2.003","KILOGRAMO"
"2021-10-12T00:00:00.000","54","NORTE DE SANTANDER","54001","CUCUTA","0.015","KILOGRAMO"
"2021-10-11T00:00:00.000","54","NORTE DE SANTANDER","54001","CUCUTA","0.0223","KILOGRAMO"
"2021-10-11T00:00:00.000","66","RISARALDA","66170","DOSQUEBRADAS","0.005","KILOGRAMO"
"2021-10-10T00:00:00.000","25","CUNDINAMARCA","25320","GUADUAS","0.015","KILOGRAMO"
"2021-10-10T00:00:00.000","54","NORTE DE SANTANDER","54001","CUCUTA","0.068","KILOGRAMO"
"2021-10-08T00:00:00.000","54","NORTE DE SANTANDER","54001","CUCUTA","0.035","KILOGRAMO"
"2021-10-08T00:00:00.000","54","NORTE DE SANTANDER","54874","VILLA DEL ROSARIO","0.002","KILOGRAMO"
"2021-10-07T00:00:00.000","54","NORTE DE SANTANDER","54172","CHINACOTA","0.028","KILOGRAMO"
"2021-10-01T00:00:00.000","54","NORTE DE SANTANDER","54001","CUCUTA","0.135","KILOGRAMO"
"2021-09-26T00:00:00.000","52","NARIÑO","52001","PASTO","2","KILOGRAMO"
"2021-09-24T00:00:00.000","52","NARIÑO","52258","EL TABLON DE GOMEZ","3.244","KILOGRAMO"
"2021-09-24T00:00:00.000","19","CAUCA","19698","SANTANDER DE QUILICHAO","1.02","KILOGRAMO"
"2021-09-23T00:00:00.000","08","ATLANTICO","08573","PUERTO COLOMBIA","0.2","KILOGRAMO"
"2021-09-21T00:00:00.000","05","ANTIOQUIA","05001","MEDELLIN","0.03","KILOGRAMO"
"2021-09-18T00:00:00.000","52","NARIÑO","52001","PASTO","0.02","KILOGRAMO"
"2021-09-18T00:00:00.000","52","NARIÑO","52378","LA CRUZ","3","KILOGRAMO"
"2021-09-17T00:00:00.000","76","VALLE DEL CAUCA","76834","TULUA","0.01","KILOGRAMO"
"2021-09-16T00:00:00.000","50","META","50001","VILLAVICENCIO","0.012","KILOGRAMO"
"2021-09-15T00:00:00.000","54","NORTE DE SANTANDER","54001","CUCUTA","0.0018","KILOGRAMO"
"2021-09-15T00:00:00.000","13","BOLIVAR","13001","CARTAGENA DE INDIAS","0.105","KILOGRAMO"
"2021-09-11T00:00:00.000","54","NORTE DE SANTANDER","54001","CUCUTA","0.002","KILOGRAMO"
"2021-09-10T00:00:00.000","54","NORTE DE SANTANDER","54001","CUCUTA","0.02103","KILOGRAMO"
"2021-09-10T00:00:00.000","52","NARIÑO","52258","EL TABLON DE GOMEZ","5","KILOGRAMO"
"2021-09-10T00:00:00.000","08","ATLANTICO","08638","SABANALARGA","0.011","KILOGRAMO"
"2021-09-09T00:00:00.000","54","NORTE DE SANTANDER","54001","CUCUTA","0.00128","KILOGRAMO"
"2021-09-08T00:00:00.000","54","NORTE DE SANTANDER","54001","CUCUTA","0.0025","KILOGRAMO"
"2021-09-08T00:00:00.000","20","CESAR","20001","VALLEDUPAR","0.07","KILOGRAMO"
"2021-09-04T00:00:00.000","05","ANTIOQUIA","05266","ENVIGADO","0.003","KILOGRAMO"
"2021-09-02T00:00:00.000","11","BOGOTA D.C.","11001","BOGOTA D.C.","2.72","KILOGRAMO"
"2021-08-31T00:00:00.000","54","NORTE DE SANTANDER","54001","CUCUTA","0.007","KILOGRAMO"
"2021-08-28T00:00:00.000","20","CESAR","20750","SAN DIEGO","0.021","KILOGRAMO"
"2021-08-28T00:00:00.000","05","ANTIOQUIA","05001","MEDELLIN","0.012","KILOGRAMO"
"2021-08-27T00:00:00.000","63","QUINDIO","63001","ARMENIA","0.002","KILOGRAMO"
"2021-08-24T00:00:00.000","66","RISARALDA","66001","PEREIRA","0.01","KILOGRAMO"
"2021-08-22T00:00:00.000","15","BOYACA","15759","SOGAMOSO","0.006","KILOGRAMO"
"2021-08-21T00:00:00.000","54","NORTE DE SANTANDER","54001","CUCUTA","0.0048","KILOGRAMO"
"2021-08-21T00:00:00.000","86","PUTUMAYO","86219","COLON","9","KILOGRAMO"
"2021-08-19T00:00:00.000","05","ANTIOQUIA","05147","CAREPA","0.4","KILOGRAMO"
"2021-08-18T00:00:00.000","05","ANTIOQUIA","05079","BARBOSA","0.013","KILOGRAMO"
"2021-08-18T00:00:00.000","05","ANTIOQUIA","05172","CHIGORODO","0.04","KILOGRAMO"
"2021-08-17T00:00:00.000","08","ATLANTICO","08758","SOLEDAD","0.6","KILOGRAMO"
"2021-08-17T00:00:00.000","66","RISARALDA","66001","PEREIRA","0.04","KILOGRAMO"
"2021-08-14T00:00:00.000","54","NORTE DE SANTANDER","54001","CUCUTA","0.00663","KILOGRAMO"
"2021-08-14T00:00:00.000","66","RISARALDA","66170","DOSQUEBRADAS","0.229","KILOGRAMO"
"2021-08-13T00:00:00.000","05","ANTIOQUIA","05001","MEDELLIN","0.0016","KILOGRAMO"
"2021-08-12T00:00:00.000","68","SANTANDER","68255","EL PLAYON","0.025","KILOGRAMO"
"2021-08-12T00:00:00.000","05","ANTIOQUIA","05360","ITAGUI","0.003","KILOGRAMO"
"2021-08-11T00:00:00.000","54","NORTE DE SANTANDER","54001","CUCUTA","0.005","KILOGRAMO"
"2021-08-09T00:00:00.000","54","NORTE DE SANTANDER","54001","CUCUTA","0.006","KILOGRAMO"
"2021-08-08T00:00:00.000","54","NORTE DE SANTANDER","54001","CUCUTA","0.026","KILOGRAMO"
"2021-08-08T00:00:00.000","25","CUNDINAMARCA","25178","CHIPAQUE","0.17","KILOGRAMO"
"2021-08-07T00:00:00.000","54","NORTE DE SANTANDER","54001","CUCUTA","0.008","KILOGRAMO"
"2021-08-06T00:00:00.000","05","ANTIOQUIA","05679","SANTA BARBARA","0.1","KILOGRAMO"
"2021-08-06T00:00:00.000","54","NORTE DE SANTANDER","54001","CUCUTA","0.013","KILOGRAMO"
"2021-08-05T00:00:00.000","54","NORTE DE SANTANDER","54001","CUCUTA","0.00111","KILOGRAMO"
"2021-08-02T00:00:00.000","05","ANTIOQUIA","05001","MEDELLIN","0.006","KILOGRAMO"
"2021-08-02T00:00:00.000","54","NORTE DE SANTANDER","54001","CUCUTA","0.0024","KILOGRAMO"
"2021-07-31T00:00:00.000","21801","ECUADOR","2180101","ECUADOR","16.072","KILOGRAMO"
"2021-07-30T00:00:00.000","05","ANTIOQUIA","05001","MEDELLIN","0.003","KILOGRAMO"
"2021-07-28T00:00:00.000","05","ANTIOQUIA","05001","MEDELLIN","0.002","KILOGRAMO"
"2021-07-27T00:00:00.000","21801","ECUADOR","2180101","ECUADOR","10.97","KILOGRAMO"
"2021-07-26T00:00:00.000","54","NORTE DE SANTANDER","54405","LOS PATIOS","0.0033","KILOGRAMO"
"2021-07-26T00:00:00.000","54","NORTE DE SANTANDER","54001","CUCUTA","0.026","KILOGRAMO"
"2021-07-23T00:00:00.000","85","CASANARE","85010","AGUAZUL","0.24","KILOGRAMO"
"2021-07-22T00:00:00.000","54","NORTE DE SANTANDER","54001","CUCUTA","0.0034","KILOGRAMO"
"2021-07-21T00:00:00.000","76","VALLE DEL CAUCA","76318","GUACARI","0.015","KILOGRAMO"
"2021-07-21T00:00:00.000","66","RISARALDA","66170","DOSQUEBRADAS","0.039","KILOGRAMO"
"2021-07-20T00:00:00.000","54","NORTE DE SANTANDER","54001","CUCUTA","0.00996","KILOGRAMO"
"2021-07-18T00:00:00.000","54","NORTE DE SANTANDER","54874","VILLA DEL ROSARIO","0.005","KILOGRAMO"
"2021-07-15T00:00:00.000","11","BOGOTA D.C.","11001","BOGOTA D.C.","0.01","KILOGRAMO"
"2021-07-13T00:00:00.000","76","VALLE DEL CAUCA","76001","CALI","7","KILOGRAMO"
"2021-07-12T00:00:00.000","54","NORTE DE SANTANDER","54001","CUCUTA","0.00619","KILOGRAMO"
"2021-07-12T00:00:00.000","19","CAUCA","19022","ALMAGUER","5.054","KILOGRAMO"
"2021-07-11T00:00:00.000","54","NORTE DE SANTANDER","54001","CUCUTA","0.003","KILOGRAMO"
"2021-07-10T00:00:00.000","54","NORTE DE SANTANDER","54001","CUCUTA","0.003","KILOGRAMO"
"2021-07-10T00:00:00.000","68","SANTANDER","68081","BARRANCABERMEJA","0.6","KILOGRAMO"
"2021-07-08T00:00:00.000","54","NORTE DE SANTANDER","54001","CUCUTA","0.00626","KILOGRAMO"
"2021-07-07T00:00:00.000","11","BOGOTA D.C.","11001","BOGOTA D.C.","0.001","KILOGRAMO"
"2021-07-05T00:00:00.000","54","NORTE DE SANTANDER","54874","VILLA DEL ROSARIO","0.00711","KILOGRAMO"
"2021-06-30T00:00:00.000","19","CAUCA","19698","SANTANDER DE QUILICHAO","0.015","KILOGRAMO"
"2021-06-30T00:00:00.000","05","ANTIOQUIA","05001","MEDELLIN","0.011","KILOGRAMO"
"2021-06-30T00:00:00.000","54","NORTE DE SANTANDER","54001","CUCUTA","0.0041","KILOGRAMO"
"2021-06-28T00:00:00.000","20","CESAR","20400","LA JAGUA DE IBIRICO","0.014","KILOGRAMO"
"2021-06-28T00:00:00.000","20","CESAR","20550","PELAYA","0.094","KILOGRAMO"
"2021-06-26T00:00:00.000","54","NORTE DE SANTANDER","54001","CUCUTA","0.0035","KILOGRAMO"
"2021-06-25T00:00:00.000","54","NORTE DE SANTANDER","54001","CUCUTA","0.0056","KILOGRAMO"
"2021-06-25T00:00:00.000","41","HUILA","41359","ISNOS","0.007","KILOGRAMO"
"2021-06-23T00:00:00.000","54","NORTE DE SANTANDER","54001","CUCUTA","0.0012","KILOGRAMO"
"2021-06-21T00:00:00.000","66","RISARALDA","66170","DOSQUEBRADAS","0.42","KILOGRAMO"
"2021-06-19T00:00:00.000","54","NORTE DE SANTANDER","54001","CUCUTA","0.005","KILOGRAMO"
"2021-06-19T00:00:00.000","54","NORTE DE SANTANDER","54874","VILLA DEL ROSARIO","0.0015","KILOGRAMO"
"2021-06-18T00:00:00.000","52","NARIÑO","52560","POTOSI","13.737","KILOGRAMO"
"2021-06-18T00:00:00.000","05","ANTIOQUIA","05790","TARAZA","0.005","KILOGRAMO"
"2021-06-18T00:00:00.000","54","NORTE DE SANTANDER","54001","CUCUTA","0.005","KILOGRAMO"
"2021-06-17T00:00:00.000","54","NORTE DE SANTANDER","54001","CUCUTA","0.0362","KILOGRAMO"
"2021-06-15T00:00:00.000","54","NORTE DE SANTANDER","54001","CUCUTA","0.0033","KILOGRAMO"
"2021-06-12T00:00:00.000","05","ANTIOQUIA","05631","SABANETA","0.001","KILOGRAMO"
"2021-06-12T00:00:00.000","54","NORTE DE SANTANDER","54001","CUCUTA","0.0041","KILOGRAMO"
"2021-06-10T00:00:00.000","05","ANTIOQUIA","05376","LA CEJA","0.00010","KILOGRAMO"
"2021-06-10T00:00:00.000","54","NORTE DE SANTANDER","54405","LOS PATIOS","0.002","KILOGRAMO"
"2021-06-09T00:00:00.000","54","NORTE DE SANTANDER","54001","CUCUTA","0.0031","KILOGRAMO"
"2021-06-07T00:00:00.000","54","NORTE DE SANTANDER","54001","CUCUTA","0.006","KILOGRAMO"
"2021-06-06T00:00:00.000","54","NORTE DE SANTANDER","54001","CUCUTA","0.0055","KILOGRAMO"
"2021-06-05T00:00:00.000","54","NORTE DE SANTANDER","54001","CUCUTA","0.007","KILOGRAMO"
"2021-06-02T00:00:00.000","05","ANTIOQUIA","05858","VEGACHI","0.001","KILOGRAMO"
"2021-06-02T00:00:00.000","05","ANTIOQUIA","05001","MEDELLIN","0.021","KILOGRAMO"
"2021-06-02T00:00:00.000","66","RISARALDA","66001","PEREIRA","1","KILOGRAMO"
"2021-06-01T00:00:00.000","05","ANTIOQUIA","05615","RIONEGRO","2.85","KILOGRAMO"
"2021-05-31T00:00:00.000","05","ANTIOQUIA","05001","MEDELLIN","0.015","KILOGRAMO"
"2021-05-31T00:00:00.000","52","NARIÑO","52720","SAPUYES","2.347","KILOGRAMO"
"2021-05-27T00:00:00.000","11","BOGOTA D.C.","11001","BOGOTA D.C.","4.136","KILOGRAMO"
"2021-05-27T00:00:00.000","54","NORTE DE SANTANDER","54001","CUCUTA","0.004","KILOGRAMO"
"2021-05-24T00:00:00.000","54","NORTE DE SANTANDER","54001","CUCUTA","0.0021","KILOGRAMO"
"2021-05-24T00:00:00.000","25","CUNDINAMARCA","25126","CAJICA","0.07","KILOGRAMO"
"2021-05-24T00:00:00.000","05","ANTIOQUIA","05001","MEDELLIN","0.006","KILOGRAMO"
"2021-05-19T00:00:00.000","68","SANTANDER","68615","RIONEGRO","0.03","KILOGRAMO"
"2021-05-18T00:00:00.000","05","ANTIOQUIA","05001","MEDELLIN","0.038","KILOGRAMO"
"2021-05-16T00:00:00.000","05","ANTIOQUIA","05736","SEGOVIA","0.015","KILOGRAMO"
"2021-05-13T00:00:00.000","52","NARIÑO","52678","SAMANIEGO","0.006","KILOGRAMO"
"2021-05-12T00:00:00.000","54","NORTE DE SANTANDER","54001","CUCUTA","0.0012","KILOGRAMO"
"2021-05-11T00:00:00.000","05","ANTIOQUIA","05001","MEDELLIN","0.0022","KILOGRAMO"
"2021-05-09T00:00:00.000","54","NORTE DE SANTANDER","54001","CUCUTA","0.0018","KILOGRAMO"
"2021-05-02T00:00:00.000","54","NORTE DE SANTANDER","54001","CUCUTA","0.0038","KILOGRAMO"
"2021-05-01T00:00:00.000","54","NORTE DE SANTANDER","54001","CUCUTA","1.877","KILOGRAMO"
"2021-04-30T00:00:00.000","66","RISARALDA","66170","DOSQUEBRADAS","0.024","KILOGRAMO"
"2021-04-29T00:00:00.000","63","QUINDIO","63130","CALARCA","0.013","KILOGRAMO"
"2021-04-29T00:00:00.000","23","CORDOBA","23001","MONTERIA","0.032","KILOGRAMO"
"2021-04-28T00:00:00.000","25","CUNDINAMARCA","25530","PARATEBUENO","0.015","KILOGRAMO"
"2021-04-27T00:00:00.000","54","NORTE DE SANTANDER","54001","CUCUTA","0.00305","KILOGRAMO"
"2021-04-27T00:00:00.000","73","TOLIMA","73449","MELGAR","0.001","KILOGRAMO"
"2021-04-27T00:00:00.000","52","NARIÑO","52356","IPIALES","22.628","KILOGRAMO"
"2021-04-26T00:00:00.000","63","QUINDIO","63001","ARMENIA","0.76","KILOGRAMO"
"2021-04-25T00:00:00.000","54","NORTE DE SANTANDER","54001","CUCUTA","0.029","KILOGRAMO"
"2021-04-24T00:00:00.000","05","ANTIOQUIA","05001","MEDELLIN","0.012","KILOGRAMO"
"2021-04-23T00:00:00.000","05","ANTIOQUIA","05001","MEDELLIN","0.004","KILOGRAMO"
"2021-04-23T00:00:00.000","54","NORTE DE SANTANDER","54001","CUCUTA","0.004","KILOGRAMO"
"2021-04-23T00:00:00.000","63","QUINDIO","63001","ARMENIA","0.01","KILOGRAMO"
"2021-04-22T00:00:00.000","54","NORTE DE SANTANDER","54001","CUCUTA","0.004","KILOGRAMO"
"2021-04-22T00:00:00.000","05","ANTIOQUIA","05001","MEDELLIN","0.05","KILOGRAMO"
"2021-04-21T00:00:00.000","19","CAUCA","19807","TIMBIO","0.015","KILOGRAMO"
"2021-04-21T00:00:00.000","52","NARIÑO","52001","PASTO","22.82","KILOGRAMO"
"2021-04-18T00:00:00.000","23","CORDOBA","23001","MONTERIA","0.009","KILOGRAMO"
"2021-04-14T00:00:00.000","08","ATLANTICO","08573","PUERTO COLOMBIA","0.004","KILOGRAMO"
"2021-04-14T00:00:00.000","50","META","50689","SAN MARTIN","0.02","KILOGRAMO"
"2021-04-13T00:00:00.000","05","ANTIOQUIA","05001","MEDELLIN","0.004","KILOGRAMO"
"2021-04-13T00:00:00.000","08","ATLANTICO","08001","BARRANQUILLA","0.001","KILOGRAMO"
"2021-04-13T00:00:00.000","20","CESAR","20011","AGUACHICA","0.007","KILOGRAMO"
"2021-04-13T00:00:00.000","63","QUINDIO","63001","ARMENIA","0.004","KILOGRAMO"
"2021-04-12T00:00:00.000","54","NORTE DE SANTANDER","54001","CUCUTA","0.003","KILOGRAMO"
"2021-04-11T00:00:00.000","54","NORTE DE SANTANDER","54001","CUCUTA","0.003","KILOGRAMO"
"2021-04-11T00:00:00.000","66","RISARALDA","66001","PEREIRA","0.001","KILOGRAMO"
"2021-04-10T00:00:00.000","52","NARIÑO","52356","IPIALES","0.0106","KILOGRAMO"
"2021-04-10T00:00:00.000","66","RISARALDA","66001","PEREIRA","0.01","KILOGRAMO"
"2021-04-09T00:00:00.000","54","NORTE DE SANTANDER","54518","PAMPLONA","0.001","KILOGRAMO"
"2021-04-08T00:00:00.000","76","VALLE DEL CAUCA","76403","LA VICTORIA","0.1","KILOGRAMO"
"2021-04-08T00:00:00.000","54","NORTE DE SANTANDER","54001","CUCUTA","0.01","KILOGRAMO"
"2021-04-08T00:00:00.000","05","ANTIOQUIA","05001","MEDELLIN","0.0061","KILOGRAMO"
"2021-04-08T00:00:00.000","52","NARIÑO","52356","IPIALES","0.742","KILOGRAMO"
"2021-04-06T00:00:00.000","66","RISARALDA","66170","DOSQUEBRADAS","0.066","KILOGRAMO"
"2021-04-03T00:00:00.000","54","NORTE DE SANTANDER","54720","SARDINATA","0.013","KILOGRAMO"
"2021-04-01T00:00:00.000","20","CESAR","20060","BOSCONIA","0.013","KILOGRAMO"
"2021-04-01T00:00:00.000","54","NORTE DE SANTANDER","54001","CUCUTA","0.0083","KILOGRAMO"
"2021-04-01T00:00:00.000","86","PUTUMAYO","86757","SAN MIGUEL","1.694","KILOGRAMO"
"2021-03-31T00:00:00.000","50","META","50001","VILLAVICENCIO","0.03","KILOGRAMO"
"2021-03-31T00:00:00.000","66","RISARALDA","66001","PEREIRA","0.003","KILOGRAMO"
"2021-03-31T00:00:00.000","70","SUCRE","70418","LOS PALMITOS","0.001","KILOGRAMO"
"2021-03-31T00:00:00.000","05","ANTIOQUIA","05607","RETIRO","0.005","KILOGRAMO"
"2021-03-29T00:00:00.000","76","VALLE DEL CAUCA","76892","YUMBO","0.006","KILOGRAMO"
"2021-03-28T00:00:00.000","76","VALLE DEL CAUCA","76109","BUENAVENTURA","2","KILOGRAMO"
"2021-03-27T00:00:00.000","25","CUNDINAMARCA","25269","FACATATIVA","1.343","KILOGRAMO"
"2021-03-27T00:00:00.000","54","NORTE DE SANTANDER","54001","CUCUTA","0.004","KILOGRAMO"
"2021-03-26T00:00:00.000","68","SANTANDER","68190","CIMITARRA","0.139","KILOGRAMO"
"2021-03-25T00:00:00.000","25","CUNDINAMARCA","25307","GIRARDOT","0.001","KILOGRAMO"
"2021-03-25T00:00:00.000","52","NARIÑO","52001","PASTO","22","KILOGRAMO"
"2021-03-24T00:00:00.000","54","NORTE DE SANTANDER","54001","CUCUTA","0.04","KILOGRAMO"
"2021-03-23T00:00:00.000","54","NORTE DE SANTANDER","54001","CUCUTA","0.00567","KILOGRAMO"
"2021-03-22T00:00:00.000","41","HUILA","41770","SUAZA","0.002","KILOGRAMO"
"2021-03-22T00:00:00.000","05","ANTIOQUIA","05001","MEDELLIN","0.0024","KILOGRAMO"
"2021-03-20T00:00:00.000","20","CESAR","20011","AGUACHICA","0.1","KILOGRAMO"
"2021-03-20T00:00:00.000","05","ANTIOQUIA","05001","MEDELLIN","0.0045","KILOGRAMO"
"2021-03-20T00:00:00.000","20","CESAR","20228","CURUMANI","0.092","KILOGRAMO"
"2021-03-20T00:00:00.000","05","ANTIOQUIA","05190","CISNEROS","0.004","KILOGRAMO"
"2021-03-20T00:00:00.000","20","CESAR","20001","VALLEDUPAR","0.013","KILOGRAMO"
"2021-03-19T00:00:00.000","25","CUNDINAMARCA","25843","VILLA DE SAN DIEGO DE UBATE","0.001","KILOGRAMO"
"2021-03-19T00:00:00.000","08","ATLANTICO","08685","SANTO TOMAS","0.013","KILOGRAMO"
"2021-03-19T00:00:00.000","66","RISARALDA","66170","DOSQUEBRADAS","0.1","KILOGRAMO"
"2021-03-19T00:00:00.000","25","CUNDINAMARCA","25286","FUNZA","0.001","KILOGRAMO"
"2021-03-18T00:00:00.000","11","BOGOTA D.C.","11001","BOGOTA D.C.","0.003","KILOGRAMO"
"2021-03-18T00:00:00.000","52","NARIÑO","52838","TUQUERRES","0.005","KILOGRAMO"
"2021-03-17T00:00:00.000","73","TOLIMA","73026","ALVARADO","0.164","KILOGRAMO"
"2021-03-17T00:00:00.000","66","RISARALDA","66001","PEREIRA","0.013","KILOGRAMO"
"2021-03-16T00:00:00.000","54","NORTE DE SANTANDER","54001","CUCUTA","0.0011","KILOGRAMO"
"2021-03-16T00:00:00.000","18","CAQUETA","18001","FLORENCIA","0.002","KILOGRAMO"
"2021-03-15T00:00:00.000","76","VALLE DEL CAUCA","76892","YUMBO","0.005","KILOGRAMO"
"2021-03-15T00:00:00.000","20","CESAR","20770","SAN MARTIN","0.003","KILOGRAMO"
"2021-03-15T00:00:00.000","05","ANTIOQUIA","05579","PUERTO BERRIO","0.15","KILOGRAMO"
"2021-03-14T00:00:00.000","52","NARIÑO","52110","BUESACO","11.66","KILOGRAMO"
"2021-03-13T00:00:00.000","54","NORTE DE SANTANDER","54001","CUCUTA","0.004","KILOGRAMO"
"2021-03-12T00:00:00.000","47","MAGDALENA","47460","NUEVA GRANADA","0.02","KILOGRAMO"
"2021-03-12T00:00:00.000","54","NORTE DE SANTANDER","54001","CUCUTA","0.014","KILOGRAMO"
"2021-03-12T00:00:00.000","52","NARIÑO","52019","ALBAN","0.0137","KILOGRAMO"
"2021-03-11T00:00:00.000","54","NORTE DE SANTANDER","54001","CUCUTA","0.004","KILOGRAMO"
"2021-03-10T00:00:00.000","25","CUNDINAMARCA","25148","CAPARRAPI","0.17","KILOGRAMO"
"2021-03-09T00:00:00.000","05","ANTIOQUIA","05001","MEDELLIN","0.0014","KILOGRAMO"
"2021-03-09T00:00:00.000","54","NORTE DE SANTANDER","54405","LOS PATIOS","0.98","KILOGRAMO"
"2021-03-06T00:00:00.000","52","NARIÑO","52240","CHACHAGÜI","1.104","KILOGRAMO"
"2021-03-05T00:00:00.000","66","RISARALDA","66170","DOSQUEBRADAS","0.08","KILOGRAMO"
"2021-03-04T00:00:00.000","25","CUNDINAMARCA","25486","NEMOCON","0.159","KILOGRAMO"
"2021-03-04T00:00:00.000","25","CUNDINAMARCA","25183","CHOCONTA","0.001","KILOGRAMO"
"2021-03-04T00:00:00.000","25","CUNDINAMARCA","25743","SILVANIA","0.039","KILOGRAMO"
"2021-03-03T00:00:00.000","73","TOLIMA","73449","MELGAR","3.25","KILOGRAMO"
"2021-03-03T00:00:00.000","08","ATLANTICO","08001","BARRANQUILLA","0.003","KILOGRAMO"
"2021-03-03T00:00:00.000","11","BOGOTA D.C.","11001","BOGOTA D.C.","0.02","KILOGRAMO"
"2021-03-02T00:00:00.000","54","NORTE DE SANTANDER","54405","LOS PATIOS","0.05","KILOGRAMO"
"2021-03-02T00:00:00.000","25","CUNDINAMARCA","25295","GACHANCIPA","0.071","KILOGRAMO"
"2021-03-01T00:00:00.000","25","CUNDINAMARCA","25269","FACATATIVA","0.038","KILOGRAMO"
"2021-03-01T00:00:00.000","68","SANTANDER","68406","LEBRIJA","0.002","KILOGRAMO"
"2021-02-28T00:00:00.000","54","NORTE DE SANTANDER","54001","CUCUTA","0.002","KILOGRAMO"
"2021-02-27T00:00:00.000","17","CALDAS","17614","RIOSUCIO","0.089","KILOGRAMO"
"2021-02-27T00:00:00.000","25","CUNDINAMARCA","25743","SILVANIA","0.02","KILOGRAMO"
"2021-02-26T00:00:00.000","11","BOGOTA D.C.","11001","BOGOTA D.C.","3.135","KILOGRAMO"
"2021-02-25T00:00:00.000","11","BOGOTA D.C.","11001","BOGOTA D.C.","0.006","KILOGRAMO"
"2021-02-24T00:00:00.000","20","CESAR","20011","AGUACHICA","0.02","KILOGRAMO"
"2021-02-24T00:00:00.000","54","NORTE DE SANTANDER","54405","LOS PATIOS","0.004","KILOGRAMO"
"2021-02-23T00:00:00.000","54","NORTE DE SANTANDER","54001","CUCUTA","0.0085","KILOGRAMO"
"2021-02-23T00:00:00.000","50","META","50573","PUERTO LOPEZ","0.03","KILOGRAMO"
"2021-02-23T00:00:00.000","23","CORDOBA","23660","SAHAGUN","0.061","KILOGRAMO"
"2021-02-22T00:00:00.000","63","QUINDIO","63001","ARMENIA","0.123","KILOGRAMO"
"2021-02-22T00:00:00.000","54","NORTE DE SANTANDER","54001","CUCUTA","0.00985","KILOGRAMO"
"2021-02-22T00:00:00.000","52","NARIÑO","52356","IPIALES","1.3","KILOGRAMO"
"2021-02-20T00:00:00.000","66","RISARALDA","66170","DOSQUEBRADAS","0.116","KILOGRAMO"
"2021-02-20T00:00:00.000","20","CESAR","20001","VALLEDUPAR","0.012","KILOGRAMO"
"2021-02-19T00:00:00.000","08","ATLANTICO","08573","PUERTO COLOMBIA","0.012","KILOGRAMO"
"2021-02-19T00:00:00.000","17","CALDAS","17380","LA DORADA","0.02","KILOGRAMO"
"2021-02-18T00:00:00.000","25","CUNDINAMARCA","25175","CHIA","0.01","KILOGRAMO"
"2021-02-17T00:00:00.000","54","NORTE DE SANTANDER","54001","CUCUTA","0.019","KILOGRAMO"
"2021-02-17T00:00:00.000","15","BOYACA","15131","CALDAS","0.001","KILOGRAMO"
"2021-02-16T00:00:00.000","25","CUNDINAMARCA","25269","FACATATIVA","0.006","KILOGRAMO"
"2021-02-16T00:00:00.000","05","ANTIOQUIA","05390","LA PINTADA","0.1","KILOGRAMO"
"2021-02-15T00:00:00.000","50","META","50001","VILLAVICENCIO","0.2","KILOGRAMO"
"2021-02-14T00:00:00.000","19","CAUCA","19300","GUACHENE","1.05","KILOGRAMO"
"2021-02-13T00:00:00.000","25","CUNDINAMARCA","25875","VILLETA","0.05","KILOGRAMO"
"2021-02-13T00:00:00.000","54","NORTE DE SANTANDER","54001","CUCUTA","0.0037","KILOGRAMO"
"2021-02-13T00:00:00.000","19","CAUCA","19845","VILLA RICA","1.05","KILOGRAMO"
"2021-02-12T00:00:00.000","25","CUNDINAMARCA","25151","CAQUEZA","0.052","KILOGRAMO"
"2021-02-12T00:00:00.000","25","CUNDINAMARCA","25178","CHIPAQUE","0.052","KILOGRAMO"
"2021-02-12T00:00:00.000","19","CAUCA","19142","CALOTO","0.037","KILOGRAMO"
"2021-02-10T00:00:00.000","54","NORTE DE SANTANDER","54001","CUCUTA","0.0032","KILOGRAMO"
"2021-02-08T00:00:00.000","54","NORTE DE SANTANDER","54001","CUCUTA","0.0072","KILOGRAMO"
"2021-02-07T00:00:00.000","11","BOGOTA D.C.","11001","BOGOTA D.C.","0.022","KILOGRAMO"
"2021-02-06T00:00:00.000","54","NORTE DE SANTANDER","54001","CUCUTA","0.0041","KILOGRAMO"
"2021-02-05T00:00:00.000","54","NORTE DE SANTANDER","54001","CUCUTA","0.0047","KILOGRAMO"
"2021-02-04T00:00:00.000","47","MAGDALENA","47570","PUEBLOVIEJO","0.008","KILOGRAMO"
"2021-02-04T00:00:00.000","05","ANTIOQUIA","05001","MEDELLIN","0.00010","KILOGRAMO"
"2021-02-04T00:00:00.000","54","NORTE DE SANTANDER","54001","CUCUTA","0.0072","KILOGRAMO"
"2021-02-03T00:00:00.000","54","NORTE DE SANTANDER","54001","CUCUTA","0.022","KILOGRAMO"
"2021-02-02T00:00:00.000","11","BOGOTA D.C.","11001","BOGOTA D.C.","0.002","KILOGRAMO"
"2021-02-02T00:00:00.000","23","CORDOBA","23660","SAHAGUN","0.012","KILOGRAMO"
"2021-02-02T00:00:00.000","54","NORTE DE SANTANDER","54001","CUCUTA","0.004","KILOGRAMO"
"2021-02-01T00:00:00.000","25","CUNDINAMARCA","25126","CAJICA","0.02","KILOGRAMO"
"2021-02-01T00:00:00.000","54","NORTE DE SANTANDER","54001","CUCUTA","0.009","KILOGRAMO"
"2021-02-01T00:00:00.000","05","ANTIOQUIA","05237","DONMATIAS","0.05","KILOGRAMO"
"2021-01-31T00:00:00.000","54","NORTE DE SANTANDER","54001","CUCUTA","0.005","KILOGRAMO"
"2021-01-31T00:00:00.000","66","RISARALDA","66170","DOSQUEBRADAS","0.025","KILOGRAMO"
"2021-01-31T00:00:00.000","25","CUNDINAMARCA","25269","FACATATIVA","0.005","KILOGRAMO"
"2021-01-30T00:00:00.000","52","NARIÑO","52378","LA CRUZ","48.951","KILOGRAMO"
"2021-01-30T00:00:00.000","68","SANTANDER","68081","BARRANCABERMEJA","0.15","KILOGRAMO"
"2021-01-30T00:00:00.000","54","NORTE DE SANTANDER","54001","CUCUTA","0.0031","KILOGRAMO"
"2021-01-29T00:00:00.000","25","CUNDINAMARCA","25430","MADRID","0.0041","KILOGRAMO"
"2021-01-29T00:00:00.000","08","ATLANTICO","08573","PUERTO COLOMBIA","0.031","KILOGRAMO"
"2021-01-29T00:00:00.000","25","CUNDINAMARCA","25290","FUSAGASUGA","0.001","KILOGRAMO"
"2021-01-28T00:00:00.000","52","NARIÑO","52001","PASTO","0.05","KILOGRAMO"
"2021-01-28T00:00:00.000","05","ANTIOQUIA","05837","TURBO","0.006","KILOGRAMO"
"2021-01-28T00:00:00.000","25","CUNDINAMARCA","25148","CAPARRAPI","0.003","KILOGRAMO"
"2021-01-28T00:00:00.000","05","ANTIOQUIA","05001","MEDELLIN","0.014","KILOGRAMO"
"2021-01-27T00:00:00.000","81","ARAUCA","81001","ARAUCA","0.001","KILOGRAMO"
"2021-01-27T00:00:00.000","54","NORTE DE SANTANDER","54001","CUCUTA","0.0178","KILOGRAMO"
"2021-01-26T00:00:00.000","54","NORTE DE SANTANDER","54001","CUCUTA","0.015","KILOGRAMO"
"2021-01-26T00:00:00.000","76","VALLE DEL CAUCA","76147","CARTAGO","0.001","KILOGRAMO"
"2021-01-25T00:00:00.000","54","NORTE DE SANTANDER","54001","CUCUTA","0.001","KILOGRAMO"
"2021-01-25T00:00:00.000","73","TOLIMA","73001","IBAGUE","0.035","KILOGRAMO"
"2021-01-25T00:00:00.000","25","CUNDINAMARCA","25175","CHIA","0.001","KILOGRAMO"
"2021-01-24T00:00:00.000","76","VALLE DEL CAUCA","76147","CARTAGO","0.003","KILOGRAMO"
"2021-01-24T00:00:00.000","76","VALLE DEL CAUCA","76834","TULUA","0.04","KILOGRAMO"
"2021-01-23T00:00:00.000","76","VALLE DEL CAUCA","76001","CALI","0.083","KILOGRAMO"
"2021-01-23T00:00:00.000","20","CESAR","20011","AGUACHICA","0.096","KILOGRAMO"
"2021-01-22T00:00:00.000","76","VALLE DEL CAUCA","76147","CARTAGO","0.007","KILOGRAMO"
"2021-01-22T00:00:00.000","54","NORTE DE SANTANDER","54001","CUCUTA","0.0037","KILOGRAMO"
"2021-01-22T00:00:00.000","19","CAUCA","19001","POPAYAN","1.864","KILOGRAMO"
"2021-01-21T00:00:00.000","76","VALLE DEL CAUCA","76892","YUMBO","0.016","KILOGRAMO"
"2021-01-21T00:00:00.000","17","CALDAS","17380","LA DORADA","0.017","KILOGRAMO"
"2021-01-21T00:00:00.000","54","NORTE DE SANTANDER","54001","CUCUTA","0.0037","KILOGRAMO"
"2021-01-21T00:00:00.000","47","MAGDALENA","47460","NUEVA GRANADA","0.003","KILOGRAMO"
"2021-01-20T00:00:00.000","25","CUNDINAMARCA","25486","NEMOCON","0.041","KILOGRAMO"
"2021-01-20T00:00:00.000","54","NORTE DE SANTANDER","54001","CUCUTA","0.0104","KILOGRAMO"
"2021-01-19T00:00:00.000","54","NORTE DE SANTANDER","54001","CUCUTA","0.003","KILOGRAMO"
"2021-01-18T00:00:00.000","54","NORTE DE SANTANDER","54001","CUCUTA","0.0035","KILOGRAMO"
"2021-01-17T00:00:00.000","54","NORTE DE SANTANDER","54001","CUCUTA","0.00266","KILOGRAMO"
"2021-01-15T00:00:00.000","54","NORTE DE SANTANDER","54001","CUCUTA","0.01","KILOGRAMO"
"2021-01-14T00:00:00.000","52","NARIÑO","52317","GUACHUCAL","2.36","KILOGRAMO"
"2021-01-14T00:00:00.000","76","VALLE DEL CAUCA","76113","BUGALAGRANDE","0.485","KILOGRAMO"
"2021-01-12T00:00:00.000","54","NORTE DE SANTANDER","54001","CUCUTA","0.0098","KILOGRAMO"
"2021-01-11T00:00:00.000","85","CASANARE","85410","TAURAMENA","0.035","KILOGRAMO"
"2021-01-06T00:00:00.000","52","NARIÑO","52838","TUQUERRES","0.83","KILOGRAMO"
"2021-01-02T00:00:00.000","63","QUINDIO","63001","ARMENIA","0.002","KILOGRAMO"
"2021-01-02T00:00:00.000","11","BOGOTA D.C.","11001","BOGOTA D.C.","4.23","KILOGRAMO"
"2020-12-29T00:00:00.000","17","CALDAS","17001","MANIZALES","0.002","KILOGRAMO"
"2020-12-19T00:00:00.000","11","BOGOTA D.C.","11001","BOGOTA D.C.","0.052","KILOGRAMO"
"2020-12-19T00:00:00.000","66","RISARALDA","66170","DOSQUEBRADAS","0.025","KILOGRAMO"
"2020-12-15T00:00:00.000","05","ANTIOQUIA","05001","MEDELLIN","0.0065","KILOGRAMO"
"2020-12-15T00:00:00.000","54","NORTE DE SANTANDER","54001","CUCUTA","0.0047","KILOGRAMO"
"2020-12-07T00:00:00.000","44","LA GUAJIRA","44078","BARRANCAS","0.007","KILOGRAMO"
"2020-12-06T00:00:00.000","76","VALLE DEL CAUCA","76001","CALI","0.0188","KILOGRAMO"
"2020-12-04T00:00:00.000","20","CESAR","20443","MANAURE BALCON DEL CESAR","0.001","KILOGRAMO"
"2020-12-01T00:00:00.000","63","QUINDIO","63001","ARMENIA","0.003","KILOGRAMO"
"2020-11-30T00:00:00.000","19","CAUCA","19698","SANTANDER DE QUILICHAO","0.003","KILOGRAMO"
"2020-11-29T00:00:00.000","66","RISARALDA","66001","PEREIRA","0.009","KILOGRAMO"
"2020-11-25T00:00:00.000","41","HUILA","41359","ISNOS","0.001","KILOGRAMO"
"2020-11-20T00:00:00.000","05","ANTIOQUIA","05736","SEGOVIA","0.18","KILOGRAMO"
"2020-11-18T00:00:00.000","63","QUINDIO","63001","ARMENIA","0.001","KILOGRAMO"
"2020-11-15T00:00:00.000","20","CESAR","20001","VALLEDUPAR","0.001","KILOGRAMO"
"2020-11-13T00:00:00.000","23","CORDOBA","23001","MONTERIA","0.006","KILOGRAMO"
"2020-11-12T00:00:00.000","85","CASANARE","85440","VILLANUEVA","0.032","KILOGRAMO"
"2020-11-12T00:00:00.000","54","NORTE DE SANTANDER","54001","CUCUTA","0.008","KILOGRAMO"
"2020-11-11T00:00:00.000","05","ANTIOQUIA","05001","MEDELLIN","0.037","KILOGRAMO"
"2020-11-11T00:00:00.000","54","NORTE DE SANTANDER","54001","CUCUTA","0.009","KILOGRAMO"
"2020-11-08T00:00:00.000","54","NORTE DE SANTANDER","54001","CUCUTA","0.002","KILOGRAMO"
"2020-11-06T00:00:00.000","05","ANTIOQUIA","05001","MEDELLIN","0.001","KILOGRAMO"
"2020-11-06T00:00:00.000","44","LA GUAJIRA","44001","RIOHACHA","0.003","KILOGRAMO"
"2020-11-05T00:00:00.000","54","NORTE DE SANTANDER","54001","CUCUTA","0.06","KILOGRAMO"
"2020-11-05T00:00:00.000","19","CAUCA","19532","PATIA","1.749","KILOGRAMO"
"2020-11-02T00:00:00.000","54","NORTE DE SANTANDER","54001","CUCUTA","0.00465","KILOGRAMO"
"2020-11-01T00:00:00.000","11","BOGOTA D.C.","11001","BOGOTA D.C.","0.009","KILOGRAMO"
"2020-10-30T00:00:00.000","05","ANTIOQUIA","05697","EL SANTUARIO","0.002","KILOGRAMO"
"2020-10-28T00:00:00.000","54","NORTE DE SANTANDER","54001","CUCUTA","0.0053","KILOGRAMO"
"2020-10-28T00:00:00.000","05","ANTIOQUIA","05308","GIRARDOTA","0.051","KILOGRAMO"
"2020-10-26T00:00:00.000","05","ANTIOQUIA","05615","RIONEGRO","0.011","KILOGRAMO"
"2020-10-23T00:00:00.000","76","VALLE DEL CAUCA","76001","CALI","0.003","KILOGRAMO"
"2020-10-22T00:00:00.000","19","CAUCA","19698","SANTANDER DE QUILICHAO","0.0018","KILOGRAMO"
"2020-10-18T00:00:00.000","11","BOGOTA D.C.","11001","BOGOTA D.C.","0.005","KILOGRAMO"
"2020-10-13T00:00:00.000","08","ATLANTICO","08137","CAMPO DE LA CRUZ","0.001","KILOGRAMO"
"2020-10-13T00:00:00.000","76","VALLE DEL CAUCA","76147","CARTAGO","0.007","KILOGRAMO"
"2020-10-13T00:00:00.000","86","PUTUMAYO","86001","MOCOA","5.125","KILOGRAMO"
"2020-10-10T00:00:00.000","08","ATLANTICO","08520","PALMAR DE VARELA","0.008","KILOGRAMO"
"2020-09-30T00:00:00.000","54","NORTE DE SANTANDER","54001","CUCUTA","0.031","KILOGRAMO"
"2020-09-30T00:00:00.000","76","VALLE DEL CAUCA","76001","CALI","0.009","KILOGRAMO"
"2020-09-27T00:00:00.000","63","QUINDIO","63001","ARMENIA","0.009","KILOGRAMO"
"2020-09-21T00:00:00.000","54","NORTE DE SANTANDER","54001","CUCUTA","0.006","KILOGRAMO"
"2020-09-20T00:00:00.000","66","RISARALDA","66170","DOSQUEBRADAS","0.07","KILOGRAMO"
"2020-09-20T00:00:00.000","66","RISARALDA","66001","PEREIRA","0.038","KILOGRAMO"
"2020-09-18T00:00:00.000","76","VALLE DEL CAUCA","76736","SEVILLA","0.015","KILOGRAMO"
"2020-09-14T00:00:00.000","19","CAUCA","19698","SANTANDER DE QUILICHAO","0.003","KILOGRAMO"
"2020-09-13T00:00:00.000","20","CESAR","20250","EL PASO","0.003","KILOGRAMO"
"2020-09-09T00:00:00.000","19","CAUCA","19698","SANTANDER DE QUILICHAO","0.17","KILOGRAMO"
"2020-09-07T00:00:00.000","76","VALLE DEL CAUCA","76736","SEVILLA","3.906","KILOGRAMO"
"2020-09-05T00:00:00.000","52","NARIÑO","52001","PASTO","0.0045","KILOGRAMO"
"2020-09-04T00:00:00.000","54","NORTE DE SANTANDER","54001","CUCUTA","0.003","KILOGRAMO"
"2020-09-02T00:00:00.000","66","RISARALDA","66170","DOSQUEBRADAS","0.01","KILOGRAMO"
"2020-09-02T00:00:00.000","05","ANTIOQUIA","05079","BARBOSA","0.005","KILOGRAMO"
"2020-09-01T00:00:00.000","52","NARIÑO","52022","ALDANA","6.95","KILOGRAMO"
"2020-08-25T00:00:00.000","05","ANTIOQUIA","05001","MEDELLIN","0.001","KILOGRAMO"
"2020-08-25T00:00:00.000","11","BOGOTA D.C.","11001","BOGOTA D.C.","0.003","KILOGRAMO"
"2020-08-25T00:00:00.000","13","BOLIVAR","13001","CARTAGENA DE INDIAS","0.09","KILOGRAMO"
"2020-08-25T00:00:00.000","73","TOLIMA","73483","NATAGAIMA","0.12","KILOGRAMO"
"2020-08-24T00:00:00.000","54","NORTE DE SANTANDER","54001","CUCUTA","0.0051","KILOGRAMO"
"2020-08-22T00:00:00.000","19","CAUCA","19698","SANTANDER DE QUILICHAO","0.013","KILOGRAMO"
"2020-08-22T00:00:00.000","63","QUINDIO","63001","ARMENIA","0.002","KILOGRAMO"
"2020-08-19T00:00:00.000","54","NORTE DE SANTANDER","54001","CUCUTA","0.017","KILOGRAMO"
"2020-08-16T00:00:00.000","05","ANTIOQUIA","05001","MEDELLIN","0.025","KILOGRAMO"
"2020-08-12T00:00:00.000","52","NARIÑO","52378","LA CRUZ","26.5","KILOGRAMO"
"2020-08-08T00:00:00.000","73","TOLIMA","73043","ANZOATEGUI","0.365","KILOGRAMO"
"2020-08-08T00:00:00.000","54","NORTE DE SANTANDER","54001","CUCUTA","0.985","KILOGRAMO"
"2020-08-07T00:00:00.000","54","NORTE DE SANTANDER","54001","CUCUTA","0.969","KILOGRAMO"
"2020-08-06T00:00:00.000","54","NORTE DE SANTANDER","54001","CUCUTA","0.0046","KILOGRAMO"
"2020-07-29T00:00:00.000","19","CAUCA","19807","TIMBIO","2.018","KILOGRAMO"
"2020-07-26T00:00:00.000","05","ANTIOQUIA","05001","MEDELLIN","0.025","KILOGRAMO"
"2020-07-24T00:00:00.000","54","NORTE DE SANTANDER","54001","CUCUTA","0.0055","KILOGRAMO"
"2020-07-23T00:00:00.000","63","QUINDIO","63001","ARMENIA","0.009","KILOGRAMO"
"2020-07-18T00:00:00.000","20","CESAR","20013","AGUSTIN CODAZZI","0.003","KILOGRAMO"
"2020-07-17T00:00:00.000","52","NARIÑO","52110","BUESACO","16","KILOGRAMO"
"2020-07-17T00:00:00.000","05","ANTIOQUIA","05697","EL SANTUARIO","0.009","KILOGRAMO"
"2020-07-17T00:00:00.000","81","ARAUCA","81001","ARAUCA","0.037","KILOGRAMO"
"2020-07-17T00:00:00.000","19","CAUCA","19142","CALOTO","0.18","KILOGRAMO"
"2020-07-11T00:00:00.000","05","ANTIOQUIA","05390","LA PINTADA","0.07","KILOGRAMO"
"2020-07-10T00:00:00.000","76","VALLE DEL CAUCA","76001","CALI","0.0052","KILOGRAMO"
"2020-07-10T00:00:00.000","50","META","50001","VILLAVICENCIO","0.01","KILOGRAMO"
"2020-07-10T00:00:00.000","25","CUNDINAMARCA","25126","CAJICA","0.01","KILOGRAMO"
"2020-07-03T00:00:00.000","52","NARIÑO","52354","IMUES","22.2","KILOGRAMO"
"2020-06-28T00:00:00.000","19","CAUCA","19698","SANTANDER DE QUILICHAO","2.1","KILOGRAMO"
"2020-06-24T00:00:00.000","05","ANTIOQUIA","05001","MEDELLIN","0.00080","KILOGRAMO"
"2020-06-24T00:00:00.000","73","TOLIMA","73026","ALVARADO","0.015","KILOGRAMO"
"2020-06-18T00:00:00.000","20","CESAR","20011","AGUACHICA","0.002","KILOGRAMO"
"2020-06-17T00:00:00.000","25","CUNDINAMARCA","25335","GUAYABETAL","0.042","KILOGRAMO"
"2020-06-16T00:00:00.000","05","ANTIOQUIA","05001","MEDELLIN","0.0054","KILOGRAMO"
"2020-06-13T00:00:00.000","68","SANTANDER","68077","BARBOSA","0.004","KILOGRAMO"
"2020-06-12T00:00:00.000","52","NARIÑO","52356","IPIALES","3.15","KILOGRAMO"
"2020-06-10T00:00:00.000","20","CESAR","20710","SAN ALBERTO","0.02","KILOGRAMO"
"2020-06-06T00:00:00.000","52","NARIÑO","52356","IPIALES","11","KILOGRAMO"
"2020-06-05T00:00:00.000","76","VALLE DEL CAUCA","76036","ANDALUCIA","0.004","KILOGRAMO"
"2020-06-04T00:00:00.000","63","QUINDIO","63001","ARMENIA","0.011","KILOGRAMO"
"2020-06-04T00:00:00.000","08","ATLANTICO","08001","BARRANQUILLA","0.03","KILOGRAMO"
"2020-06-04T00:00:00.000","05","ANTIOQUIA","05360","ITAGUI","0.015","KILOGRAMO"
"2020-06-04T00:00:00.000","52","NARIÑO","52356","IPIALES","21.6","KILOGRAMO"
"2020-06-03T00:00:00.000","05","ANTIOQUIA","05376","LA CEJA","0.009","KILOGRAMO"
"2020-05-30T00:00:00.000","81","ARAUCA","81001","ARAUCA","0.16","KILOGRAMO"
"2020-05-28T00:00:00.000","11","BOGOTA D.C.","11001","BOGOTA D.C.","0.05","KILOGRAMO"
"2020-05-23T00:00:00.000","52","NARIÑO","52022","ALDANA","0.268","KILOGRAMO"
"2020-05-20T00:00:00.000","66","RISARALDA","66001","PEREIRA","6.545","KILOGRAMO"
"2020-05-19T00:00:00.000","20","CESAR","20001","VALLEDUPAR","0.013","KILOGRAMO"
"2020-05-18T00:00:00.000","05","ANTIOQUIA","05001","MEDELLIN","0.013","KILOGRAMO"
"2020-05-15T00:00:00.000","66","RISARALDA","66001","PEREIRA","23","KILOGRAMO"
"2020-05-15T00:00:00.000","66","RISARALDA","66045","APIA","6","KILOGRAMO"
"2020-05-15T00:00:00.000","52","NARIÑO","52356","IPIALES","14.4","KILOGRAMO"
"2020-05-14T00:00:00.000","20","CESAR","20060","BOSCONIA","0.003","KILOGRAMO"
"2020-05-13T00:00:00.000","66","RISARALDA","66001","PEREIRA","5.4","KILOGRAMO"
"2020-05-13T00:00:00.000","52","NARIÑO","52110","BUESACO","15.98","KILOGRAMO"
"2020-05-06T00:00:00.000","52","NARIÑO","52001","PASTO","11.891","KILOGRAMO"
"2020-05-06T00:00:00.000","73","TOLIMA","73001","IBAGUE","0.00025","KILOGRAMO"
"2020-05-04T00:00:00.000","11","BOGOTA D.C.","11001","BOGOTA D.C.","1.09","KILOGRAMO"
"2020-04-30T00:00:00.000","05","ANTIOQUIA","05001","MEDELLIN","0.0055","KILOGRAMO"
"2020-04-27T00:00:00.000","19","CAUCA","19548","PIENDAMO - TUNIA","0.937","KILOGRAMO"
"2020-04-26T00:00:00.000","54","NORTE DE SANTANDER","54001","CUCUTA","0.0037","KILOGRAMO"
"2020-04-23T00:00:00.000","81","ARAUCA","81001","ARAUCA","0.05","KILOGRAMO"
"2020-04-22T00:00:00.000","54","NORTE DE SANTANDER","54001","CUCUTA","0.012","KILOGRAMO"
"2020-04-14T00:00:00.000","73","TOLIMA","73026","ALVARADO","0.015","KILOGRAMO"
"2020-04-05T00:00:00.000","19","CAUCA","19573","PUERTO TEJADA","3.51","KILOGRAMO"
"2020-04-02T00:00:00.000","11","BOGOTA D.C.","11001","BOGOTA D.C.","0.003","KILOGRAMO"
"2020-03-25T00:00:00.000","05","ANTIOQUIA","05001","MEDELLIN","0.017","KILOGRAMO"
"2020-03-24T00:00:00.000","66","RISARALDA","66170","DOSQUEBRADAS","0.06","KILOGRAMO"
"2020-03-19T00:00:00.000","54","NORTE DE SANTANDER","54001","CUCUTA","0.374","KILOGRAMO"
"2020-03-19T00:00:00.000","05","ANTIOQUIA","05172","CHIGORODO","0.005","KILOGRAMO"
"2020-03-19T00:00:00.000","15","BOYACA","15176","CHIQUINQUIRA","0.001","KILOGRAMO"
"2020-03-19T00:00:00.000","52","NARIÑO","52835","SAN ANDRES DE TUMACO","0.02","KILOGRAMO"
"2020-03-17T00:00:00.000","76","VALLE DEL CAUCA","76109","BUENAVENTURA","0.006","KILOGRAMO"
"2020-03-16T00:00:00.000","08","ATLANTICO","08573","PUERTO COLOMBIA","0.013","KILOGRAMO"
"2020-03-14T00:00:00.000","54","NORTE DE SANTANDER","54001","CUCUTA","0.0023","KILOGRAMO"
"2020-03-13T00:00:00.000","05","ANTIOQUIA","05318","GUARNE","0.1","KILOGRAMO"
"2020-03-12T00:00:00.000","08","ATLANTICO","08001","BARRANQUILLA","0.011","KILOGRAMO"
"2020-03-12T00:00:00.000","11","BOGOTA D.C.","11001","BOGOTA D.C.","0.005","KILOGRAMO"
"2020-03-12T00:00:00.000","76","VALLE DEL CAUCA","76318","GUACARI","0.008","KILOGRAMO"
"2020-03-11T00:00:00.000","54","NORTE DE SANTANDER","54001","CUCUTA","0.0028","KILOGRAMO"
"2020-03-09T00:00:00.000","63","QUINDIO","63130","CALARCA","0.011","KILOGRAMO"
"2020-03-08T00:00:00.000","76","VALLE DEL CAUCA","76250","EL DOVIO","0.003","KILOGRAMO"
"2020-03-08T00:00:00.000","47","MAGDALENA","47001","SANTA MARTA","0.007","KILOGRAMO"
"2020-03-07T00:00:00.000","76","VALLE DEL CAUCA","76001","CALI","0.0167","KILOGRAMO"
"2020-03-07T00:00:00.000","05","ANTIOQUIA","05001","MEDELLIN","0.0046","KILOGRAMO"
"2020-03-06T00:00:00.000","05","ANTIOQUIA","05001","MEDELLIN","0.0033","KILOGRAMO"
"2020-03-05T00:00:00.000","54","NORTE DE SANTANDER","54001","CUCUTA","0.0141","KILOGRAMO"
"2020-03-04T00:00:00.000","54","NORTE DE SANTANDER","54001","CUCUTA","0.002","KILOGRAMO"
"2020-03-03T00:00:00.000","66","RISARALDA","66682","SANTA ROSA DE CABAL","0.001","KILOGRAMO"
"2020-03-02T00:00:00.000","66","RISARALDA","66170","DOSQUEBRADAS","0.021","KILOGRAMO"
"2020-03-02T00:00:00.000","25","CUNDINAMARCA","25899","ZIPAQUIRA","0.011","KILOGRAMO"
"2020-03-02T00:00:00.000","52","NARIÑO","52356","IPIALES","0.145","KILOGRAMO"
"2020-03-02T00:00:00.000","11","BOGOTA D.C.","11001","BOGOTA D.C.","2.078","KILOGRAMO"
"2020-03-01T00:00:00.000","25","CUNDINAMARCA","25260","EL ROSAL","0.002","KILOGRAMO"
"2020-03-01T00:00:00.000","66","RISARALDA","66170","DOSQUEBRADAS","0.035","KILOGRAMO"
"2020-03-01T00:00:00.000","54","NORTE DE SANTANDER","54001","CUCUTA","0.0035","KILOGRAMO"
"2020-02-28T00:00:00.000","66","RISARALDA","66001","PEREIRA","0.12","KILOGRAMO"
"2020-02-28T00:00:00.000","17","CALDAS","17380","LA DORADA","0.016","KILOGRAMO"
"2020-02-27T00:00:00.000","05","ANTIOQUIA","05001","MEDELLIN","0.01","KILOGRAMO"
"2020-02-26T00:00:00.000","25","CUNDINAMARCA","25736","SESQUILE","0.01","KILOGRAMO"
"2020-02-26T00:00:00.000","66","RISARALDA","66170","DOSQUEBRADAS","0.187","KILOGRAMO"
"2020-02-26T00:00:00.000","63","QUINDIO","63001","ARMENIA","0.117","KILOGRAMO"
"2020-02-26T00:00:00.000","54","NORTE DE SANTANDER","54553","PUERTO SANTANDER","0.008","KILOGRAMO"
"2020-02-26T00:00:00.000","54","NORTE DE SANTANDER","54001","CUCUTA","0.00355","KILOGRAMO"
"2020-02-25T00:00:00.000","50","META","50001","VILLAVICENCIO","0.002","KILOGRAMO"
"2020-02-25T00:00:00.000","54","NORTE DE SANTANDER","54001","CUCUTA","0.00411","KILOGRAMO"
"2020-02-24T00:00:00.000","54","NORTE DE SANTANDER","54001","CUCUTA","0.0013","KILOGRAMO"
"2020-02-23T00:00:00.000","52","NARIÑO","52258","EL TABLON DE GOMEZ","30.8","KILOGRAMO"
"2020-02-22T00:00:00.000","19","CAUCA","19845","VILLA RICA","1.05","KILOGRAMO"
"2020-02-22T00:00:00.000","54","NORTE DE SANTANDER","54001","CUCUTA","0.004","KILOGRAMO"
"2020-02-21T00:00:00.000","54","NORTE DE SANTANDER","54518","PAMPLONA","0.006","KILOGRAMO"
"2020-02-21T00:00:00.000","73","TOLIMA","73001","IBAGUE","0.002","KILOGRAMO"
"2020-02-21T00:00:00.000","08","ATLANTICO","08573","PUERTO COLOMBIA","0.0053","KILOGRAMO"
"2020-02-20T00:00:00.000","17","CALDAS","17001","MANIZALES","0.002","KILOGRAMO"
"2020-02-20T00:00:00.000","54","NORTE DE SANTANDER","54001","CUCUTA","0.0061","KILOGRAMO"
"2020-02-20T00:00:00.000","66","RISARALDA","66170","DOSQUEBRADAS","0.15","KILOGRAMO"
"2020-02-19T00:00:00.000","54","NORTE DE SANTANDER","54001","CUCUTA","0.0063","KILOGRAMO"
"2020-02-19T00:00:00.000","66","RISARALDA","66001","PEREIRA","0.003","KILOGRAMO"
"2020-02-19T00:00:00.000","05","ANTIOQUIA","05079","BARBOSA","0.009","KILOGRAMO"
"2020-02-18T00:00:00.000","25","CUNDINAMARCA","25200","COGUA","0.03","KILOGRAMO"
"2020-02-18T00:00:00.000","05","ANTIOQUIA","05138","CAÑASGORDAS","0.055","KILOGRAMO"
"2020-02-18T00:00:00.000","66","RISARALDA","66682","SANTA ROSA DE CABAL","0.3","KILOGRAMO"
"2020-02-18T00:00:00.000","54","NORTE DE SANTANDER","54001","CUCUTA","0.00352","KILOGRAMO"
"2020-02-16T00:00:00.000","54","NORTE DE SANTANDER","54001","CUCUTA","0.297","KILOGRAMO"
"2020-02-16T00:00:00.000","76","VALLE DEL CAUCA","76001","CALI","0.00485","KILOGRAMO"
"2020-02-16T00:00:00.000","20","CESAR","20060","BOSCONIA","0.008","KILOGRAMO"
"2020-02-15T00:00:00.000","76","VALLE DEL CAUCA","76122","CAICEDONIA","0.01","KILOGRAMO"
"2020-02-15T00:00:00.000","50","META","50573","PUERTO LOPEZ","0.012","KILOGRAMO"
"2020-02-15T00:00:00.000","44","LA GUAJIRA","44847","URIBIA","0.002","KILOGRAMO"
"2020-02-15T00:00:00.000","25","CUNDINAMARCA","25320","GUADUAS","0.026","KILOGRAMO"
"2020-02-15T00:00:00.000","54","NORTE DE SANTANDER","54001","CUCUTA","0.0036","KILOGRAMO"
"2020-02-14T00:00:00.000","54","NORTE DE SANTANDER","54001","CUCUTA","0.0025","KILOGRAMO"
"2020-02-13T00:00:00.000","54","NORTE DE SANTANDER","54261","EL ZULIA","0.136","KILOGRAMO"
"2020-02-12T00:00:00.000","54","NORTE DE SANTANDER","54001","CUCUTA","0.0289","KILOGRAMO"
"2020-02-12T00:00:00.000","25","CUNDINAMARCA","25320","GUADUAS","0.002","KILOGRAMO"
"2020-02-11T00:00:00.000","54","NORTE DE SANTANDER","54001","CUCUTA","0.0026","KILOGRAMO"
"2020-02-11T00:00:00.000","76","VALLE DEL CAUCA","76147","CARTAGO","0.006","KILOGRAMO"
"2020-02-11T00:00:00.000","66","RISARALDA","66170","DOSQUEBRADAS","0.04","KILOGRAMO"
"2020-02-10T00:00:00.000","54","NORTE DE SANTANDER","54001","CUCUTA","0.0034","KILOGRAMO"
"2020-02-09T00:00:00.000","20","CESAR","20001","VALLEDUPAR","0.013","KILOGRAMO"
"2020-02-09T00:00:00.000","54","NORTE DE SANTANDER","54001","CUCUTA","0.2","KILOGRAMO"
"2020-02-09T00:00:00.000","44","LA GUAJIRA","44847","URIBIA","0.001","KILOGRAMO"
"2020-02-09T00:00:00.000","23","CORDOBA","23660","SAHAGUN","0.011","KILOGRAMO"
"2020-02-08T00:00:00.000","54","NORTE DE SANTANDER","54001","CUCUTA","0.0025","KILOGRAMO"
"2020-02-07T00:00:00.000","66","RISARALDA","66001","PEREIRA","0.005","KILOGRAMO"
"2020-02-07T00:00:00.000","68","SANTANDER","68861","VELEZ","0.003","KILOGRAMO"
"2020-02-07T00:00:00.000","54","NORTE DE SANTANDER","54001","CUCUTA","0.00399","KILOGRAMO"
"2020-02-06T00:00:00.000","54","NORTE DE SANTANDER","54001","CUCUTA","0.00459","KILOGRAMO"
"2020-02-06T00:00:00.000","52","NARIÑO","52678","SAMANIEGO","8","KILOGRAMO"
"2020-02-03T00:00:00.000","20","CESAR","20770","SAN MARTIN","0.002","KILOGRAMO"
"2020-02-02T00:00:00.000","05","ANTIOQUIA","05001","MEDELLIN","0.0016","KILOGRAMO"
"2020-02-02T00:00:00.000","66","RISARALDA","66170","DOSQUEBRADAS","0.05","KILOGRAMO"
"2020-01-31T00:00:00.000","20","CESAR","20517","PAILITAS","0.013","KILOGRAMO"
"2020-01-31T00:00:00.000","76","VALLE DEL CAUCA","76892","YUMBO","0.015","KILOGRAMO"
"2020-01-31T00:00:00.000","54","NORTE DE SANTANDER","54001","CUCUTA","0.0082","KILOGRAMO"
"2020-01-30T00:00:00.000","05","ANTIOQUIA","05001","MEDELLIN","0.594","KILOGRAMO"
"2020-01-30T00:00:00.000","54","NORTE DE SANTANDER","54001","CUCUTA","0.002","KILOGRAMO"
"2020-01-29T00:00:00.000","54","NORTE DE SANTANDER","54001","CUCUTA","0.00397","KILOGRAMO"
"2020-01-28T00:00:00.000","47","MAGDALENA","47058","ARIGUANI","0.003","KILOGRAMO"
"2020-01-28T00:00:00.000","05","ANTIOQUIA","05001","MEDELLIN","0.0072","KILOGRAMO"
"2020-01-27T00:00:00.000","05","ANTIOQUIA","05190","CISNEROS","0.003","KILOGRAMO"
"2020-01-27T00:00:00.000","25","CUNDINAMARCA","25488","NILO","0.01","KILOGRAMO"
"2020-01-27T00:00:00.000","20","CESAR","20011","AGUACHICA","0.06","KILOGRAMO"
"2020-01-26T00:00:00.000","54","NORTE DE SANTANDER","54001","CUCUTA","0.00156","KILOGRAMO"
"2020-01-26T00:00:00.000","66","RISARALDA","66170","DOSQUEBRADAS","0.014","KILOGRAMO"
"2020-01-24T00:00:00.000","54","NORTE DE SANTANDER","54001","CUCUTA","0.0122","KILOGRAMO"
"2020-01-23T00:00:00.000","66","RISARALDA","66682","SANTA ROSA DE CABAL","0.001","KILOGRAMO"
"2020-01-23T00:00:00.000","19","CAUCA","19698","SANTANDER DE QUILICHAO","0.005","KILOGRAMO"
"2020-01-21T00:00:00.000","66","RISARALDA","66170","DOSQUEBRADAS","0.01","KILOGRAMO"
"2020-01-19T00:00:00.000","54","NORTE DE SANTANDER","54001","CUCUTA","0.00229","KILOGRAMO"
"2020-01-18T00:00:00.000","54","NORTE DE SANTANDER","54001","CUCUTA","0.005","KILOGRAMO"
"2020-01-14T00:00:00.000","54","NORTE DE SANTANDER","54001","CUCUTA","0.00414","KILOGRAMO"
"2020-01-13T00:00:00.000","54","NORTE DE SANTANDER","54001","CUCUTA","0.0021","KILOGRAMO"
"2020-01-10T00:00:00.000","81","ARAUCA","81001","ARAUCA","0.2","KILOGRAMO"
"2020-01-09T00:00:00.000","68","SANTANDER","68081","BARRANCABERMEJA","0.14","KILOGRAMO"
"2020-01-09T00:00:00.000","05","ANTIOQUIA","05001","MEDELLIN","0.0128","KILOGRAMO"
"2020-01-08T00:00:00.000","05","ANTIOQUIA","05736","SEGOVIA","0.01","KILOGRAMO"
"2020-01-07T00:00:00.000","08","ATLANTICO","08001","BARRANQUILLA","0.033","KILOGRAMO"
"2020-01-06T00:00:00.000","54","NORTE DE SANTANDER","54001","CUCUTA","0.002","KILOGRAMO"
"2020-01-04T00:00:00.000","54","NORTE DE SANTANDER","54001","CUCUTA","0.0039","KILOGRAMO"
"2020-01-02T00:00:00.000","08","ATLANTICO","08573","PUERTO COLOMBIA","0.01","KILOGRAMO"
"2020-01-02T00:00:00.000","11","BOGOTA D.C.","11001","BOGOTA D.C.","0.998","KILOGRAMO"
"2019-12-29T00:00:00.000","54","NORTE DE SANTANDER","54001","CUCUTA","0.0028028","KILOGRAMO"
"2019-12-27T00:00:00.000","54","NORTE DE SANTANDER","54001","CUCUTA","0.053053","KILOGRAMO"
"2019-12-18T00:00:00.000","54","NORTE DE SANTANDER","54001","CUCUTA","0.0034034","KILOGRAMO"
"2019-12-16T00:00:00.000","66","RISARALDA","66170","DOSQUEBRADAS","0.25025","KILOGRAMO"
"2019-12-14T00:00:00.000","54","NORTE DE SANTANDER","54001","CUCUTA","0.003003","KILOGRAMO"
"2019-12-12T00:00:00.000","11","BOGOTA D.C.","11001","BOGOTA D.C.","1.555554","KILOGRAMO"
"2019-12-10T00:00:00.000","63","QUINDIO","63130","CALARCA","0.078078","KILOGRAMO"
"2019-12-05T00:00:00.000","50","META","50001","VILLAVICENCIO","0.002002","KILOGRAMO"
"2019-12-05T00:00:00.000","08","ATLANTICO","08001","BARRANQUILLA","0.016","KILOGRAMO"
"2019-12-04T00:00:00.000","54","NORTE DE SANTANDER","54001","CUCUTA","0.0098098","KILOGRAMO"
"2019-11-25T00:00:00.000","05","ANTIOQUIA","05360","ITAGUI","0.0085085","KILOGRAMO"
"2019-11-25T00:00:00.000","17","CALDAS","17001","MANIZALES","0.002002","KILOGRAMO"
"2019-11-25T00:00:00.000","11","BOGOTA D.C.","11001","BOGOTA D.C.","1.8018","KILOGRAMO"
"2019-11-19T00:00:00.000","85","CASANARE","85010","AGUAZUL","0.031031","KILOGRAMO"
"2019-11-19T00:00:00.000","54","NORTE DE SANTANDER","54001","CUCUTA","0.0027027","KILOGRAMO"
"2019-11-18T00:00:00.000","54","NORTE DE SANTANDER","54001","CUCUTA","0.0042042","KILOGRAMO"
"2019-11-18T00:00:00.000","66","RISARALDA","66001","PEREIRA","0.003003","KILOGRAMO"
"2019-11-17T00:00:00.000","08","ATLANTICO","08573","PUERTO COLOMBIA","0.002002","KILOGRAMO"
"2019-11-17T00:00:00.000","52","NARIÑO","52585","PUPIALES","18.19","KILOGRAMO"
"2019-11-14T00:00:00.000","11","BOGOTA D.C.","11001","BOGOTA D.C.","0.4700696","KILOGRAMO"
"2019-11-13T00:00:00.000","54","NORTE DE SANTANDER","54001","CUCUTA","0.0022022","KILOGRAMO"
"2019-11-07T00:00:00.000","11","BOGOTA D.C.","11001","BOGOTA D.C.","0.11011","KILOGRAMO"
"2019-11-04T00:00:00.000","05","ANTIOQUIA","05887","YARUMAL","0.03003","KILOGRAMO"
"2019-11-03T00:00:00.000","08","ATLANTICO","08001","BARRANQUILLA","0.001001","KILOGRAMO"
"2019-11-02T00:00:00.000","05","ANTIOQUIA","05001","MEDELLIN","0.07007","KILOGRAMO"
"2019-11-02T00:00:00.000","63","QUINDIO","63001","ARMENIA","0.002002","KILOGRAMO"
"2019-10-30T00:00:00.000","44","LA GUAJIRA","44001","RIOHACHA","0.001001","KILOGRAMO"
"2019-10-29T00:00:00.000","63","QUINDIO","63001","ARMENIA","0.009009","KILOGRAMO"
"2019-10-27T00:00:00.000","54","NORTE DE SANTANDER","54001","CUCUTA","0.0044044","KILOGRAMO"
"2019-10-25T00:00:00.000","54","NORTE DE SANTANDER","54001","CUCUTA","0.0008008","KILOGRAMO"
"2019-10-24T00:00:00.000","66","RISARALDA","66001","PEREIRA","0.204204","KILOGRAMO"
"2019-10-23T00:00:00.000","54","NORTE DE SANTANDER","54001","CUCUTA","0.0019019","KILOGRAMO"
"2019-10-23T00:00:00.000","08","ATLANTICO","08573","PUERTO COLOMBIA","0.013013","KILOGRAMO"
"2019-10-23T00:00:00.000","63","QUINDIO","63001","ARMENIA","0.001001","KILOGRAMO"
"2019-10-22T00:00:00.000","54","NORTE DE SANTANDER","54001","CUCUTA","0.0014014","KILOGRAMO"
"2019-10-20T00:00:00.000","54","NORTE DE SANTANDER","54001","CUCUTA","0.0113113","KILOGRAMO"
"2019-10-17T00:00:00.000","66","RISARALDA","66001","PEREIRA","0.001001","KILOGRAMO"
"2019-10-17T00:00:00.000","08","ATLANTICO","08001","BARRANQUILLA","0.002002","KILOGRAMO"
"2019-10-16T00:00:00.000","08","ATLANTICO","08001","BARRANQUILLA","0.03","KILOGRAMO"
"2019-10-15T00:00:00.000","52","NARIÑO","52001","PASTO","1.02102","KILOGRAMO"
"2019-10-14T00:00:00.000","73","TOLIMA","73483","NATAGAIMA","0.002002","KILOGRAMO"
"2019-10-12T00:00:00.000","54","NORTE DE SANTANDER","54001","CUCUTA","0.0037037","KILOGRAMO"
"2019-10-12T00:00:00.000","66","RISARALDA","66170","DOSQUEBRADAS","0.029029","KILOGRAMO"
"2019-10-12T00:00:00.000","66","RISARALDA","66001","PEREIRA","0.012012","KILOGRAMO"
"2019-10-11T00:00:00.000","66","RISARALDA","66170","DOSQUEBRADAS","0.006006","KILOGRAMO"
"2019-10-10T00:00:00.000","05","ANTIOQUIA","05001","MEDELLIN","0.004004","KILOGRAMO"
"2019-10-09T00:00:00.000","08","ATLANTICO","08001","BARRANQUILLA","0.006006","KILOGRAMO"
"2019-10-09T00:00:00.000","66","RISARALDA","66170","DOSQUEBRADAS","0.03003","KILOGRAMO"
"2019-10-09T00:00:00.000","54","NORTE DE SANTANDER","54001","CUCUTA","0.0025025","KILOGRAMO"
"2019-10-09T00:00:00.000","63","QUINDIO","63001","ARMENIA","0.001001","KILOGRAMO"
"2019-10-09T00:00:00.000","76","VALLE DEL CAUCA","76001","CALI","0.0046046","KILOGRAMO"
"2019-10-08T00:00:00.000","54","NORTE DE SANTANDER","54001","CUCUTA","0.0058058","KILOGRAMO"
"2019-10-08T00:00:00.000","08","ATLANTICO","08001","BARRANQUILLA","0.036036","KILOGRAMO"
"2019-10-07T00:00:00.000","54","NORTE DE SANTANDER","54001","CUCUTA","0.002002","KILOGRAMO"
"2019-10-05T00:00:00.000","41","HUILA","41797","TESALIA","25","KILOGRAMO"
"2019-10-05T00:00:00.000","25","CUNDINAMARCA","25488","NILO","0.001001","KILOGRAMO"
"2019-10-04T00:00:00.000","05","ANTIOQUIA","05001","MEDELLIN","0.001001","KILOGRAMO"
"2019-10-04T00:00:00.000","05","ANTIOQUIA","05266","ENVIGADO","0.005005","KILOGRAMO"
"2019-10-02T00:00:00.000","52","NARIÑO","52356","IPIALES","7.67767","KILOGRAMO"
"2019-10-02T00:00:00.000","54","NORTE DE SANTANDER","54001","CUCUTA","0.003003","KILOGRAMO"
"2019-09-30T00:00:00.000","05","ANTIOQUIA","05190","CISNEROS","0.002002","KILOGRAMO"
"2019-09-29T00:00:00.000","63","QUINDIO","63001","ARMENIA","0.147147","KILOGRAMO"
"2019-09-26T00:00:00.000","54","NORTE DE SANTANDER","54001","CUCUTA","0.00577577","KILOGRAMO"
"2019-09-26T00:00:00.000","52","NARIÑO","52354","IMUES","8.008","KILOGRAMO"
"2019-09-26T00:00:00.000","11","BOGOTA D.C.","11001","BOGOTA D.C.","0.05005","KILOGRAMO"
"2019-09-26T00:00:00.000","66","RISARALDA","66170","DOSQUEBRADAS","0.15015","KILOGRAMO"
"2019-09-26T00:00:00.000","08","ATLANTICO","08001","BARRANQUILLA","0.027027","KILOGRAMO"
"2019-09-26T00:00:00.000","05","ANTIOQUIA","05001","MEDELLIN","0.036036","KILOGRAMO"
"2019-09-23T00:00:00.000","44","LA GUAJIRA","44078","BARRANCAS","0.005005","KILOGRAMO"
"2019-09-22T00:00:00.000","54","NORTE DE SANTANDER","54001","CUCUTA","0.0025025","KILOGRAMO"
"2019-09-21T00:00:00.000","54","NORTE DE SANTANDER","54874","VILLA DEL ROSARIO","0.00453453","KILOGRAMO"
"2019-09-21T00:00:00.000","05","ANTIOQUIA","05001","MEDELLIN","0.01001","KILOGRAMO"
"2019-09-18T00:00:00.000","54","NORTE DE SANTANDER","54001","CUCUTA","0.0035035","KILOGRAMO"
"2019-09-17T00:00:00.000","54","NORTE DE SANTANDER","54001","CUCUTA","0.015015","KILOGRAMO"
"2019-09-16T00:00:00.000","25","CUNDINAMARCA","25758","SOPO","0.001001","KILOGRAMO"
"2019-09-15T00:00:00.000","05","ANTIOQUIA","05615","RIONEGRO","5.194189","KILOGRAMO"
"2019-09-15T00:00:00.000","54","NORTE DE SANTANDER","54001","CUCUTA","0.003003","KILOGRAMO"
"2019-09-15T00:00:00.000","76","VALLE DEL CAUCA","76736","SEVILLA","0.008008","KILOGRAMO"
"2019-09-14T00:00:00.000","54","NORTE DE SANTANDER","54001","CUCUTA","0.0026026","KILOGRAMO"
"2019-09-13T00:00:00.000","05","ANTIOQUIA","05001","MEDELLIN","0.002002","KILOGRAMO"
"2019-09-12T00:00:00.000","52","NARIÑO","52356","IPIALES","2.021019","KILOGRAMO"
"2019-09-11T00:00:00.000","08","ATLANTICO","08520","PALMAR DE VARELA","0.008008","KILOGRAMO"
"2019-09-10T00:00:00.000","54","NORTE DE SANTANDER","54001","CUCUTA","0.0102102","KILOGRAMO"
"2019-09-09T00:00:00.000","54","NORTE DE SANTANDER","54001","CUCUTA","0.0047047","KILOGRAMO"
"2019-09-08T00:00:00.000","54","NORTE DE SANTANDER","54001","CUCUTA","0.0018018","KILOGRAMO"
"2019-09-08T00:00:00.000","66","RISARALDA","66001","PEREIRA","0.005005","KILOGRAMO"
"2019-09-06T00:00:00.000","63","QUINDIO","63001","ARMENIA","0.001001","KILOGRAMO"
"2019-09-04T00:00:00.000","54","NORTE DE SANTANDER","54001","CUCUTA","0.03058055","KILOGRAMO"
"2019-09-04T00:00:00.000","66","RISARALDA","66001","PEREIRA","12.230218","KILOGRAMO"
"2019-09-03T00:00:00.000","05","ANTIOQUIA","05001","MEDELLIN","0.0005005","KILOGRAMO"
"2019-09-02T00:00:00.000","66","RISARALDA","66170","DOSQUEBRADAS","0.04004","KILOGRAMO"
"2019-09-02T00:00:00.000","52","NARIÑO","52356","IPIALES","0.456456","KILOGRAMO"
"2019-09-02T00:00:00.000","63","QUINDIO","63001","ARMENIA","0.141141","KILOGRAMO"
"2019-09-01T00:00:00.000","52","NARIÑO","52001","PASTO","13.36335","KILOGRAMO"
"2019-09-01T00:00:00.000","54","NORTE DE SANTANDER","54001","CUCUTA","0.001001","KILOGRAMO"
"2019-09-01T00:00:00.000","17","CALDAS","17380","LA DORADA","0.012012","KILOGRAMO"
"2019-08-31T00:00:00.000","52","NARIÑO","52356","IPIALES","5.387382","KILOGRAMO"
"2019-08-29T00:00:00.000","54","NORTE DE SANTANDER","54001","CUCUTA","0.001001","KILOGRAMO"
"2019-08-29T00:00:00.000","05","ANTIOQUIA","05088","BELLO","0.018018","KILOGRAMO"
"2019-08-28T00:00:00.000","08","ATLANTICO","08078","BARANOA","0.005005","KILOGRAMO"
"2019-08-27T00:00:00.000","66","RISARALDA","66001","PEREIRA","28.5285","KILOGRAMO"
"2019-08-27T00:00:00.000","54","NORTE DE SANTANDER","54001","CUCUTA","0.006006","KILOGRAMO"
"2019-08-26T00:00:00.000","54","NORTE DE SANTANDER","54001","CUCUTA","0.0039039","KILOGRAMO"
"2019-08-25T00:00:00.000","05","ANTIOQUIA","05001","MEDELLIN","0.0277277","KILOGRAMO"
"2019-08-23T00:00:00.000","66","RISARALDA","66170","DOSQUEBRADAS","0.15015","KILOGRAMO"
"2019-08-23T00:00:00.000","08","ATLANTICO","08137","CAMPO DE LA CRUZ","0.004004","KILOGRAMO"
"2019-08-22T00:00:00.000","66","RISARALDA","66170","DOSQUEBRADAS","0.015015","KILOGRAMO"
"2019-08-22T00:00:00.000","05","ANTIOQUIA","05079","BARBOSA","0.00083083","KILOGRAMO"
"2019-08-21T00:00:00.000","08","ATLANTICO","08573","PUERTO COLOMBIA","0.01001","KILOGRAMO"
"2019-08-20T00:00:00.000","54","NORTE DE SANTANDER","54001","CUCUTA","0.0021021","KILOGRAMO"
"2019-08-20T00:00:00.000","19","CAUCA","19845","VILLA RICA","0.996996","KILOGRAMO"
"2019-08-20T00:00:00.000","08","ATLANTICO","08001","BARRANQUILLA","0.003003","KILOGRAMO"
"2019-08-18T00:00:00.000","52","NARIÑO","52356","IPIALES","2.75275","KILOGRAMO"
"2019-08-18T00:00:00.000","54","NORTE DE SANTANDER","54001","CUCUTA","0.0025025","KILOGRAMO"
"2019-08-15T00:00:00.000","54","NORTE DE SANTANDER","54001","CUCUTA","0.022022","KILOGRAMO"
"2019-08-15T00:00:00.000","25","CUNDINAMARCA","25290","FUSAGASUGA","0.001001","KILOGRAMO"
"2019-08-14T00:00:00.000","76","VALLE DEL CAUCA","76100","BOLIVAR","0.001001","KILOGRAMO"
"2019-08-14T00:00:00.000","76","VALLE DEL CAUCA","76250","EL DOVIO","0.002002","KILOGRAMO"
"2019-08-14T00:00:00.000","54","NORTE DE SANTANDER","54001","CUCUTA","0.0033033","KILOGRAMO"
"2019-08-13T00:00:00.000","54","NORTE DE SANTANDER","54001","CUCUTA","0.00355355","KILOGRAMO"
"2019-08-13T00:00:00.000","05","ANTIOQUIA","05147","CAREPA","0.866866","KILOGRAMO"
"2019-08-11T00:00:00.000","54","NORTE DE SANTANDER","54001","CUCUTA","0.0022022","KILOGRAMO"
"2019-08-11T00:00:00.000","63","QUINDIO","63001","ARMENIA","0.598598","KILOGRAMO"
"2019-08-09T00:00:00.000","20","CESAR","20770","SAN MARTIN","0.002002","KILOGRAMO"
"2019-08-09T00:00:00.000","66","RISARALDA","66001","PEREIRA","0.004004","KILOGRAMO"
"2019-08-09T00:00:00.000","54","NORTE DE SANTANDER","54001","CUCUTA","0.00327327","KILOGRAMO"
"2019-08-08T00:00:00.000","54","NORTE DE SANTANDER","54405","LOS PATIOS","0.936936","KILOGRAMO"
"2019-08-07T00:00:00.000","11","BOGOTA D.C.","11001","BOGOTA D.C.","1.5015","KILOGRAMO"
"2019-08-05T00:00:00.000","05","ANTIOQUIA","05001","MEDELLIN","0.06006","KILOGRAMO"
"2019-08-04T00:00:00.000","08","ATLANTICO","08770","SUAN","0.002002","KILOGRAMO"
"2019-08-02T00:00:00.000","08","ATLANTICO","08001","BARRANQUILLA","0.011011","KILOGRAMO"
"2019-08-02T00:00:00.000","54","NORTE DE SANTANDER","54001","CUCUTA","0.00548548","KILOGRAMO"
"2019-07-29T00:00:00.000","05","ANTIOQUIA","05001","MEDELLIN","0.0022022","KILOGRAMO"
"2019-07-28T00:00:00.000","05","ANTIOQUIA","05237","DONMATIAS","0.2002","KILOGRAMO"
"2019-07-28T00:00:00.000","05","ANTIOQUIA","05266","ENVIGADO","0.0152152","KILOGRAMO"
"2019-07-27T00:00:00.000","76","VALLE DEL CAUCA","76736","SEVILLA","0.005005","KILOGRAMO"
"2019-07-27T00:00:00.000","54","NORTE DE SANTANDER","54001","CUCUTA","0.003003","KILOGRAMO"
"2019-07-26T00:00:00.000","76","VALLE DEL CAUCA","76001","CALI","0.04004","KILOGRAMO"
"2019-07-26T00:00:00.000","52","NARIÑO","52354","IMUES","24.024","KILOGRAMO"
"2019-07-26T00:00:00.000","05","ANTIOQUIA","05615","RIONEGRO","0.021021","KILOGRAMO"
"2019-07-26T00:00:00.000","54","NORTE DE SANTANDER","54001","CUCUTA","0.0035035","KILOGRAMO"
"2019-07-25T00:00:00.000","63","QUINDIO","63001","ARMENIA","0.001001","KILOGRAMO"
"2019-07-24T00:00:00.000","08","ATLANTICO","08001","BARRANQUILLA","0.007","KILOGRAMO"
"2019-07-23T00:00:00.000","54","NORTE DE SANTANDER","54001","CUCUTA","0.00112112","KILOGRAMO"
"2019-07-23T00:00:00.000","05","ANTIOQUIA","05390","LA PINTADA","0.002002","KILOGRAMO"
"2019-07-21T00:00:00.000","54","NORTE DE SANTANDER","54001","CUCUTA","0.00256256","KILOGRAMO"
"2019-07-20T00:00:00.000","19","CAUCA","19698","SANTANDER DE QUILICHAO","0.443443","KILOGRAMO"
"2019-07-19T00:00:00.000","17","CALDAS","17001","MANIZALES","0.001001","KILOGRAMO"
"2019-07-18T00:00:00.000","54","NORTE DE SANTANDER","54001","CUCUTA","0.0038038","KILOGRAMO"
"2019-07-17T00:00:00.000","66","RISARALDA","66170","DOSQUEBRADAS","0.25025","KILOGRAMO"
"2019-07-17T00:00:00.000","54","NORTE DE SANTANDER","54001","CUCUTA","0.0018018","KILOGRAMO"
"2019-07-16T00:00:00.000","66","RISARALDA","66001","PEREIRA","0.031031","KILOGRAMO"
"2019-07-16T00:00:00.000","08","ATLANTICO","08001","BARRANQUILLA","0.035035","KILOGRAMO"
"2019-07-15T00:00:00.000","05","ANTIOQUIA","05266","ENVIGADO","0.0111111","KILOGRAMO"
"2019-07-14T00:00:00.000","54","NORTE DE SANTANDER","54001","CUCUTA","0.0029029","KILOGRAMO"
"2019-07-12T00:00:00.000","54","NORTE DE SANTANDER","54001","CUCUTA","0.005005","KILOGRAMO"
"2019-07-12T00:00:00.000","52","NARIÑO","52001","PASTO","3.5","KILOGRAMO"
"2019-07-11T00:00:00.000","76","VALLE DEL CAUCA","76001","CALI","0.015015","KILOGRAMO"
"2019-07-10T00:00:00.000","63","QUINDIO","63130","CALARCA","0.052052","KILOGRAMO"
"2019-07-09T00:00:00.000","54","NORTE DE SANTANDER","54001","CUCUTA","0.0038038","KILOGRAMO"
"2019-07-08T00:00:00.000","05","ANTIOQUIA","05001","MEDELLIN","0.009009","KILOGRAMO"
"2019-07-08T00:00:00.000","66","RISARALDA","66170","DOSQUEBRADAS","0.15015","KILOGRAMO"
"2019-07-05T00:00:00.000","05","ANTIOQUIA","05001","MEDELLIN","0.0035035","KILOGRAMO"
"2019-07-04T00:00:00.000","73","TOLIMA","73283","FRESNO","0.045045","KILOGRAMO"
"2019-07-03T00:00:00.000","54","NORTE DE SANTANDER","54001","CUCUTA","0.00308308","KILOGRAMO"
"2019-07-02T00:00:00.000","20","CESAR","20045","BECERRIL","0.015015","KILOGRAMO"
"2019-06-30T00:00:00.000","11","BOGOTA D.C.","11001","BOGOTA D.C.","0.0065","KILOGRAMO"
"2019-06-29T00:00:00.000","52","NARIÑO","52001","PASTO","0.003","KILOGRAMO"
"2019-06-28T00:00:00.000","54","NORTE DE SANTANDER","54001","CUCUTA","0.00654","KILOGRAMO"
"2019-06-28T00:00:00.000","76","VALLE DEL CAUCA","76520","PALMIRA","0.01","KILOGRAMO"
"2019-06-27T00:00:00.000","52","NARIÑO","52001","PASTO","14","KILOGRAMO"
"2019-06-27T00:00:00.000","54","NORTE DE SANTANDER","54001","CUCUTA","0.004","KILOGRAMO"
"2019-06-26T00:00:00.000","08","ATLANTICO","08685","SANTO TOMAS","0.012","KILOGRAMO"
"2019-06-26T00:00:00.000","08","ATLANTICO","08001","BARRANQUILLA","0.035","KILOGRAMO"
"2019-06-23T00:00:00.000","52","NARIÑO","52356","IPIALES","14.6","KILOGRAMO"
"2019-06-21T00:00:00.000","05","ANTIOQUIA","05001","MEDELLIN","0.0269","KILOGRAMO"
"2019-06-21T00:00:00.000","11","BOGOTA D.C.","11001","BOGOTA D.C.","0.008","KILOGRAMO"
"2019-06-20T00:00:00.000","76","VALLE DEL CAUCA","76001","CALI","0.002","KILOGRAMO"
"2019-06-20T00:00:00.000","54","NORTE DE SANTANDER","54001","CUCUTA","0.0029","KILOGRAMO"
"2019-06-18T00:00:00.000","63","QUINDIO","63001","ARMENIA","0.11","KILOGRAMO"
"2019-06-18T00:00:00.000","54","NORTE DE SANTANDER","54001","CUCUTA","0.00449","KILOGRAMO"
"2019-06-17T00:00:00.000","54","NORTE DE SANTANDER","54553","PUERTO SANTANDER","0.005","KILOGRAMO"
"2019-06-17T00:00:00.000","63","QUINDIO","63001","ARMENIA","0.00047","KILOGRAMO"
"2019-06-16T00:00:00.000","54","NORTE DE SANTANDER","54001","CUCUTA","0.0042","KILOGRAMO"
"2019-06-16T00:00:00.000","52","NARIÑO","52356","IPIALES","5.7","KILOGRAMO"
"2019-06-14T00:00:00.000","54","NORTE DE SANTANDER","54001","CUCUTA","0.00228","KILOGRAMO"
"2019-06-14T00:00:00.000","25","CUNDINAMARCA","25758","SOPO","0.01","KILOGRAMO"
"2019-06-13T00:00:00.000","54","NORTE DE SANTANDER","54001","CUCUTA","0.00568","KILOGRAMO"
"2019-06-13T00:00:00.000","08","ATLANTICO","08001","BARRANQUILLA","0.003","KILOGRAMO"
"2019-06-13T00:00:00.000","52","NARIÑO","52356","IPIALES","0.96","KILOGRAMO"
"2019-06-12T00:00:00.000","52","NARIÑO","52356","IPIALES","13.891","KILOGRAMO"
"2019-06-11T00:00:00.000","52","NARIÑO","52001","PASTO","8.5","KILOGRAMO"
"2019-06-11T00:00:00.000","54","NORTE DE SANTANDER","54001","CUCUTA","0.004","KILOGRAMO"
"2019-06-10T00:00:00.000","54","NORTE DE SANTANDER","54001","CUCUTA","0.01026","KILOGRAMO"
"2019-06-08T00:00:00.000","76","VALLE DEL CAUCA","76670","SAN PEDRO","0.964","KILOGRAMO"
"2019-06-07T00:00:00.000","54","NORTE DE SANTANDER","54001","CUCUTA","0.041","KILOGRAMO"
"2019-06-07T00:00:00.000","08","ATLANTICO","08573","PUERTO COLOMBIA","0.012","KILOGRAMO"
"2019-06-05T00:00:00.000","66","RISARALDA","66170","DOSQUEBRADAS","0.098","KILOGRAMO"
"2019-06-05T00:00:00.000","05","ANTIOQUIA","05190","CISNEROS","0.05","KILOGRAMO"
"2019-06-04T00:00:00.000","19","CAUCA","19001","POPAYAN","0.992","KILOGRAMO"
"2019-05-30T00:00:00.000","66","RISARALDA","66001","PEREIRA","0.1","KILOGRAMO"
"2019-05-29T00:00:00.000","66","RISARALDA","66088","BELEN DE UMBRIA","0.015","KILOGRAMO"
"2019-05-29T00:00:00.000","05","ANTIOQUIA","05390","LA PINTADA","0.1","KILOGRAMO"
"2019-05-29T00:00:00.000","54","NORTE DE SANTANDER","54001","CUCUTA","0.0054","KILOGRAMO"
"2019-05-28T00:00:00.000","05","ANTIOQUIA","05197","COCORNA","0.112","KILOGRAMO"
"2019-05-25T00:00:00.000","05","ANTIOQUIA","05154","CAUCASIA","0.1","KILOGRAMO"
"2019-05-25T00:00:00.000","54","NORTE DE SANTANDER","54001","CUCUTA","0.002","KILOGRAMO"
"2019-05-25T00:00:00.000","05","ANTIOQUIA","05001","MEDELLIN","0.0027","KILOGRAMO"
"2019-05-24T00:00:00.000","66","RISARALDA","66170","DOSQUEBRADAS","0.003","KILOGRAMO"
"2019-05-24T00:00:00.000","52","NARIÑO","52001","PASTO","0.01","KILOGRAMO"
"2019-05-24T00:00:00.000","23","CORDOBA","23001","MONTERIA","0.005","KILOGRAMO"
"2019-05-22T00:00:00.000","19","CAUCA","19698","SANTANDER DE QUILICHAO","0.09","KILOGRAMO"
"2019-05-22T00:00:00.000","25","CUNDINAMARCA","25269","FACATATIVA","0.001","KILOGRAMO"
"2019-05-22T00:00:00.000","54","NORTE DE SANTANDER","54001","CUCUTA","0.00254","KILOGRAMO"
"2019-05-22T00:00:00.000","54","NORTE DE SANTANDER","54405","LOS PATIOS","0.002","KILOGRAMO"
"2019-05-21T00:00:00.000","19","CAUCA","19001","POPAYAN","0.5212","KILOGRAMO"
"2019-05-21T00:00:00.000","08","ATLANTICO","08638","SABANALARGA","0.01","KILOGRAMO"
"2019-05-19T00:00:00.000","15","BOYACA","15638","SACHICA","0.001","KILOGRAMO"
"2019-05-18T00:00:00.000","05","ANTIOQUIA","05001","MEDELLIN","0.01","KILOGRAMO"
"2019-05-17T00:00:00.000","76","VALLE DEL CAUCA","76001","CALI","0.0361","KILOGRAMO"
"2019-05-14T00:00:00.000","54","NORTE DE SANTANDER","54001","CUCUTA","0.0072","KILOGRAMO"
"2019-05-13T00:00:00.000","54","NORTE DE SANTANDER","54001","CUCUTA","0.00874","KILOGRAMO"
"2019-05-12T00:00:00.000","05","ANTIOQUIA","05001","MEDELLIN","0.004","KILOGRAMO"
"2019-05-09T00:00:00.000","05","ANTIOQUIA","05172","CHIGORODO","0.004","KILOGRAMO"
"2019-05-09T00:00:00.000","54","NORTE DE SANTANDER","54001","CUCUTA","0.0055","KILOGRAMO"
"2019-05-08T00:00:00.000","54","NORTE DE SANTANDER","54001","CUCUTA","0.04","KILOGRAMO"
"2019-05-08T00:00:00.000","05","ANTIOQUIA","05154","CAUCASIA","0.08","KILOGRAMO"
"2019-05-08T00:00:00.000","76","VALLE DEL CAUCA","76001","CALI","0.701","KILOGRAMO"
"2019-05-07T00:00:00.000","54","NORTE DE SANTANDER","54001","CUCUTA","0.00165","KILOGRAMO"
"2019-05-07T00:00:00.000","66","RISARALDA","66170","DOSQUEBRADAS","0.025","KILOGRAMO"
"2019-05-06T00:00:00.000","20","CESAR","20550","PELAYA","0.014","KILOGRAMO"
"2019-05-05T00:00:00.000","52","NARIÑO","52356","IPIALES","5.25","KILOGRAMO"
"2019-05-03T00:00:00.000","52","NARIÑO","52001","PASTO","3.546","KILOGRAMO"
"2019-05-02T00:00:00.000","08","ATLANTICO","08001","BARRANQUILLA","0.02","KILOGRAMO"
"2019-05-02T00:00:00.000","05","ANTIOQUIA","05390","LA PINTADA","0.05","KILOGRAMO"
"2019-05-01T00:00:00.000","54","NORTE DE SANTANDER","54001","CUCUTA","0.0128","KILOGRAMO"
"2019-04-30T00:00:00.000","05","ANTIOQUIA","05579","PUERTO BERRIO","0.001","KILOGRAMO"
"2019-04-30T00:00:00.000","20","CESAR","20060","BOSCONIA","0.01","KILOGRAMO"
"2019-04-30T00:00:00.000","54","NORTE DE SANTANDER","54001","CUCUTA","0.01","KILOGRAMO"
"2019-04-30T00:00:00.000","52","NARIÑO","52001","PASTO","3","KILOGRAMO"
"2019-04-30T00:00:00.000","52","NARIÑO","52838","TUQUERRES","3.648","KILOGRAMO"
"2019-04-29T00:00:00.000","73","TOLIMA","73001","IBAGUE","0.005","KILOGRAMO"
"2019-04-28T00:00:00.000","50","META","50001","VILLAVICENCIO","0.007","KILOGRAMO"
"2019-04-25T00:00:00.000","54","NORTE DE SANTANDER","54001","CUCUTA","0.005","KILOGRAMO"
"2019-04-25T00:00:00.000","05","ANTIOQUIA","05001","MEDELLIN","0.0012","KILOGRAMO"
"2019-04-24T00:00:00.000","66","RISARALDA","66001","PEREIRA","1.549","KILOGRAMO"
"2019-04-23T00:00:00.000","63","QUINDIO","63130","CALARCA","0.1","KILOGRAMO"
"2019-04-23T00:00:00.000","05","ANTIOQUIA","05120","CACERES","0.07","KILOGRAMO"
"2019-04-22T00:00:00.000","05","ANTIOQUIA","05138","CAÑASGORDAS","0.04","KILOGRAMO"
"2019-04-22T00:00:00.000","54","NORTE DE SANTANDER","54001","CUCUTA","0.00876","KILOGRAMO"
"2019-04-22T00:00:00.000","47","MAGDALENA","47555","PLATO","0.0013","KILOGRAMO"
"2019-04-21T00:00:00.000","19","CAUCA","19698","SANTANDER DE QUILICHAO","0.1","KILOGRAMO"
"2019-04-17T00:00:00.000","66","RISARALDA","66170","DOSQUEBRADAS","0.03","KILOGRAMO"
"2019-04-15T00:00:00.000","08","ATLANTICO","08001","BARRANQUILLA","0.02","KILOGRAMO"
"2019-04-13T00:00:00.000","73","TOLIMA","73001","IBAGUE","0.012","KILOGRAMO"
"2019-04-12T00:00:00.000","05","ANTIOQUIA","05266","ENVIGADO","0.025","KILOGRAMO"
"2019-04-11T00:00:00.000","66","RISARALDA","66001","PEREIRA","0.006","KILOGRAMO"
"2019-04-11T00:00:00.000","52","NARIÑO","52356","IPIALES","12","KILOGRAMO"
"2019-04-11T00:00:00.000","11","BOGOTA D.C.","11001","BOGOTA D.C.","0.091","KILOGRAMO"
"2019-04-10T00:00:00.000","25","CUNDINAMARCA","25269","FACATATIVA","0.005","KILOGRAMO"
"2019-04-10T00:00:00.000","76","VALLE DEL CAUCA","76036","ANDALUCIA","0.003","KILOGRAMO"
"2019-04-09T00:00:00.000","20","CESAR","20770","SAN MARTIN","0.001","KILOGRAMO"
"2019-04-08T00:00:00.000","54","NORTE DE SANTANDER","54001","CUCUTA","0.00823","KILOGRAMO"
"2019-04-08T00:00:00.000","52","NARIÑO","52110","BUESACO","15.625","KILOGRAMO"
"2019-04-07T00:00:00.000","25","CUNDINAMARCA","25335","GUAYABETAL","0.001","KILOGRAMO"
"2019-04-05T00:00:00.000","05","ANTIOQUIA","05001","MEDELLIN","0.02","KILOGRAMO"
"2019-04-05T00:00:00.000","54","NORTE DE SANTANDER","54001","CUCUTA","0.015","KILOGRAMO"
"2019-04-03T00:00:00.000","25","CUNDINAMARCA","25473","MOSQUERA","0.001","KILOGRAMO"
"2019-04-03T00:00:00.000","50","META","50573","PUERTO LOPEZ","0.01","KILOGRAMO"
"2019-04-03T00:00:00.000","05","ANTIOQUIA","05670","SAN ROQUE","0.008","KILOGRAMO"
"2019-04-03T00:00:00.000","05","ANTIOQUIA","05088","BELLO","0.01","KILOGRAMO"
"2019-04-03T00:00:00.000","54","NORTE DE SANTANDER","54001","CUCUTA","0.00185","KILOGRAMO"
"2019-04-01T00:00:00.000","05","ANTIOQUIA","05138","CAÑASGORDAS","0.028","KILOGRAMO"
"2019-04-01T00:00:00.000","05","ANTIOQUIA","05266","ENVIGADO","0.0304","KILOGRAMO"
"2019-03-30T00:00:00.000","11","BOGOTA D.C.","11001","BOGOTA D.C.","0.002","KILOGRAMO"
"2019-03-30T00:00:00.000","54","NORTE DE SANTANDER","54001","CUCUTA","0.0104","KILOGRAMO"
"2019-03-29T00:00:00.000","20","CESAR","20228","CURUMANI","0.012","KILOGRAMO"
"2019-03-29T00:00:00.000","05","ANTIOQUIA","05042","SANTA FE DE ANTIOQUIA","0.105","KILOGRAMO"
"2019-03-29T00:00:00.000","25","CUNDINAMARCA","25430","MADRID","0.012","KILOGRAMO"
"2019-03-28T00:00:00.000","05","ANTIOQUIA","05679","SANTA BARBARA","0.15","KILOGRAMO"
"2019-03-28T00:00:00.000","11","BOGOTA D.C.","11001","BOGOTA D.C.","0.003","KILOGRAMO"
"2019-03-28T00:00:00.000","76","VALLE DEL CAUCA","76147","CARTAGO","0.005","KILOGRAMO"
"2019-03-27T00:00:00.000","20","CESAR","20770","SAN MARTIN","0.001","KILOGRAMO"
"2019-03-27T00:00:00.000","54","NORTE DE SANTANDER","54001","CUCUTA","0.014","KILOGRAMO"
"2019-03-26T00:00:00.000","76","VALLE DEL CAUCA","76147","CARTAGO","0.00050","KILOGRAMO"
"2019-03-26T00:00:00.000","05","ANTIOQUIA","05209","CONCORDIA","0.11","KILOGRAMO"
"2019-03-24T00:00:00.000","54","NORTE DE SANTANDER","54001","CUCUTA","0.004","KILOGRAMO"
"2019-03-24T00:00:00.000","05","ANTIOQUIA","05237","DONMATIAS","0.1","KILOGRAMO"
"2019-03-23T00:00:00.000","54","NORTE DE SANTANDER","54001","CUCUTA","0.004","KILOGRAMO"
"2019-03-22T00:00:00.000","76","VALLE DEL CAUCA","76834","TULUA","0.02","KILOGRAMO"
"2019-03-22T00:00:00.000","54","NORTE DE SANTANDER","54001","CUCUTA","0.004","KILOGRAMO"
"2019-03-21T00:00:00.000","20","CESAR","20011","AGUACHICA","0.00125","KILOGRAMO"
"2019-03-21T00:00:00.000","76","VALLE DEL CAUCA","76834","TULUA","0.018","KILOGRAMO"
"2019-03-21T00:00:00.000","54","NORTE DE SANTANDER","54001","CUCUTA","0.0035","KILOGRAMO"
"2019-03-21T00:00:00.000","05","ANTIOQUIA","05854","VALDIVIA","0.105","KILOGRAMO"
"2019-03-20T00:00:00.000","19","CAUCA","19698","SANTANDER DE QUILICHAO","0.03","KILOGRAMO"
"2019-03-20T00:00:00.000","66","RISARALDA","66001","PEREIRA","10.516","KILOGRAMO"
"2019-03-20T00:00:00.000","19","CAUCA","19845","VILLA RICA","1","KILOGRAMO"
"2019-03-20T00:00:00.000","05","ANTIOQUIA","05736","SEGOVIA","0.002","KILOGRAMO"
"2019-03-19T00:00:00.000","54","NORTE DE SANTANDER","54001","CUCUTA","0.0031","KILOGRAMO"
"2019-03-18T00:00:00.000","08","ATLANTICO","08634","SABANAGRANDE","0.015","KILOGRAMO"
"2019-03-17T00:00:00.000","66","RISARALDA","66001","PEREIRA","0.013","KILOGRAMO"
"2019-03-17T00:00:00.000","05","ANTIOQUIA","05001","MEDELLIN","0.008","KILOGRAMO"
"2019-03-16T00:00:00.000","19","CAUCA","19001","POPAYAN","0.011","KILOGRAMO"
"2019-03-16T00:00:00.000","20","CESAR","20011","AGUACHICA","0.009","KILOGRAMO"
"2019-03-15T00:00:00.000","73","TOLIMA","73001","IBAGUE","0.03","KILOGRAMO"
"2019-03-15T00:00:00.000","54","NORTE DE SANTANDER","54001","CUCUTA","0.013","KILOGRAMO"
"2019-03-14T00:00:00.000","54","NORTE DE SANTANDER","54001","CUCUTA","0.0018","KILOGRAMO"
"2019-03-14T00:00:00.000","66","RISARALDA","66170","DOSQUEBRADAS","0.022","KILOGRAMO"
"2019-03-14T00:00:00.000","05","ANTIOQUIA","05380","LA ESTRELLA","0.0137","KILOGRAMO"
"2019-03-12T00:00:00.000","73","TOLIMA","73283","FRESNO","0.085","KILOGRAMO"
"2019-03-12T00:00:00.000","05","ANTIOQUIA","05079","BARBOSA","0.001","KILOGRAMO"
"2019-03-10T00:00:00.000","52","NARIÑO","52356","IPIALES","11.151","KILOGRAMO"
"2019-03-09T00:00:00.000","63","QUINDIO","63001","ARMENIA","0.21","KILOGRAMO"
"2019-03-09T00:00:00.000","25","CUNDINAMARCA","25899","ZIPAQUIRA","0.006","KILOGRAMO"
"2019-03-08T00:00:00.000","05","ANTIOQUIA","05266","ENVIGADO","0.0096","KILOGRAMO"
"2019-03-08T00:00:00.000","20","CESAR","20228","CURUMANI","0.013","KILOGRAMO"
"2019-03-07T00:00:00.000","20","CESAR","20228","CURUMANI","0.013","KILOGRAMO"
"2019-03-07T00:00:00.000","05","ANTIOQUIA","05686","SANTA ROSA DE OSOS","0.2","KILOGRAMO"
"2019-03-06T00:00:00.000","63","QUINDIO","63130","CALARCA","0.15","KILOGRAMO"
"2019-03-06T00:00:00.000","54","NORTE DE SANTANDER","54405","LOS PATIOS","0.00228","KILOGRAMO"
"2019-03-05T00:00:00.000","05","ANTIOQUIA","05001","MEDELLIN","1.977","KILOGRAMO"
"2019-03-05T00:00:00.000","63","QUINDIO","63001","ARMENIA","0.453","KILOGRAMO"
"2019-03-03T00:00:00.000","05","ANTIOQUIA","05690","SANTO DOMINGO","0.1","KILOGRAMO"
"2019-03-03T00:00:00.000","63","QUINDIO","63001","ARMENIA","0.001","KILOGRAMO"
"2019-03-02T00:00:00.000","05","ANTIOQUIA","05318","GUARNE","0.11","KILOGRAMO"
"2019-03-02T00:00:00.000","05","ANTIOQUIA","05670","SAN ROQUE","0.08","KILOGRAMO"
"2019-03-02T00:00:00.000","52","NARIÑO","52001","PASTO","0.005","KILOGRAMO"
"2019-03-01T00:00:00.000","05","ANTIOQUIA","05138","CAÑASGORDAS","0.05","KILOGRAMO"
"2019-03-01T00:00:00.000","54","NORTE DE SANTANDER","54518","PAMPLONA","0.003","KILOGRAMO"
"2019-02-28T00:00:00.000","05","ANTIOQUIA","05030","AMAGA","0.3","KILOGRAMO"
"2019-02-28T00:00:00.000","23","CORDOBA","23660","SAHAGUN","0.01","KILOGRAMO"
"2019-02-28T00:00:00.000","63","QUINDIO","63401","LA TEBAIDA","1.06","KILOGRAMO"
"2019-02-28T00:00:00.000","05","ANTIOQUIA","05001","MEDELLIN","0.00015","KILOGRAMO"
"2019-02-28T00:00:00.000","76","VALLE DEL CAUCA","76109","BUENAVENTURA","0.0031","KILOGRAMO"
"2019-02-27T00:00:00.000","05","ANTIOQUIA","05001","MEDELLIN","0.006","KILOGRAMO"
"2019-02-27T00:00:00.000","47","MAGDALENA","47001","SANTA MARTA","0.004","KILOGRAMO"
"2019-02-26T00:00:00.000","50","META","50001","VILLAVICENCIO","0.002","KILOGRAMO"
"2019-02-26T00:00:00.000","19","CAUCA","19001","POPAYAN","1.007","KILOGRAMO"
"2019-02-25T00:00:00.000","25","CUNDINAMARCA","25817","TOCANCIPA","0.004","KILOGRAMO"
"2019-02-25T00:00:00.000","25","CUNDINAMARCA","25899","ZIPAQUIRA","0.003","KILOGRAMO"
"2019-02-25T00:00:00.000","05","ANTIOQUIA","05376","LA CEJA","0.008","KILOGRAMO"
"2019-02-25T00:00:00.000","52","NARIÑO","52079","BARBACOAS","30","KILOGRAMO"
"2019-02-25T00:00:00.000","68","SANTANDER","68615","RIONEGRO","0.003","KILOGRAMO"
"2019-02-24T00:00:00.000","66","RISARALDA","66170","DOSQUEBRADAS","0.026","KILOGRAMO"
"2019-02-24T00:00:00.000","05","ANTIOQUIA","05615","RIONEGRO","2.015","KILOGRAMO"
"2019-02-24T00:00:00.000","05","ANTIOQUIA","05756","SONSON","0.3","KILOGRAMO"
"2019-02-24T00:00:00.000","54","NORTE DE SANTANDER","54001","CUCUTA","0.006","KILOGRAMO"
"2019-02-24T00:00:00.000","63","QUINDIO","63001","ARMENIA","0.001","KILOGRAMO"
"2019-02-19T00:00:00.000","05","ANTIOQUIA","05001","MEDELLIN","0.007","KILOGRAMO"
"2019-02-18T00:00:00.000","54","NORTE DE SANTANDER","54001","CUCUTA","0.005","KILOGRAMO"
"2019-02-18T00:00:00.000","66","RISARALDA","66001","PEREIRA","0.001","KILOGRAMO"
"2019-02-17T00:00:00.000","20","CESAR","20001","VALLEDUPAR","0.014","KILOGRAMO"
"2019-02-16T00:00:00.000","73","TOLIMA","73001","IBAGUE","0.025","KILOGRAMO"
"2019-02-15T00:00:00.000","54","NORTE DE SANTANDER","54001","CUCUTA","0.00308","KILOGRAMO"
"2019-02-15T00:00:00.000","52","NARIÑO","52565","PROVIDENCIA","4.6","KILOGRAMO"
"2019-02-14T00:00:00.000","66","RISARALDA","66170","DOSQUEBRADAS","0.283","KILOGRAMO"
"2019-02-13T00:00:00.000","05","ANTIOQUIA","05690","SANTO DOMINGO","0.13","KILOGRAMO"
"2019-02-13T00:00:00.000","52","NARIÑO","52356","IPIALES","3.95","KILOGRAMO"
"2019-02-13T00:00:00.000","20","CESAR","20060","BOSCONIA","0.02","KILOGRAMO"
"2019-02-11T00:00:00.000","52","NARIÑO","52110","BUESACO","0.105","KILOGRAMO"
"2019-02-11T00:00:00.000","54","NORTE DE SANTANDER","54001","CUCUTA","0.0175","KILOGRAMO"
"2019-02-10T00:00:00.000","54","NORTE DE SANTANDER","54001","CUCUTA","0.00143","KILOGRAMO"
"2019-02-08T00:00:00.000","25","CUNDINAMARCA","25126","CAJICA","0.002","KILOGRAMO"
"2019-02-08T00:00:00.000","20","CESAR","20710","SAN ALBERTO","0.014","KILOGRAMO"
"2019-02-08T00:00:00.000","19","CAUCA","19455","MIRANDA","0.003","KILOGRAMO"
"2019-02-07T00:00:00.000","08","ATLANTICO","08001","BARRANQUILLA","0.02","KILOGRAMO"
"2019-02-06T00:00:00.000","63","QUINDIO","63001","ARMENIA","0.001","KILOGRAMO"
"2019-02-05T00:00:00.000","05","ANTIOQUIA","05670","SAN ROQUE","0.03","KILOGRAMO"
"2019-02-04T00:00:00.000","52","NARIÑO","52079","BARBACOAS","4.98","KILOGRAMO"
"2019-02-04T00:00:00.000","54","NORTE DE SANTANDER","54001","CUCUTA","0.003","KILOGRAMO"
"2019-02-03T00:00:00.000","05","ANTIOQUIA","05376","LA CEJA","0.1","KILOGRAMO"
"2019-02-01T00:00:00.000","54","NORTE DE SANTANDER","54001","CUCUTA","0.02","KILOGRAMO"
"2019-01-31T00:00:00.000","05","ANTIOQUIA","05001","MEDELLIN","0.008","KILOGRAMO"
"2019-01-31T00:00:00.000","08","ATLANTICO","08001","BARRANQUILLA","0.01","KILOGRAMO"
"2019-01-30T00:00:00.000","54","NORTE DE SANTANDER","54001","CUCUTA","0.006","KILOGRAMO"
"2019-01-30T00:00:00.000","68","SANTANDER","68081","BARRANCABERMEJA","0.137","KILOGRAMO"
"2019-01-29T00:00:00.000","54","NORTE DE SANTANDER","54001","CUCUTA","0.00343","KILOGRAMO"
"2019-01-29T00:00:00.000","19","CAUCA","19698","SANTANDER DE QUILICHAO","0.12","KILOGRAMO"
"2019-01-29T00:00:00.000","25","CUNDINAMARCA","25488","NILO","0.001","KILOGRAMO"
"2019-01-28T00:00:00.000","73","TOLIMA","73449","MELGAR","0.005","KILOGRAMO"
"2019-01-28T00:00:00.000","66","RISARALDA","66170","DOSQUEBRADAS","0.22","KILOGRAMO"
"2019-01-26T00:00:00.000","52","NARIÑO","52356","IPIALES","1.07","KILOGRAMO"
"2019-01-25T00:00:00.000","05","ANTIOQUIA","05284","FRONTINO","0.002","KILOGRAMO"
"2019-01-24T00:00:00.000","05","ANTIOQUIA","05120","CACERES","0.05","KILOGRAMO"
"2019-01-24T00:00:00.000","54","NORTE DE SANTANDER","54001","CUCUTA","0.0255","KILOGRAMO"
"2019-01-24T00:00:00.000","19","CAUCA","19450","MERCADERES","0.845","KILOGRAMO"
"2019-01-23T00:00:00.000","19","CAUCA","19450","MERCADERES","0.03","KILOGRAMO"
"2019-01-23T00:00:00.000","76","VALLE DEL CAUCA","76364","JAMUNDI","0.00040","KILOGRAMO"
"2019-01-23T00:00:00.000","05","ANTIOQUIA","05001","MEDELLIN","0.008","KILOGRAMO"
"2019-01-22T00:00:00.000","63","QUINDIO","63001","ARMENIA","0.001","KILOGRAMO"
"2019-01-21T00:00:00.000","44","LA GUAJIRA","44847","URIBIA","0.001","KILOGRAMO"
"2019-01-20T00:00:00.000","54","NORTE DE SANTANDER","54001","CUCUTA","0.00262","KILOGRAMO"
"2019-01-19T00:00:00.000","66","RISARALDA","66170","DOSQUEBRADAS","0.006","KILOGRAMO"
"2019-01-19T00:00:00.000","19","CAUCA","19698","SANTANDER DE QUILICHAO","0.09","KILOGRAMO"
"2019-01-19T00:00:00.000","54","NORTE DE SANTANDER","54001","CUCUTA","0.00453","KILOGRAMO"
"2019-01-18T00:00:00.000","05","ANTIOQUIA","05631","SABANETA","0.013","KILOGRAMO"
"2019-01-17T00:00:00.000","54","NORTE DE SANTANDER","54001","CUCUTA","0.0012","KILOGRAMO"
"2019-01-17T00:00:00.000","19","CAUCA","19698","SANTANDER DE QUILICHAO","0.12","KILOGRAMO"
"2019-01-17T00:00:00.000","11","BOGOTA D.C.","11001","BOGOTA D.C.","0.003","KILOGRAMO"
"2019-01-16T00:00:00.000","20","CESAR","20001","VALLEDUPAR","0.011","KILOGRAMO"
"2019-01-16T00:00:00.000","54","NORTE DE SANTANDER","54001","CUCUTA","0.0035","KILOGRAMO"
"2019-01-15T00:00:00.000","76","VALLE DEL CAUCA","76364","JAMUNDI","0.002","KILOGRAMO"
"2019-01-15T00:00:00.000","54","NORTE DE SANTANDER","54001","CUCUTA","0.0026","KILOGRAMO"
"2019-01-12T00:00:00.000","19","CAUCA","19698","SANTANDER DE QUILICHAO","0.1","KILOGRAMO"
"2019-01-12T00:00:00.000","54","NORTE DE SANTANDER","54001","CUCUTA","0.0056","KILOGRAMO"
"2019-01-11T00:00:00.000","19","CAUCA","19698","SANTANDER DE QUILICHAO","0.18","KILOGRAMO"
"2019-01-11T00:00:00.000","54","NORTE DE SANTANDER","54001","CUCUTA","0.005","KILOGRAMO"
"2019-01-10T00:00:00.000","52","NARIÑO","52356","IPIALES","1.036","KILOGRAMO"
"2019-01-10T00:00:00.000","54","NORTE DE SANTANDER","54001","CUCUTA","0.002","KILOGRAMO"
"2019-01-09T00:00:00.000","63","QUINDIO","63001","ARMENIA","0.004","KILOGRAMO"
"2019-01-08T00:00:00.000","73","TOLIMA","73449","MELGAR","0.02","KILOGRAMO"
"2019-01-05T00:00:00.000","54","NORTE DE SANTANDER","54001","CUCUTA","0.00032","KILOGRAMO"
"2019-01-03T00:00:00.000","54","NORTE DE SANTANDER","54001","CUCUTA","0.0023","KILOGRAMO"
"2019-01-01T00:00:00.000","66","RISARALDA","66001","PEREIRA","0.002","KILOGRAMO"
"2018-12-23T00:00:00.000","66","RISARALDA","66001","PEREIRA","0.005","KILOGRAMO"
"2018-12-19T00:00:00.000","54","NORTE DE SANTANDER","54001","CUCUTA","0.03","KILOGRAMO"
"2018-12-18T00:00:00.000","63","QUINDIO","63001","ARMENIA","1.169","KILOGRAMO"
"2018-12-18T00:00:00.000","05","ANTIOQUIA","05001","MEDELLIN","0.002","KILOGRAMO"
"2018-12-17T00:00:00.000","54","NORTE DE SANTANDER","54001","CUCUTA","0.01033","KILOGRAMO"
"2018-12-14T00:00:00.000","68","SANTANDER","68655","SABANA DE TORRES","0.002","KILOGRAMO"
"2018-12-13T00:00:00.000","54","NORTE DE SANTANDER","54001","CUCUTA","0.0042","KILOGRAMO"
"2018-12-08T00:00:00.000","50","META","50001","VILLAVICENCIO","0.003","KILOGRAMO"
"2018-12-07T00:00:00.000","66","RISARALDA","66001","PEREIRA","0.1","KILOGRAMO"
"2018-12-07T00:00:00.000","54","NORTE DE SANTANDER","54001","CUCUTA","0.002","KILOGRAMO"
"2018-12-07T00:00:00.000","66","RISARALDA","66170","DOSQUEBRADAS","0.05","KILOGRAMO"
"2018-12-06T00:00:00.000","66","RISARALDA","66170","DOSQUEBRADAS","0.012","KILOGRAMO"
"2018-12-06T00:00:00.000","05","ANTIOQUIA","05079","BARBOSA","0.00050","KILOGRAMO"
"2018-12-05T00:00:00.000","05","ANTIOQUIA","05138","CAÑASGORDAS","0.03","KILOGRAMO"
"2018-12-04T00:00:00.000","50","META","50573","PUERTO LOPEZ","0.002","KILOGRAMO"
"2018-12-03T00:00:00.000","54","NORTE DE SANTANDER","54001","CUCUTA","0.00271","KILOGRAMO"
"2018-12-01T00:00:00.000","73","TOLIMA","73001","IBAGUE","0.01","KILOGRAMO"
"2018-12-01T00:00:00.000","52","NARIÑO","52110","BUESACO","4.7","KILOGRAMO"
"2018-12-01T00:00:00.000","08","ATLANTICO","08001","BARRANQUILLA","0.04","KILOGRAMO"
"2018-11-30T00:00:00.000","50","META","50001","VILLAVICENCIO","0.002","KILOGRAMO"
"2018-11-30T00:00:00.000","11","BOGOTA D.C.","11001","BOGOTA D.C.","0.007","KILOGRAMO"
"2018-11-29T00:00:00.000","54","NORTE DE SANTANDER","54001","CUCUTA","0.00128","KILOGRAMO"
"2018-11-28T00:00:00.000","54","NORTE DE SANTANDER","54001","CUCUTA","0.447","KILOGRAMO"
"2018-11-23T00:00:00.000","08","ATLANTICO","08001","BARRANQUILLA","0.375","KILOGRAMO"
"2018-11-22T00:00:00.000","54","NORTE DE SANTANDER","54001","CUCUTA","0.02","KILOGRAMO"
"2018-11-22T00:00:00.000","52","NARIÑO","52356","IPIALES","0.911","KILOGRAMO"
"2018-11-18T00:00:00.000","52","NARIÑO","52788","TANGUA","13.95","KILOGRAMO"
"2018-11-15T00:00:00.000","54","NORTE DE SANTANDER","54001","CUCUTA","0.00207","KILOGRAMO"
"2018-11-15T00:00:00.000","66","RISARALDA","66170","DOSQUEBRADAS","0.013","KILOGRAMO"
"2018-11-14T00:00:00.000","54","NORTE DE SANTANDER","54001","CUCUTA","0.002","KILOGRAMO"
"2018-11-13T00:00:00.000","54","NORTE DE SANTANDER","54001","CUCUTA","0.05182","KILOGRAMO"
"2018-11-12T00:00:00.000","54","NORTE DE SANTANDER","54001","CUCUTA","0.002","KILOGRAMO"
"2018-11-11T00:00:00.000","66","RISARALDA","66001","PEREIRA","0.007","KILOGRAMO"
"2018-11-10T00:00:00.000","63","QUINDIO","63001","ARMENIA","0.001","KILOGRAMO"
"2018-11-09T00:00:00.000","05","ANTIOQUIA","05001","MEDELLIN","0.002","KILOGRAMO"
"2018-11-08T00:00:00.000","54","NORTE DE SANTANDER","54001","CUCUTA","0.00548","KILOGRAMO"
"2018-11-07T00:00:00.000","54","NORTE DE SANTANDER","54001","CUCUTA","0.01","KILOGRAMO"
"2018-11-06T00:00:00.000","08","ATLANTICO","08421","LURUACO","0.001","KILOGRAMO"
"2018-11-04T00:00:00.000","54","NORTE DE SANTANDER","54261","EL ZULIA","0.00115","KILOGRAMO"
"2018-11-03T00:00:00.000","54","NORTE DE SANTANDER","54001","CUCUTA","0.0015","KILOGRAMO"
"2018-11-01T00:00:00.000","54","NORTE DE SANTANDER","54001","CUCUTA","0.002","KILOGRAMO"
"2018-10-27T00:00:00.000","76","VALLE DEL CAUCA","76001","CALI","0.001","KILOGRAMO"
"2018-10-27T00:00:00.000","63","QUINDIO","63190","CIRCASIA","0.017","KILOGRAMO"
"2018-10-25T00:00:00.000","11","BOGOTA D.C.","11001","BOGOTA D.C.","0.002","KILOGRAMO"
"2018-10-21T00:00:00.000","52","NARIÑO","52352","ILES","3","KILOGRAMO"
"2018-10-21T00:00:00.000","54","NORTE DE SANTANDER","54001","CUCUTA","0.003","KILOGRAMO"
"2018-10-20T00:00:00.000","25","CUNDINAMARCA","25488","NILO","0.11","KILOGRAMO"
"2018-10-20T00:00:00.000","05","ANTIOQUIA","05887","YARUMAL","0.056","KILOGRAMO"
"2018-10-19T00:00:00.000","54","NORTE DE SANTANDER","54001","CUCUTA","0.0019","KILOGRAMO"
"2018-10-18T00:00:00.000","63","QUINDIO","63001","ARMENIA","0.001","KILOGRAMO"
"2018-10-17T00:00:00.000","08","ATLANTICO","08137","CAMPO DE LA CRUZ","0.003","KILOGRAMO"
"2018-10-17T00:00:00.000","76","VALLE DEL CAUCA","76001","CALI","0.002","KILOGRAMO"
"2018-10-16T00:00:00.000","52","NARIÑO","52356","IPIALES","5.56","KILOGRAMO"
"2018-10-14T00:00:00.000","66","RISARALDA","66001","PEREIRA","0.002","KILOGRAMO"
"2018-10-13T00:00:00.000","08","ATLANTICO","08638","SABANALARGA","0.007","KILOGRAMO"
"2018-10-13T00:00:00.000","54","NORTE DE SANTANDER","54001","CUCUTA","0.0018","KILOGRAMO"
"2018-10-13T00:00:00.000","66","RISARALDA","66001","PEREIRA","2.5","KILOGRAMO"
"2018-10-12T00:00:00.000","54","NORTE DE SANTANDER","54001","CUCUTA","0.00137","KILOGRAMO"
"2018-10-11T00:00:00.000","05","ANTIOQUIA","05001","MEDELLIN","0.00080","KILOGRAMO"
"2018-10-11T00:00:00.000","52","NARIÑO","52110","BUESACO","1.4","KILOGRAMO"
"2018-10-10T00:00:00.000","66","RISARALDA","66001","PEREIRA","0.17","KILOGRAMO"
"2018-10-10T00:00:00.000","52","NARIÑO","52001","PASTO","0.99","KILOGRAMO"
"2018-10-10T00:00:00.000","05","ANTIOQUIA","05001","MEDELLIN","0.015","KILOGRAMO"
"2018-10-09T00:00:00.000","54","NORTE DE SANTANDER","54001","CUCUTA","0.005","KILOGRAMO"
"2018-10-08T00:00:00.000","73","TOLIMA","73283","FRESNO","0.02","KILOGRAMO"
"2018-10-07T00:00:00.000","66","RISARALDA","66001","PEREIRA","0.003","KILOGRAMO"
"2018-10-06T00:00:00.000","20","CESAR","20710","SAN ALBERTO","0.001","KILOGRAMO"
"2018-10-05T00:00:00.000","54","NORTE DE SANTANDER","54001","CUCUTA","0.004","KILOGRAMO"
"2018-10-04T00:00:00.000","20","CESAR","20011","AGUACHICA","0.002","KILOGRAMO"
"2018-10-04T00:00:00.000","20","CESAR","20001","VALLEDUPAR","0.002","KILOGRAMO"
"2018-10-03T00:00:00.000","05","ANTIOQUIA","05237","DONMATIAS","0.15","KILOGRAMO"
"2018-10-03T00:00:00.000","08","ATLANTICO","08078","BARANOA","0.01","KILOGRAMO"
"2018-10-02T00:00:00.000","54","NORTE DE SANTANDER","54001","CUCUTA","0.001","KILOGRAMO"
"2018-10-02T00:00:00.000","68","SANTANDER","68081","BARRANCABERMEJA","0.01","KILOGRAMO"
"2018-09-30T00:00:00.000","52","NARIÑO","52110","BUESACO","6.41","KILOGRAMO"
"2018-09-30T00:00:00.000","54","NORTE DE SANTANDER","54001","CUCUTA","0.0023","KILOGRAMO"
"2018-09-29T00:00:00.000","54","NORTE DE SANTANDER","54001","CUCUTA","0.001","KILOGRAMO"
"2018-09-28T00:00:00.000","54","NORTE DE SANTANDER","54001","CUCUTA","0.0032","KILOGRAMO"
"2018-09-27T00:00:00.000","54","NORTE DE SANTANDER","54001","CUCUTA","0.015","KILOGRAMO"
"2018-09-24T00:00:00.000","08","ATLANTICO","08001","BARRANQUILLA","0.001","KILOGRAMO"
"2018-09-23T00:00:00.000","54","NORTE DE SANTANDER","54001","CUCUTA","0.006","KILOGRAMO"
"2018-09-23T00:00:00.000","66","RISARALDA","66001","PEREIRA","0.003","KILOGRAMO"
"2018-09-22T00:00:00.000","52","NARIÑO","52356","IPIALES","17.79","KILOGRAMO"
"2018-09-22T00:00:00.000","05","ANTIOQUIA","05686","SANTA ROSA DE OSOS","0.008","KILOGRAMO"
"2018-09-21T00:00:00.000","54","NORTE DE SANTANDER","54001","CUCUTA","0.003","KILOGRAMO"
"2018-09-21T00:00:00.000","08","ATLANTICO","08573","PUERTO COLOMBIA","0.024","KILOGRAMO"
"2018-09-20T00:00:00.000","11","BOGOTA D.C.","11001","BOGOTA D.C.","0.005","KILOGRAMO"
"2018-09-18T00:00:00.000","54","NORTE DE SANTANDER","54001","CUCUTA","0.0035","KILOGRAMO"
"2018-09-16T00:00:00.000","08","ATLANTICO","08001","BARRANQUILLA","0.03","KILOGRAMO"
"2018-09-14T00:00:00.000","19","CAUCA","19450","MERCADERES","0.003","KILOGRAMO"
"2018-09-13T00:00:00.000","05","ANTIOQUIA","05001","MEDELLIN","0.1","KILOGRAMO"
"2018-09-13T00:00:00.000","54","NORTE DE SANTANDER","54001","CUCUTA","0.002","KILOGRAMO"
"2018-09-11T00:00:00.000","17","CALDAS","17001","MANIZALES","0.003","KILOGRAMO"
"2018-09-11T00:00:00.000","20","CESAR","20001","VALLEDUPAR","0.01","KILOGRAMO"
"2018-09-09T00:00:00.000","52","NARIÑO","52356","IPIALES","6.041","KILOGRAMO"
"2018-09-07T00:00:00.000","76","VALLE DEL CAUCA","76100","BOLIVAR","0.003","KILOGRAMO"
"2018-09-07T00:00:00.000","54","NORTE DE SANTANDER","54001","CUCUTA","0.002","KILOGRAMO"
"2018-09-06T00:00:00.000","54","NORTE DE SANTANDER","54001","CUCUTA","0.0023","KILOGRAMO"
"2018-09-04T00:00:00.000","05","ANTIOQUIA","05030","AMAGA","0.1","KILOGRAMO"
"2018-09-03T00:00:00.000","54","NORTE DE SANTANDER","54001","CUCUTA","0.001","KILOGRAMO"
"2018-09-03T00:00:00.000","52","NARIÑO","52540","POLICARPA","4.85","KILOGRAMO"
"2018-09-02T00:00:00.000","23","CORDOBA","23419","LOS CORDOBAS","0.002","KILOGRAMO"
"2018-09-01T00:00:00.000","20","CESAR","20060","BOSCONIA","0.01","KILOGRAMO"
"2018-09-01T00:00:00.000","05","ANTIOQUIA","05607","RETIRO","0.033","KILOGRAMO"
"2018-08-31T00:00:00.000","05","ANTIOQUIA","05001","MEDELLIN","0.002","KILOGRAMO"
"2018-08-30T00:00:00.000","23","CORDOBA","23001","MONTERIA","0.004","KILOGRAMO"
"2018-08-29T00:00:00.000","08","ATLANTICO","08001","BARRANQUILLA","0.001","KILOGRAMO"
"2018-08-28T00:00:00.000","63","QUINDIO","63001","ARMENIA","0.193","KILOGRAMO"
"2018-08-27T00:00:00.000","54","NORTE DE SANTANDER","54001","CUCUTA","0.002","KILOGRAMO"
"2018-08-26T00:00:00.000","66","RISARALDA","66170","DOSQUEBRADAS","0.022","KILOGRAMO"
"2018-08-26T00:00:00.000","05","ANTIOQUIA","05030","AMAGA","0.1","KILOGRAMO"
"2018-08-25T00:00:00.000","54","NORTE DE SANTANDER","54001","CUCUTA","0.0015","KILOGRAMO"
"2018-08-24T00:00:00.000","66","RISARALDA","66170","DOSQUEBRADAS","1","KILOGRAMO"
"2018-08-23T00:00:00.000","52","NARIÑO","52354","IMUES","5.18","KILOGRAMO"
"2018-08-23T00:00:00.000","52","NARIÑO","52079","BARBACOAS","1.88","KILOGRAMO"
"2018-08-23T00:00:00.000","05","ANTIOQUIA","05284","FRONTINO","0.001","KILOGRAMO"
"2018-08-22T00:00:00.000","05","ANTIOQUIA","05001","MEDELLIN","0.011","KILOGRAMO"
"2018-08-18T00:00:00.000","08","ATLANTICO","08520","PALMAR DE VARELA","0.007","KILOGRAMO"
"2018-08-15T00:00:00.000","05","ANTIOQUIA","05001","MEDELLIN","0.0022","KILOGRAMO"
"2018-08-13T00:00:00.000","52","NARIÑO","52356","IPIALES","4.285","KILOGRAMO"
"2018-08-13T00:00:00.000","19","CAUCA","19698","SANTANDER DE QUILICHAO","0.007","KILOGRAMO"
"2018-08-12T00:00:00.000","25","CUNDINAMARCA","25488","NILO","0.009","KILOGRAMO"
"2018-08-12T00:00:00.000","66","RISARALDA","66001","PEREIRA","0.01","KILOGRAMO"
"2018-08-11T00:00:00.000","54","NORTE DE SANTANDER","54001","CUCUTA","0.002","KILOGRAMO"
"2018-08-10T00:00:00.000","52","NARIÑO","52585","PUPIALES","1.975","KILOGRAMO"
"2018-08-09T00:00:00.000","25","CUNDINAMARCA","25743","SILVANIA","0.001","KILOGRAMO"
"2018-08-09T00:00:00.000","05","ANTIOQUIA","05001","MEDELLIN","0.0033","KILOGRAMO"
"2018-08-08T00:00:00.000","05","ANTIOQUIA","05001","MEDELLIN","0.0065","KILOGRAMO"
"2018-08-08T00:00:00.000","52","NARIÑO","52356","IPIALES","9.45","KILOGRAMO"
"2018-08-07T00:00:00.000","05","ANTIOQUIA","05001","MEDELLIN","0.0062","KILOGRAMO"
"2018-08-06T00:00:00.000","19","CAUCA","19807","TIMBIO","6.233","KILOGRAMO"
"2018-07-29T00:00:00.000","05","ANTIOQUIA","05670","SAN ROQUE","0.02","KILOGRAMO"
"2018-07-27T00:00:00.000","76","VALLE DEL CAUCA","76364","JAMUNDI","0.002","KILOGRAMO"
"2018-07-26T00:00:00.000","54","NORTE DE SANTANDER","54001","CUCUTA","0.008","KILOGRAMO"
"2018-07-25T00:00:00.000","20","CESAR","20013","AGUSTIN CODAZZI","0.01","KILOGRAMO"
"2018-07-24T00:00:00.000","73","TOLIMA","73449","MELGAR","0.09","KILOGRAMO"
"2018-07-18T00:00:00.000","54","NORTE DE SANTANDER","54001","CUCUTA","0.0017","KILOGRAMO"
"2018-07-17T00:00:00.000","54","NORTE DE SANTANDER","54001","CUCUTA","0.052","KILOGRAMO"
"2018-07-17T00:00:00.000","05","ANTIOQUIA","05631","SABANETA","0.012","KILOGRAMO"
"2018-07-16T00:00:00.000","54","NORTE DE SANTANDER","54001","CUCUTA","0.00354","KILOGRAMO"
"2018-07-16T00:00:00.000","05","ANTIOQUIA","05670","SAN ROQUE","0.02","KILOGRAMO"
"2018-07-15T00:00:00.000","54","NORTE DE SANTANDER","54001","CUCUTA","0.003","KILOGRAMO"
"2018-07-12T00:00:00.000","52","NARIÑO","52110","BUESACO","2.496","KILOGRAMO"
"2018-07-11T00:00:00.000","54","NORTE DE SANTANDER","54001","CUCUTA","0.001","KILOGRAMO"
"2018-07-10T00:00:00.000","76","VALLE DEL CAUCA","76001","CALI","0.055","KILOGRAMO"
"2018-07-10T00:00:00.000","54","NORTE DE SANTANDER","54001","CUCUTA","0.002","KILOGRAMO"
"2018-07-09T00:00:00.000","05","ANTIOQUIA","05001","MEDELLIN","0.017","KILOGRAMO"
"2018-07-09T00:00:00.000","05","ANTIOQUIA","05088","BELLO","0.0098","KILOGRAMO"
"2018-07-08T00:00:00.000","66","RISARALDA","66001","PEREIRA","0.01","KILOGRAMO"
"2018-07-07T00:00:00.000","66","RISARALDA","66001","PEREIRA","0.01","KILOGRAMO"
"2018-07-07T00:00:00.000","54","NORTE DE SANTANDER","54001","CUCUTA","0.004","KILOGRAMO"
"2018-07-06T00:00:00.000","05","ANTIOQUIA","05001","MEDELLIN","0.0032","KILOGRAMO"
"2018-07-04T00:00:00.000","66","RISARALDA","66001","PEREIRA","0.006","KILOGRAMO"
"2018-07-04T00:00:00.000","11","BOGOTA D.C.","11001","BOGOTA D.C.","0.045","KILOGRAMO"
"2018-07-03T00:00:00.000","11","BOGOTA D.C.","11001","BOGOTA D.C.","1.272","KILOGRAMO"
"2018-07-02T00:00:00.000","05","ANTIOQUIA","05001","MEDELLIN","0.0037","KILOGRAMO"
"2018-07-01T00:00:00.000","81","ARAUCA","81001","ARAUCA","0.001","KILOGRAMO"
"2018-06-29T00:00:00.000","05","ANTIOQUIA","05190","CISNEROS","0.02","KILOGRAMO"
"2018-06-29T00:00:00.000","05","ANTIOQUIA","05001","MEDELLIN","0.02","KILOGRAMO"
"2018-06-28T00:00:00.000","76","VALLE DEL CAUCA","76001","CALI","1.017","KILOGRAMO"
"2018-06-27T00:00:00.000","76","VALLE DEL CAUCA","76364","JAMUNDI","0.002","KILOGRAMO"
"2018-06-27T00:00:00.000","54","NORTE DE SANTANDER","54001","CUCUTA","0.001","KILOGRAMO"
"2018-06-26T00:00:00.000","73","TOLIMA","73268","ESPINAL","0.1","KILOGRAMO"
"2018-06-24T00:00:00.000","05","ANTIOQUIA","05001","MEDELLIN","0.003","KILOGRAMO"
"2018-06-24T00:00:00.000","54","NORTE DE SANTANDER","54001","CUCUTA","0.002","KILOGRAMO"
"2018-06-21T00:00:00.000","05","ANTIOQUIA","05690","SANTO DOMINGO","0.1","KILOGRAMO"
"2018-06-20T00:00:00.000","11","BOGOTA D.C.","11001","BOGOTA D.C.","0.0053","KILOGRAMO"
"2018-06-18T00:00:00.000","66","RISARALDA","66170","DOSQUEBRADAS","0.044","KILOGRAMO"
"2018-06-17T00:00:00.000","54","NORTE DE SANTANDER","54001","CUCUTA","0.002","KILOGRAMO"
"2018-06-15T00:00:00.000","73","TOLIMA","73001","IBAGUE","0.0092","KILOGRAMO"
"2018-06-15T00:00:00.000","66","RISARALDA","66170","DOSQUEBRADAS","0.05","KILOGRAMO"
"2018-06-14T00:00:00.000","66","RISARALDA","66001","PEREIRA","0.002","KILOGRAMO"
"2018-06-13T00:00:00.000","54","NORTE DE SANTANDER","54001","CUCUTA","0.002","KILOGRAMO"
"2018-06-13T00:00:00.000","76","VALLE DEL CAUCA","76250","EL DOVIO","0.001","KILOGRAMO"
"2018-06-13T00:00:00.000","73","TOLIMA","73319","GUAMO","0.1","KILOGRAMO"
"2018-06-12T00:00:00.000","66","RISARALDA","66001","PEREIRA","0.003","KILOGRAMO"
"2018-06-09T00:00:00.000","66","RISARALDA","66170","DOSQUEBRADAS","0.043","KILOGRAMO"
"2018-06-09T00:00:00.000","05","ANTIOQUIA","05190","CISNEROS","0.04","KILOGRAMO"
"2018-06-09T00:00:00.000","54","NORTE DE SANTANDER","54001","CUCUTA","0.103","KILOGRAMO"
"2018-06-08T00:00:00.000","66","RISARALDA","66170","DOSQUEBRADAS","0.005","KILOGRAMO"
"2018-06-08T00:00:00.000","05","ANTIOQUIA","05001","MEDELLIN","0.03","KILOGRAMO"
"2018-06-08T00:00:00.000","63","QUINDIO","63001","ARMENIA","0.001","KILOGRAMO"
"2018-06-07T00:00:00.000","54","NORTE DE SANTANDER","54001","CUCUTA","0.002","KILOGRAMO"
"2018-06-06T00:00:00.000","11","BOGOTA D.C.","11001","BOGOTA D.C.","0.01","KILOGRAMO"
"2018-06-06T00:00:00.000","76","VALLE DEL CAUCA","76001","CALI","0.045","KILOGRAMO"
"2018-06-05T00:00:00.000","54","NORTE DE SANTANDER","54001","CUCUTA","0.004","KILOGRAMO"
"2018-06-05T00:00:00.000","05","ANTIOQUIA","05001","MEDELLIN","0.0015","KILOGRAMO"
"2018-06-04T00:00:00.000","54","NORTE DE SANTANDER","54001","CUCUTA","0.009","KILOGRAMO"
"2018-06-02T00:00:00.000","05","ANTIOQUIA","05001","MEDELLIN","0.006","KILOGRAMO"
"2018-06-01T00:00:00.000","54","NORTE DE SANTANDER","54001","CUCUTA","0.001","KILOGRAMO"
"2018-06-01T00:00:00.000","66","RISARALDA","66170","DOSQUEBRADAS","0.01","KILOGRAMO"
"2018-05-31T00:00:00.000","54","NORTE DE SANTANDER","54001","CUCUTA","0.001","KILOGRAMO"
"2018-05-30T00:00:00.000","05","ANTIOQUIA","05001","MEDELLIN","0.02","KILOGRAMO"
"2018-05-30T00:00:00.000","20","CESAR","20001","VALLEDUPAR","0.001","KILOGRAMO"
"2018-05-30T00:00:00.000","76","VALLE DEL CAUCA","76895","ZARZAL","0.134","KILOGRAMO"
"2018-05-29T00:00:00.000","54","NORTE DE SANTANDER","54001","CUCUTA","0.001","KILOGRAMO"
"2018-05-28T00:00:00.000","05","ANTIOQUIA","05001","MEDELLIN","0.007","KILOGRAMO"
"2018-05-28T00:00:00.000","54","NORTE DE SANTANDER","54001","CUCUTA","0.007","KILOGRAMO"
"2018-05-28T00:00:00.000","05","ANTIOQUIA","05670","SAN ROQUE","0.01","KILOGRAMO"
"2018-05-26T00:00:00.000","54","NORTE DE SANTANDER","54001","CUCUTA","0.005","KILOGRAMO"
"2018-05-26T00:00:00.000","05","ANTIOQUIA","05001","MEDELLIN","0.004","KILOGRAMO"
"2018-05-26T00:00:00.000","76","VALLE DEL CAUCA","76520","PALMIRA","0.005","KILOGRAMO"
"2018-05-26T00:00:00.000","11","BOGOTA D.C.","11001","BOGOTA D.C.","0.0013","KILOGRAMO"
"2018-05-25T00:00:00.000","05","ANTIOQUIA","05001","MEDELLIN","0.002","KILOGRAMO"
"2018-05-24T00:00:00.000","66","RISARALDA","66170","DOSQUEBRADAS","0.014","KILOGRAMO"
"2018-05-24T00:00:00.000","08","ATLANTICO","08001","BARRANQUILLA","0.001","KILOGRAMO"
"2018-05-23T00:00:00.000","54","NORTE DE SANTANDER","54001","CUCUTA","0.001","KILOGRAMO"
"2018-05-22T00:00:00.000","47","MAGDALENA","47555","PLATO","0.001","KILOGRAMO"
"2018-05-21T00:00:00.000","25","CUNDINAMARCA","25402","LA VEGA","0.004","KILOGRAMO"
"2018-05-21T00:00:00.000","05","ANTIOQUIA","05237","DONMATIAS","0.15","KILOGRAMO"
"2018-05-20T00:00:00.000","76","VALLE DEL CAUCA","76001","CALI","0.045","KILOGRAMO"
"2018-05-20T00:00:00.000","52","NARIÑO","52838","TUQUERRES","0.025","KILOGRAMO"
"2018-05-20T00:00:00.000","63","QUINDIO","63001","ARMENIA","0.002","KILOGRAMO"
"2018-05-19T00:00:00.000","81","ARAUCA","81736","SARAVENA","0.005","KILOGRAMO"
"2018-05-19T00:00:00.000","05","ANTIOQUIA","05001","MEDELLIN","0.0118","KILOGRAMO"
"2018-05-18T00:00:00.000","76","VALLE DEL CAUCA","76122","CAICEDONIA","0.001","KILOGRAMO"
"2018-05-18T00:00:00.000","05","ANTIOQUIA","05042","SANTA FE DE ANTIOQUIA","0.007","KILOGRAMO"
"2018-05-18T00:00:00.000","19","CAUCA","19455","MIRANDA","0.015","KILOGRAMO"
"2018-05-18T00:00:00.000","76","VALLE DEL CAUCA","76147","CARTAGO","0.002","KILOGRAMO"
"2018-05-17T00:00:00.000","76","VALLE DEL CAUCA","76122","CAICEDONIA","0.001","KILOGRAMO"
"2018-05-17T00:00:00.000","76","VALLE DEL CAUCA","76895","ZARZAL","0.134","KILOGRAMO"
"2018-05-17T00:00:00.000","54","NORTE DE SANTANDER","54001","CUCUTA","0.02","KILOGRAMO"
"2018-05-16T00:00:00.000","54","NORTE DE SANTANDER","54405","LOS PATIOS","0.001","KILOGRAMO"
"2018-05-16T00:00:00.000","52","NARIÑO","52356","IPIALES","36.86","KILOGRAMO"
"2018-05-15T00:00:00.000","76","VALLE DEL CAUCA","76606","RESTREPO","0.002","KILOGRAMO"
"2018-05-15T00:00:00.000","08","ATLANTICO","08001","BARRANQUILLA","0.115","KILOGRAMO"
"2018-05-15T00:00:00.000","54","NORTE DE SANTANDER","54001","CUCUTA","0.003","KILOGRAMO"
"2018-05-15T00:00:00.000","11","BOGOTA D.C.","11001","BOGOTA D.C.","0.01","KILOGRAMO"
"2018-05-15T00:00:00.000","08","ATLANTICO","08638","SABANALARGA","0.006","KILOGRAMO"
"2018-05-13T00:00:00.000","19","CAUCA","19698","SANTANDER DE QUILICHAO","0.028","KILOGRAMO"
"2018-05-13T00:00:00.000","11","BOGOTA D.C.","11001","BOGOTA D.C.","2","KILOGRAMO"
"2018-05-12T00:00:00.000","05","ANTIOQUIA","05001","MEDELLIN","0.006","KILOGRAMO"
"2018-05-12T00:00:00.000","25","CUNDINAMARCA","25402","LA VEGA","0.004","KILOGRAMO"
"2018-05-11T00:00:00.000","81","ARAUCA","81001","ARAUCA","0.001","KILOGRAMO"
"2018-05-11T00:00:00.000","76","VALLE DEL CAUCA","76306","GINEBRA","0.003","KILOGRAMO"
"2018-05-11T00:00:00.000","05","ANTIOQUIA","05736","SEGOVIA","0.001","KILOGRAMO"
"2018-05-10T00:00:00.000","63","QUINDIO","63001","ARMENIA","0.002","KILOGRAMO"
"2018-05-10T00:00:00.000","54","NORTE DE SANTANDER","54001","CUCUTA","0.002","KILOGRAMO"
"2018-05-09T00:00:00.000","05","ANTIOQUIA","05001","MEDELLIN","0.0065","KILOGRAMO"
"2018-05-09T00:00:00.000","66","RISARALDA","66001","PEREIRA","0.005","KILOGRAMO"
"2018-05-07T00:00:00.000","05","ANTIOQUIA","05154","CAUCASIA","0.001","KILOGRAMO"
"2018-05-05T00:00:00.000","54","NORTE DE SANTANDER","54001","CUCUTA","0.003","KILOGRAMO"
"2018-05-05T00:00:00.000","66","RISARALDA","66170","DOSQUEBRADAS","0.004","KILOGRAMO"
"2018-05-04T00:00:00.000","05","ANTIOQUIA","05042","SANTA FE DE ANTIOQUIA","0.008","KILOGRAMO"
"2018-05-04T00:00:00.000","76","VALLE DEL CAUCA","76400","LA UNION","0.003","KILOGRAMO"
"2018-05-04T00:00:00.000","25","CUNDINAMARCA","25491","NOCAIMA","0.004","KILOGRAMO"
"2018-05-04T00:00:00.000","76","VALLE DEL CAUCA","76622","ROLDANILLO","0.002","KILOGRAMO"
"2018-05-04T00:00:00.000","63","QUINDIO","63001","ARMENIA","0.001","KILOGRAMO"
"2018-05-04T00:00:00.000","05","ANTIOQUIA","05615","RIONEGRO","1.6","KILOGRAMO"
"2018-05-03T00:00:00.000","63","QUINDIO","63001","ARMENIA","0.001","KILOGRAMO"
"2018-05-03T00:00:00.000","05","ANTIOQUIA","05042","SANTA FE DE ANTIOQUIA","0.002","KILOGRAMO"
"2018-05-03T00:00:00.000","73","TOLIMA","73124","CAJAMARCA","0.013","KILOGRAMO"
"2018-05-03T00:00:00.000","05","ANTIOQUIA","05237","DONMATIAS","0.1","KILOGRAMO"
"2018-05-03T00:00:00.000","76","VALLE DEL CAUCA","76122","CAICEDONIA","0.001","KILOGRAMO"
"2018-05-02T00:00:00.000","52","NARIÑO","52227","CUMBAL","21.332","KILOGRAMO"
"2018-05-02T00:00:00.000","05","ANTIOQUIA","05042","SANTA FE DE ANTIOQUIA","0.008","KILOGRAMO"
"2018-05-01T00:00:00.000","63","QUINDIO","63001","ARMENIA","0.001","KILOGRAMO"
"2018-04-30T00:00:00.000","25","CUNDINAMARCA","25491","NOCAIMA","0.02","KILOGRAMO"
"2018-04-30T00:00:00.000","54","NORTE DE SANTANDER","54001","CUCUTA","0.001","KILOGRAMO"
"2018-04-30T00:00:00.000","20","CESAR","20001","VALLEDUPAR","0.001","KILOGRAMO"
"2018-04-30T00:00:00.000","76","VALLE DEL CAUCA","76001","CALI","0.05","KILOGRAMO"
"2018-04-29T00:00:00.000","20","CESAR","20001","VALLEDUPAR","0.00080","KILOGRAMO"
"2018-04-29T00:00:00.000","08","ATLANTICO","08001","BARRANQUILLA","0.03","KILOGRAMO"
"2018-04-29T00:00:00.000","25","CUNDINAMARCA","25402","LA VEGA","0.012","KILOGRAMO"
"2018-04-27T00:00:00.000","76","VALLE DEL CAUCA","76111","GUADALAJARA DE BUGA","0.013","KILOGRAMO"
"2018-04-27T00:00:00.000","05","ANTIOQUIA","05042","SANTA FE DE ANTIOQUIA","0.025","KILOGRAMO"
"2018-04-26T00:00:00.000","76","VALLE DEL CAUCA","76895","ZARZAL","0.025","KILOGRAMO"
"2018-04-26T00:00:00.000","54","NORTE DE SANTANDER","54001","CUCUTA","0.003","KILOGRAMO"
"2018-04-25T00:00:00.000","05","ANTIOQUIA","05642","SALGAR","0.05","KILOGRAMO"
"2018-04-25T00:00:00.000","66","RISARALDA","66001","PEREIRA","0.004","KILOGRAMO"
"2018-04-25T00:00:00.000","05","ANTIOQUIA","05030","AMAGA","0.04","KILOGRAMO"
"2018-04-24T00:00:00.000","66","RISARALDA","66170","DOSQUEBRADAS","0.05","KILOGRAMO"
"2018-04-24T00:00:00.000","11","BOGOTA D.C.","11001","BOGOTA D.C.","3","KILOGRAMO"
"2018-04-24T00:00:00.000","73","TOLIMA","73124","CAJAMARCA","0.008","KILOGRAMO"
"2018-04-23T00:00:00.000","05","ANTIOQUIA","05237","DONMATIAS","0.02","KILOGRAMO"
"2018-04-22T00:00:00.000","05","ANTIOQUIA","05209","CONCORDIA","0.02","KILOGRAMO"
"2018-04-22T00:00:00.000","54","NORTE DE SANTANDER","54001","CUCUTA","0.002","KILOGRAMO"
"2018-04-21T00:00:00.000","66","RISARALDA","66170","DOSQUEBRADAS","0.003","KILOGRAMO"
"2018-04-21T00:00:00.000","73","TOLIMA","73268","ESPINAL","0.15","KILOGRAMO"
"2018-04-20T00:00:00.000","66","RISARALDA","66170","DOSQUEBRADAS","0.011","KILOGRAMO"
"2018-04-20T00:00:00.000","20","CESAR","20001","VALLEDUPAR","0.01","KILOGRAMO"
"2018-04-20T00:00:00.000","63","QUINDIO","63001","ARMENIA","0.002","KILOGRAMO"
"2018-04-19T00:00:00.000","05","ANTIOQUIA","05615","RIONEGRO","0.01","KILOGRAMO"
"2018-04-19T00:00:00.000","54","NORTE DE SANTANDER","54001","CUCUTA","0.022","KILOGRAMO"
"2018-04-19T00:00:00.000","20","CESAR","20001","VALLEDUPAR","0.001","KILOGRAMO"
"2018-04-19T00:00:00.000","08","ATLANTICO","08078","BARANOA","0.011","KILOGRAMO"
"2018-04-19T00:00:00.000","76","VALLE DEL CAUCA","76606","RESTREPO","0.001","KILOGRAMO"
"2018-04-19T00:00:00.000","66","RISARALDA","66001","PEREIRA","0.016","KILOGRAMO"
"2018-04-18T00:00:00.000","63","QUINDIO","63401","LA TEBAIDA","3","KILOGRAMO"
"2018-04-18T00:00:00.000","54","NORTE DE SANTANDER","54001","CUCUTA","0.003","KILOGRAMO"
"2018-04-18T00:00:00.000","05","ANTIOQUIA","05154","CAUCASIA","0.02","KILOGRAMO"
"2018-04-17T00:00:00.000","54","NORTE DE SANTANDER","54405","LOS PATIOS","0.005","KILOGRAMO"
"2018-04-17T00:00:00.000","66","RISARALDA","66170","DOSQUEBRADAS","0.012","KILOGRAMO"
"2018-04-17T00:00:00.000","76","VALLE DEL CAUCA","76520","PALMIRA","1.3","KILOGRAMO"
"2018-04-17T00:00:00.000","05","ANTIOQUIA","05154","CAUCASIA","0.012","KILOGRAMO"
"2018-04-16T00:00:00.000","63","QUINDIO","63001","ARMENIA","0.002","KILOGRAMO"
"2018-04-16T00:00:00.000","76","VALLE DEL CAUCA","76111","GUADALAJARA DE BUGA","0.013","KILOGRAMO"
"2018-04-16T00:00:00.000","54","NORTE DE SANTANDER","54001","CUCUTA","0.002","KILOGRAMO"
"2018-04-16T00:00:00.000","20","CESAR","20001","VALLEDUPAR","0.001","KILOGRAMO"
"2018-04-14T00:00:00.000","76","VALLE DEL CAUCA","76001","CALI","0.004","KILOGRAMO"
"2018-04-14T00:00:00.000","76","VALLE DEL CAUCA","76306","GINEBRA","0.002","KILOGRAMO"
"2018-04-13T00:00:00.000","73","TOLIMA","73671","SALDAÑA","0.105","KILOGRAMO"
"2018-04-13T00:00:00.000","76","VALLE DEL CAUCA","76318","GUACARI","0.011","KILOGRAMO"
"2018-04-13T00:00:00.000","52","NARIÑO","52110","BUESACO","12.786","KILOGRAMO"
"2018-04-12T00:00:00.000","76","VALLE DEL CAUCA","76001","CALI","0.015","KILOGRAMO"
"2018-04-11T00:00:00.000","52","NARIÑO","52356","IPIALES","0.977","KILOGRAMO"
"2018-04-11T00:00:00.000","81","ARAUCA","81001","ARAUCA","0.001","KILOGRAMO"
"2018-04-10T00:00:00.000","63","QUINDIO","63001","ARMENIA","0.009","KILOGRAMO"
"2018-04-09T00:00:00.000","66","RISARALDA","66170","DOSQUEBRADAS","0.2","KILOGRAMO"
"2018-04-09T00:00:00.000","63","QUINDIO","63130","CALARCA","0.002","KILOGRAMO"
"2018-04-09T00:00:00.000","20","CESAR","20011","AGUACHICA","0.008","KILOGRAMO"
"2018-04-09T00:00:00.000","76","VALLE DEL CAUCA","76041","ANSERMANUEVO","0.007","KILOGRAMO"
"2018-04-08T00:00:00.000","66","RISARALDA","66170","DOSQUEBRADAS","0.5","KILOGRAMO"
"2018-04-08T00:00:00.000","52","NARIÑO","52356","IPIALES","3.69","KILOGRAMO"
"2018-04-08T00:00:00.000","20","CESAR","20001","VALLEDUPAR","0.001","KILOGRAMO"
"2018-04-07T00:00:00.000","44","LA GUAJIRA","44847","URIBIA","1","KILOGRAMO"
"2018-04-07T00:00:00.000","05","ANTIOQUIA","05670","SAN ROQUE","0.015","KILOGRAMO"
"2018-04-07T00:00:00.000","73","TOLIMA","73217","COYAIMA","0.105","KILOGRAMO"
"2018-04-07T00:00:00.000","76","VALLE DEL CAUCA","76001","CALI","0.008","KILOGRAMO"
"2018-04-06T00:00:00.000","76","VALLE DEL CAUCA","76111","GUADALAJARA DE BUGA","0.013","KILOGRAMO"
"2018-04-05T00:00:00.000","76","VALLE DEL CAUCA","76364","JAMUNDI","0.027","KILOGRAMO"
"2018-04-04T00:00:00.000","63","QUINDIO","63001","ARMENIA","0.002","KILOGRAMO"
"2018-04-03T00:00:00.000","05","ANTIOQUIA","05266","ENVIGADO","0.033","KILOGRAMO"
"2018-04-03T00:00:00.000","76","VALLE DEL CAUCA","76606","RESTREPO","0.001","KILOGRAMO"
"2018-04-03T00:00:00.000","54","NORTE DE SANTANDER","54405","LOS PATIOS","0.003","KILOGRAMO"
"2018-04-02T00:00:00.000","25","CUNDINAMARCA","25875","VILLETA","0.004","KILOGRAMO"
"2018-04-01T00:00:00.000","20","CESAR","20060","BOSCONIA","0.006","KILOGRAMO"
"2018-03-28T00:00:00.000","63","QUINDIO","63401","LA TEBAIDA","0.1","KILOGRAMO"
"2018-03-27T00:00:00.000","52","NARIÑO","52399","LA UNION","0.005","KILOGRAMO"
"2018-03-27T00:00:00.000","08","ATLANTICO","08001","BARRANQUILLA","0.117","KILOGRAMO"
"2018-03-26T00:00:00.000","25","CUNDINAMARCA","25402","LA VEGA","0.008","KILOGRAMO"
"2018-03-26T00:00:00.000","76","VALLE DEL CAUCA","76306","GINEBRA","0.002","KILOGRAMO"
"2018-03-25T00:00:00.000","20","CESAR","20001","VALLEDUPAR","0.003","KILOGRAMO"
"2018-03-24T00:00:00.000","54","NORTE DE SANTANDER","54874","VILLA DEL ROSARIO","0.006","KILOGRAMO"
"2018-03-23T00:00:00.000","76","VALLE DEL CAUCA","76622","ROLDANILLO","0.003","KILOGRAMO"
"2018-03-23T00:00:00.000","05","ANTIOQUIA","05001","MEDELLIN","0.01","KILOGRAMO"
"2018-03-23T00:00:00.000","54","NORTE DE SANTANDER","54261","EL ZULIA","0.02","KILOGRAMO"
"2018-03-22T00:00:00.000","66","RISARALDA","66170","DOSQUEBRADAS","0.022","KILOGRAMO"
"2018-03-22T00:00:00.000","17","CALDAS","17380","LA DORADA","0.322","KILOGRAMO"
"2018-03-22T00:00:00.000","05","ANTIOQUIA","05001","MEDELLIN","0.129","KILOGRAMO"
"2018-03-21T00:00:00.000","05","ANTIOQUIA","05690","SANTO DOMINGO","0.06","KILOGRAMO"
"2018-03-21T00:00:00.000","76","VALLE DEL CAUCA","76126","CALIMA","0.003","KILOGRAMO"
"2018-03-21T00:00:00.000","20","CESAR","20383","LA GLORIA","0.01","KILOGRAMO"
"2018-03-21T00:00:00.000","05","ANTIOQUIA","05607","RETIRO","0.025","KILOGRAMO"
"2018-03-21T00:00:00.000","76","VALLE DEL CAUCA","76670","SAN PEDRO","0.5","KILOGRAMO"
"2018-03-21T00:00:00.000","76","VALLE DEL CAUCA","76823","TORO","0.002","KILOGRAMO"
"2018-03-20T00:00:00.000","63","QUINDIO","63001","ARMENIA","0.001","KILOGRAMO"
"2018-03-20T00:00:00.000","05","ANTIOQUIA","05380","LA ESTRELLA","0.012","KILOGRAMO"
"2018-03-19T00:00:00.000","05","ANTIOQUIA","05154","CAUCASIA","0.05","KILOGRAMO"
"2018-03-18T00:00:00.000","05","ANTIOQUIA","05138","CAÑASGORDAS","0.032","KILOGRAMO"
"2018-03-18T00:00:00.000","76","VALLE DEL CAUCA","76001","CALI","0.042","KILOGRAMO"
"2018-03-18T00:00:00.000","05","ANTIOQUIA","05001","MEDELLIN","0.43","KILOGRAMO"
"2018-03-17T00:00:00.000","76","VALLE DEL CAUCA","76400","LA UNION","0.003","KILOGRAMO"
"2018-03-17T00:00:00.000","11","BOGOTA D.C.","11001","BOGOTA D.C.","0.146","KILOGRAMO"
"2018-03-16T00:00:00.000","76","VALLE DEL CAUCA","76111","GUADALAJARA DE BUGA","0.018","KILOGRAMO"
"2018-03-16T00:00:00.000","52","NARIÑO","52356","IPIALES","4.691","KILOGRAMO"
"2018-03-16T00:00:00.000","50","META","50001","VILLAVICENCIO","0.002","KILOGRAMO"
"2018-03-16T00:00:00.000","73","TOLIMA","73283","FRESNO","0.08","KILOGRAMO"
"2018-03-16T00:00:00.000","05","ANTIOQUIA","05690","SANTO DOMINGO","0.004","KILOGRAMO"
"2018-03-15T00:00:00.000","76","VALLE DEL CAUCA","76845","ULLOA","0.002","KILOGRAMO"
"2018-03-14T00:00:00.000","66","RISARALDA","66170","DOSQUEBRADAS","0.1","KILOGRAMO"
"2018-03-13T00:00:00.000","76","VALLE DEL CAUCA","76041","ANSERMANUEVO","0.007","KILOGRAMO"
"2018-03-12T00:00:00.000","05","ANTIOQUIA","05209","CONCORDIA","0.002","KILOGRAMO"
"2018-03-12T00:00:00.000","76","VALLE DEL CAUCA","76895","ZARZAL","0.0346","KILOGRAMO"
"2018-03-12T00:00:00.000","76","VALLE DEL CAUCA","76109","BUENAVENTURA","0.001","KILOGRAMO"
"2018-03-11T00:00:00.000","76","VALLE DEL CAUCA","76001","CALI","0.1","KILOGRAMO"
"2018-03-10T00:00:00.000","05","ANTIOQUIA","05001","MEDELLIN","0.009","KILOGRAMO"
"2018-03-10T00:00:00.000","20","CESAR","20228","CURUMANI","0.005","KILOGRAMO"
"2018-03-09T00:00:00.000","76","VALLE DEL CAUCA","76111","GUADALAJARA DE BUGA","0.013","KILOGRAMO"
"2018-03-08T00:00:00.000","54","NORTE DE SANTANDER","54001","CUCUTA","0.003","KILOGRAMO"
"2018-03-08T00:00:00.000","05","ANTIOQUIA","05686","SANTA ROSA DE OSOS","0.055","KILOGRAMO"
"2018-03-07T00:00:00.000","54","NORTE DE SANTANDER","54001","CUCUTA","0.008","KILOGRAMO"
"2018-03-07T00:00:00.000","05","ANTIOQUIA","05209","CONCORDIA","0.0025","KILOGRAMO"
"2018-03-07T00:00:00.000","05","ANTIOQUIA","05390","LA PINTADA","0.15","KILOGRAMO"
"2018-03-06T00:00:00.000","76","VALLE DEL CAUCA","76001","CALI","0.04","KILOGRAMO"
"2018-03-06T00:00:00.000","05","ANTIOQUIA","05190","CISNEROS","0.008","KILOGRAMO"
"2018-03-06T00:00:00.000","20","CESAR","20011","AGUACHICA","0.009","KILOGRAMO"
"2018-03-06T00:00:00.000","76","VALLE DEL CAUCA","76036","ANDALUCIA","0.002","KILOGRAMO"
"2018-03-05T00:00:00.000","76","VALLE DEL CAUCA","76001","CALI","0.02","KILOGRAMO"
"2018-03-04T00:00:00.000","08","ATLANTICO","08770","SUAN","0.001","KILOGRAMO"
"2018-03-04T00:00:00.000","52","NARIÑO","52585","PUPIALES","2.1","KILOGRAMO"
"2018-03-03T00:00:00.000","63","QUINDIO","63001","ARMENIA","0.003","KILOGRAMO"
"2018-03-03T00:00:00.000","08","ATLANTICO","08685","SANTO TOMAS","0.012","KILOGRAMO"
"2018-03-03T00:00:00.000","66","RISARALDA","66001","PEREIRA","0.008","KILOGRAMO"
"2018-03-02T00:00:00.000","76","VALLE DEL CAUCA","76616","RIOFRIO","0.003","KILOGRAMO"
"2018-03-02T00:00:00.000","66","RISARALDA","66170","DOSQUEBRADAS","0.024","KILOGRAMO"
"2018-03-02T00:00:00.000","19","CAUCA","19701","SANTA ROSA","1.152","KILOGRAMO"
"2018-03-02T00:00:00.000","76","VALLE DEL CAUCA","76111","GUADALAJARA DE BUGA","0.013","KILOGRAMO"
"2018-03-02T00:00:00.000","66","RISARALDA","66001","PEREIRA","0.003","KILOGRAMO"
"2018-03-01T00:00:00.000","05","ANTIOQUIA","05308","GIRARDOTA","0.003","KILOGRAMO"
"2018-03-01T00:00:00.000","76","VALLE DEL CAUCA","76845","ULLOA","0.001","KILOGRAMO"
"2018-02-28T00:00:00.000","05","ANTIOQUIA","05480","MUTATA","0.003","KILOGRAMO"
"2018-02-28T00:00:00.000","05","ANTIOQUIA","05042","SANTA FE DE ANTIOQUIA","0.001","KILOGRAMO"
"2018-02-28T00:00:00.000","20","CESAR","20228","CURUMANI","0.011","KILOGRAMO"
"2018-02-28T00:00:00.000","54","NORTE DE SANTANDER","54001","CUCUTA","0.008","KILOGRAMO"
"2018-02-27T00:00:00.000","25","CUNDINAMARCA","25572","PUERTO SALGAR","0.011","KILOGRAMO"
"2018-02-27T00:00:00.000","19","CAUCA","19698","SANTANDER DE QUILICHAO","0.01","KILOGRAMO"
"2018-02-27T00:00:00.000","76","VALLE DEL CAUCA","76001","CALI","0.004","KILOGRAMO"
"2018-02-26T00:00:00.000","19","CAUCA","19698","SANTANDER DE QUILICHAO","0.014","KILOGRAMO"
"2018-02-26T00:00:00.000","05","ANTIOQUIA","05887","YARUMAL","0.005","KILOGRAMO"
"2018-02-25T00:00:00.000","19","CAUCA","19698","SANTANDER DE QUILICHAO","0.08","KILOGRAMO"
"2018-02-25T00:00:00.000","05","ANTIOQUIA","05138","CAÑASGORDAS","0.015","KILOGRAMO"
"2018-02-23T00:00:00.000","76","VALLE DEL CAUCA","76622","ROLDANILLO","0.015","KILOGRAMO"
"2018-02-23T00:00:00.000","76","VALLE DEL CAUCA","76111","GUADALAJARA DE BUGA","0.013","KILOGRAMO"
"2018-02-22T00:00:00.000","54","NORTE DE SANTANDER","54518","PAMPLONA","0.002","KILOGRAMO"
"2018-02-21T00:00:00.000","08","ATLANTICO","08758","SOLEDAD","0.065","KILOGRAMO"
"2018-02-21T00:00:00.000","66","RISARALDA","66170","DOSQUEBRADAS","0.002","KILOGRAMO"
"2018-02-21T00:00:00.000","63","QUINDIO","63001","ARMENIA","0.002","KILOGRAMO"
"2018-02-21T00:00:00.000","08","ATLANTICO","08634","SABANAGRANDE","0.01","KILOGRAMO"
"2018-02-20T00:00:00.000","05","ANTIOQUIA","05120","CACERES","0.05","KILOGRAMO"
"2018-02-20T00:00:00.000","25","CUNDINAMARCA","25402","LA VEGA","0.001","KILOGRAMO"
"2018-02-20T00:00:00.000","76","VALLE DEL CAUCA","76001","CALI","0.04","KILOGRAMO"
"2018-02-20T00:00:00.000","05","ANTIOQUIA","05318","GUARNE","0.12","KILOGRAMO"
"2018-02-20T00:00:00.000","25","CUNDINAMARCA","25269","FACATATIVA","0.023","KILOGRAMO"
"2018-02-20T00:00:00.000","66","RISARALDA","66170","DOSQUEBRADAS","0.12","KILOGRAMO"
"2018-02-19T00:00:00.000","73","TOLIMA","73861","VENADILLO","0.2","KILOGRAMO"
"2018-02-19T00:00:00.000","25","CUNDINAMARCA","25269","FACATATIVA","0.023","KILOGRAMO"
"2018-02-18T00:00:00.000","25","CUNDINAMARCA","25491","NOCAIMA","0.004","KILOGRAMO"
"2018-02-18T00:00:00.000","66","RISARALDA","66001","PEREIRA","0.001","KILOGRAMO"
"2018-02-17T00:00:00.000","54","NORTE DE SANTANDER","54001","CUCUTA","0.004","KILOGRAMO"
"2018-02-17T00:00:00.000","19","CAUCA","19001","POPAYAN","0.01","KILOGRAMO"
"2018-02-17T00:00:00.000","05","ANTIOQUIA","05591","PUERTO TRIUNFO","0.06","KILOGRAMO"
"2018-02-17T00:00:00.000","05","ANTIOQUIA","05030","AMAGA","0.002","KILOGRAMO"
"2018-02-16T00:00:00.000","52","NARIÑO","52110","BUESACO","22.41","KILOGRAMO"
"2018-02-16T00:00:00.000","05","ANTIOQUIA","05001","MEDELLIN","0.04","KILOGRAMO"
"2018-02-16T00:00:00.000","76","VALLE DEL CAUCA","76111","GUADALAJARA DE BUGA","0.013","KILOGRAMO"
"2018-02-16T00:00:00.000","25","CUNDINAMARCA","25758","SOPO","0.003","KILOGRAMO"
"2018-02-16T00:00:00.000","73","TOLIMA","73408","LERIDA","0.2","KILOGRAMO"
"2018-02-16T00:00:00.000","54","NORTE DE SANTANDER","54001","CUCUTA","0.003","KILOGRAMO"
"2018-02-15T00:00:00.000","66","RISARALDA","66682","SANTA ROSA DE CABAL","0.014","KILOGRAMO"
"2018-02-14T00:00:00.000","50","META","50001","VILLAVICENCIO","0.007","KILOGRAMO"
"2018-02-14T00:00:00.000","52","NARIÑO","52001","PASTO","2.03","KILOGRAMO"
"2018-02-14T00:00:00.000","54","NORTE DE SANTANDER","54001","CUCUTA","0.001","KILOGRAMO"
"2018-02-13T00:00:00.000","25","CUNDINAMARCA","25799","TENJO","0.008","KILOGRAMO"
"2018-02-13T00:00:00.000","76","VALLE DEL CAUCA","76001","CALI","0.08","KILOGRAMO"
"2018-02-12T00:00:00.000","05","ANTIOQUIA","05030","AMAGA","0.05","KILOGRAMO"
"2018-02-11T00:00:00.000","25","CUNDINAMARCA","25899","ZIPAQUIRA","0.01","KILOGRAMO"
"2018-02-11T00:00:00.000","54","NORTE DE SANTANDER","54001","CUCUTA","0.001","KILOGRAMO"
"2018-02-09T00:00:00.000","76","VALLE DEL CAUCA","76001","CALI","17","KILOGRAMO"
"2018-02-08T00:00:00.000","76","VALLE DEL CAUCA","76111","GUADALAJARA DE BUGA","0.013","KILOGRAMO"
"2018-02-08T00:00:00.000","66","RISARALDA","66001","PEREIRA","0.001","KILOGRAMO"
"2018-02-08T00:00:00.000","76","VALLE DEL CAUCA","76001","CALI","0.1","KILOGRAMO"
"2018-02-08T00:00:00.000","11","BOGOTA D.C.","11001","BOGOTA D.C.","3","KILOGRAMO"
"2018-02-08T00:00:00.000","54","NORTE DE SANTANDER","54001","CUCUTA","0.016","KILOGRAMO"
"2018-02-08T00:00:00.000","05","ANTIOQUIA","05679","SANTA BARBARA","0.1","KILOGRAMO"
"2018-02-07T00:00:00.000","05","ANTIOQUIA","05854","VALDIVIA","0.1","KILOGRAMO"
"2018-02-06T00:00:00.000","66","RISARALDA","66170","DOSQUEBRADAS","0.103","KILOGRAMO"
"2018-02-05T00:00:00.000","05","ANTIOQUIA","05376","LA CEJA","0.007","KILOGRAMO"
"2018-02-05T00:00:00.000","76","VALLE DEL CAUCA","76834","TULUA","0.01","KILOGRAMO"
"2018-02-04T00:00:00.000","25","CUNDINAMARCA","25572","PUERTO SALGAR","0.002","KILOGRAMO"
"2018-02-02T00:00:00.000","76","VALLE DEL CAUCA","76111","GUADALAJARA DE BUGA","0.013","KILOGRAMO"
"2018-02-02T00:00:00.000","05","ANTIOQUIA","05001","MEDELLIN","0.03","KILOGRAMO"
"2018-02-01T00:00:00.000","05","ANTIOQUIA","05190","CISNEROS","0.001","KILOGRAMO"
"2018-02-01T00:00:00.000","05","ANTIOQUIA","05360","ITAGUI","0.021","KILOGRAMO"
"2018-01-31T00:00:00.000","20","CESAR","20787","TAMALAMEQUE","0.016","KILOGRAMO"
"2018-01-31T00:00:00.000","76","VALLE DEL CAUCA","76001","CALI","0.001","KILOGRAMO"
"2018-01-30T00:00:00.000","76","VALLE DEL CAUCA","76041","ANSERMANUEVO","0.003","KILOGRAMO"
"2018-01-30T00:00:00.000","05","ANTIOQUIA","05697","EL SANTUARIO","0.1","KILOGRAMO"
"2018-01-29T00:00:00.000","05","ANTIOQUIA","05042","SANTA FE DE ANTIOQUIA","0.002","KILOGRAMO"
"2018-01-29T00:00:00.000","05","ANTIOQUIA","05001","MEDELLIN","0.057","KILOGRAMO"
"2018-01-29T00:00:00.000","52","NARIÑO","52110","BUESACO","65","KILOGRAMO"
"2018-01-28T00:00:00.000","76","VALLE DEL CAUCA","76001","CALI","0.005","KILOGRAMO"
"2018-01-27T00:00:00.000","76","VALLE DEL CAUCA","76606","RESTREPO","0.002","KILOGRAMO"
"2018-01-27T00:00:00.000","05","ANTIOQUIA","05670","SAN ROQUE","0.01","KILOGRAMO"
"2018-01-27T00:00:00.000","05","ANTIOQUIA","05686","SANTA ROSA DE OSOS","0.04","KILOGRAMO"
"2018-01-26T00:00:00.000","76","VALLE DEL CAUCA","76111","GUADALAJARA DE BUGA","0.013","KILOGRAMO"
"2018-01-26T00:00:00.000","05","ANTIOQUIA","05690","SANTO DOMINGO","0.05","KILOGRAMO"
"2018-01-25T00:00:00.000","76","VALLE DEL CAUCA","76845","ULLOA","0.003","KILOGRAMO"
"2018-01-25T00:00:00.000","76","VALLE DEL CAUCA","76001","CALI","0.012","KILOGRAMO"
"2018-01-24T00:00:00.000","73","TOLIMA","73283","FRESNO","0.05","KILOGRAMO"
"2018-01-23T00:00:00.000","76","VALLE DEL CAUCA","76622","ROLDANILLO","0.003","KILOGRAMO"
"2018-01-23T00:00:00.000","54","NORTE DE SANTANDER","54001","CUCUTA","0.003","KILOGRAMO"
"2018-01-23T00:00:00.000","76","VALLE DEL CAUCA","76001","CALI","0.068","KILOGRAMO"
"2018-01-22T00:00:00.000","76","VALLE DEL CAUCA","76895","ZARZAL","0.002","KILOGRAMO"
"2018-01-22T00:00:00.000","54","NORTE DE SANTANDER","54001","CUCUTA","0.001","KILOGRAMO"
"2018-01-21T00:00:00.000","25","CUNDINAMARCA","25899","ZIPAQUIRA","0.001","KILOGRAMO"
"2018-01-20T00:00:00.000","25","CUNDINAMARCA","25295","GACHANCIPA","0.003","KILOGRAMO"
"2018-01-20T00:00:00.000","76","VALLE DEL CAUCA","76001","CALI","0.022","KILOGRAMO"
"2018-01-19T00:00:00.000","54","NORTE DE SANTANDER","54001","CUCUTA","0.004","KILOGRAMO"
"2018-01-19T00:00:00.000","63","QUINDIO","63001","ARMENIA","0.001","KILOGRAMO"
"2018-01-19T00:00:00.000","76","VALLE DEL CAUCA","76111","GUADALAJARA DE BUGA","0.013","KILOGRAMO"
"2018-01-19T00:00:00.000","47","MAGDALENA","47001","SANTA MARTA","0.0035","KILOGRAMO"
"2018-01-19T00:00:00.000","05","ANTIOQUIA","05679","SANTA BARBARA","0.002","KILOGRAMO"
"2018-01-19T00:00:00.000","19","CAUCA","19698","SANTANDER DE QUILICHAO","0.01","KILOGRAMO"
"2018-01-18T00:00:00.000","66","RISARALDA","66170","DOSQUEBRADAS","0.007","KILOGRAMO"
"2018-01-18T00:00:00.000","54","NORTE DE SANTANDER","54001","CUCUTA","0.015","KILOGRAMO"
"2018-01-17T00:00:00.000","11","BOGOTA D.C.","11001","BOGOTA D.C.","0.912","KILOGRAMO"
"2018-01-17T00:00:00.000","20","CESAR","20710","SAN ALBERTO","0.012","KILOGRAMO"
"2018-01-16T00:00:00.000","76","VALLE DEL CAUCA","76001","CALI","0.011","KILOGRAMO"
"2018-01-16T00:00:00.000","63","QUINDIO","63272","FILANDIA","0.007","KILOGRAMO"
"2018-01-15T00:00:00.000","66","RISARALDA","66001","PEREIRA","7.2","KILOGRAMO"
"2018-01-15T00:00:00.000","76","VALLE DEL CAUCA","76895","ZARZAL","0.0346","KILOGRAMO"
"2018-01-14T00:00:00.000","25","CUNDINAMARCA","25260","EL ROSAL","0.002","KILOGRAMO"
"2018-01-14T00:00:00.000","66","RISARALDA","66170","DOSQUEBRADAS","0.04","KILOGRAMO"
"2018-01-13T00:00:00.000","08","ATLANTICO","08001","BARRANQUILLA","0.055","KILOGRAMO"
"2018-01-13T00:00:00.000","20","CESAR","20060","BOSCONIA","0.004","KILOGRAMO"
"2018-01-13T00:00:00.000","05","ANTIOQUIA","05615","RIONEGRO","0.01","KILOGRAMO"
"2018-01-12T00:00:00.000","63","QUINDIO","63001","ARMENIA","0.004","KILOGRAMO"
"2018-01-12T00:00:00.000","05","ANTIOQUIA","05615","RIONEGRO","0.01","KILOGRAMO"
"2018-01-12T00:00:00.000","76","VALLE DEL CAUCA","76111","GUADALAJARA DE BUGA","0.012","KILOGRAMO"
"2018-01-09T00:00:00.000","76","VALLE DEL CAUCA","76001","CALI","0.023","KILOGRAMO"
"2018-01-08T00:00:00.000","19","CAUCA","19698","SANTANDER DE QUILICHAO","0.15","KILOGRAMO"
"2018-01-06T00:00:00.000","76","VALLE DEL CAUCA","76001","CALI","0.021","KILOGRAMO"
"2018-01-05T00:00:00.000","54","NORTE DE SANTANDER","54001","CUCUTA","0.003","KILOGRAMO"
"2018-01-04T00:00:00.000","20","CESAR","20011","AGUACHICA","0.001","KILOGRAMO"
"2018-01-03T00:00:00.000","76","VALLE DEL CAUCA","76111","GUADALAJARA DE BUGA","0.012","KILOGRAMO"
"2018-01-03T00:00:00.000","54","NORTE DE SANTANDER","54001","CUCUTA","0.003","KILOGRAMO"
"2018-01-01T00:00:00.000","08","ATLANTICO","08001","BARRANQUILLA","0.2","KILOGRAMO"
"2017-12-31T00:00:00.000","66","RISARALDA","66170","DOSQUEBRADAS","0.0025","KILOGRAMO"
"2017-12-28T00:00:00.000","05","ANTIOQUIA","05079","BARBOSA","0.002","KILOGRAMO"
"2017-12-26T00:00:00.000","63","QUINDIO","63001","ARMENIA","0.061","KILOGRAMO"
"2017-12-25T00:00:00.000","76","VALLE DEL CAUCA","76001","CALI","0.012","KILOGRAMO"
"2017-12-21T00:00:00.000","17","CALDAS","17001","MANIZALES","0.004","KILOGRAMO"
"2017-12-20T00:00:00.000","05","ANTIOQUIA","05079","BARBOSA","0.001","KILOGRAMO"
"2017-12-20T00:00:00.000","05","ANTIOQUIA","05001","MEDELLIN","0.007","KILOGRAMO"
"2017-12-20T00:00:00.000","73","TOLIMA","73449","MELGAR","0.14","KILOGRAMO"
"2017-12-19T00:00:00.000","11","BOGOTA D.C.","11001","BOGOTA D.C.","0.004","KILOGRAMO"
"2017-12-17T00:00:00.000","76","VALLE DEL CAUCA","76001","CALI","0.039","KILOGRAMO"
"2017-12-17T00:00:00.000","50","META","50313","GRANADA","0.001","KILOGRAMO"
"2017-12-15T00:00:00.000","73","TOLIMA","73268","ESPINAL","0.053","KILOGRAMO"
"2017-12-15T00:00:00.000","11","BOGOTA D.C.","11001","BOGOTA D.C.","0.917","KILOGRAMO"
"2017-12-15T00:00:00.000","73","TOLIMA","73319","GUAMO","0.057","KILOGRAMO"
"2017-12-14T00:00:00.000","76","VALLE DEL CAUCA","76670","SAN PEDRO","0.001","KILOGRAMO"
"2017-12-14T00:00:00.000","76","VALLE DEL CAUCA","76306","GINEBRA","0.002","KILOGRAMO"
"2017-12-14T00:00:00.000","50","META","50001","VILLAVICENCIO","0.003","KILOGRAMO"
"2017-12-14T00:00:00.000","73","TOLIMA","73055","ARMERO","0.2","KILOGRAMO"
"2017-12-12T00:00:00.000","52","NARIÑO","52019","ALBAN","0.003","KILOGRAMO"
"2017-12-12T00:00:00.000","54","NORTE DE SANTANDER","54001","CUCUTA","0.008","KILOGRAMO"
"2017-12-11T00:00:00.000","66","RISARALDA","66170","DOSQUEBRADAS","0.015","KILOGRAMO"
"2017-12-11T00:00:00.000","54","NORTE DE SANTANDER","54001","CUCUTA","0.002","KILOGRAMO"
"2017-12-09T00:00:00.000","76","VALLE DEL CAUCA","76622","ROLDANILLO","0.005","KILOGRAMO"
"2017-12-08T00:00:00.000","76","VALLE DEL CAUCA","76001","CALI","0.07","KILOGRAMO"
"2017-12-06T00:00:00.000","73","TOLIMA","73055","ARMERO","0.07","KILOGRAMO"
"2017-12-06T00:00:00.000","66","RISARALDA","66001","PEREIRA","0.004","KILOGRAMO"
"2017-12-04T00:00:00.000","66","RISARALDA","66170","DOSQUEBRADAS","0.023","KILOGRAMO"
"2017-12-04T00:00:00.000","05","ANTIOQUIA","05079","BARBOSA","0.005","KILOGRAMO"
"2017-12-01T00:00:00.000","66","RISARALDA","66170","DOSQUEBRADAS","0.001","KILOGRAMO"
"2017-11-30T00:00:00.000","76","VALLE DEL CAUCA","76122","CAICEDONIA","0.01","KILOGRAMO"
"2017-11-29T00:00:00.000","73","TOLIMA","73861","VENADILLO","0.05","KILOGRAMO"
"2017-11-29T00:00:00.000","47","MAGDALENA","47245","EL BANCO","0.001","KILOGRAMO"
"2017-11-28T00:00:00.000","63","QUINDIO","63001","ARMENIA","0.001","KILOGRAMO"
"2017-11-28T00:00:00.000","54","NORTE DE SANTANDER","54001","CUCUTA","0.012","KILOGRAMO"
"2017-11-27T00:00:00.000","66","RISARALDA","66170","DOSQUEBRADAS","0.005","KILOGRAMO"
"2017-11-27T00:00:00.000","63","QUINDIO","63001","ARMENIA","0.001","KILOGRAMO"
"2017-11-24T00:00:00.000","76","VALLE DEL CAUCA","76036","ANDALUCIA","0.013","KILOGRAMO"
"2017-11-23T00:00:00.000","52","NARIÑO","52356","IPIALES","19.73","KILOGRAMO"
"2017-11-23T00:00:00.000","66","RISARALDA","66170","DOSQUEBRADAS","0.008","KILOGRAMO"
"2017-11-22T00:00:00.000","52","NARIÑO","52110","BUESACO","58.64","KILOGRAMO"
"2017-11-22T00:00:00.000","11","BOGOTA D.C.","11001","BOGOTA D.C.","0.296","KILOGRAMO"
"2017-11-22T00:00:00.000","66","RISARALDA","66170","DOSQUEBRADAS","0.022","KILOGRAMO"
"2017-11-22T00:00:00.000","73","TOLIMA","73283","FRESNO","0.05","KILOGRAMO"
"2017-11-22T00:00:00.000","54","NORTE DE SANTANDER","54001","CUCUTA","0.006","KILOGRAMO"
"2017-11-20T00:00:00.000","66","RISARALDA","66170","DOSQUEBRADAS","0.012","KILOGRAMO"
"2017-11-19T00:00:00.000","76","VALLE DEL CAUCA","76622","ROLDANILLO","0.033","KILOGRAMO"
"2017-11-17T00:00:00.000","05","ANTIOQUIA","05034","ANDES","0.001","KILOGRAMO"
"2017-11-17T00:00:00.000","76","VALLE DEL CAUCA","76895","ZARZAL","0.3","KILOGRAMO"
"2017-11-16T00:00:00.000","66","RISARALDA","66170","DOSQUEBRADAS","0.008","KILOGRAMO"
"2017-11-15T00:00:00.000","76","VALLE DEL CAUCA","76306","GINEBRA","0.001","KILOGRAMO"
"2017-11-14T00:00:00.000","76","VALLE DEL CAUCA","76001","CALI","0.005","KILOGRAMO"
"2017-11-13T00:00:00.000","66","RISARALDA","66170","DOSQUEBRADAS","0.025","KILOGRAMO"
"2017-11-11T00:00:00.000","66","RISARALDA","66001","PEREIRA","0.017","KILOGRAMO"
"2017-11-09T00:00:00.000","54","NORTE DE SANTANDER","54001","CUCUTA","0.014","KILOGRAMO"
"2017-11-09T00:00:00.000","73","TOLIMA","73411","LIBANO","0.063","KILOGRAMO"
"2017-11-08T00:00:00.000","08","ATLANTICO","08634","SABANAGRANDE","0.002","KILOGRAMO"
"2017-11-07T00:00:00.000","76","VALLE DEL CAUCA","76001","CALI","0.06","KILOGRAMO"
"2017-11-04T00:00:00.000","76","VALLE DEL CAUCA","76606","RESTREPO","0.002","KILOGRAMO"
"2017-11-02T00:00:00.000","25","CUNDINAMARCA","25322","GUASCA","0.035","KILOGRAMO"
"2017-11-01T00:00:00.000","11","BOGOTA D.C.","11001","BOGOTA D.C.","0.386","KILOGRAMO"
"2017-10-31T00:00:00.000","63","QUINDIO","63401","LA TEBAIDA","0.1","KILOGRAMO"
"2017-10-31T00:00:00.000","76","VALLE DEL CAUCA","76622","ROLDANILLO","0.012","KILOGRAMO"
"2017-10-28T00:00:00.000","20","CESAR","20178","CHIRIGUANA","0.005","KILOGRAMO"
"2017-10-27T00:00:00.000","11","BOGOTA D.C.","11001","BOGOTA D.C.","0.08","KILOGRAMO"
"2017-10-26T00:00:00.000","73","TOLIMA","73347","HERVEO","0.06","KILOGRAMO"
"2017-10-26T00:00:00.000","19","CAUCA","19698","SANTANDER DE QUILICHAO","0.04","KILOGRAMO"
"2017-10-26T00:00:00.000","73","TOLIMA","73449","MELGAR","0.052","KILOGRAMO"
"2017-10-25T00:00:00.000","73","TOLIMA","73217","COYAIMA","0.041","KILOGRAMO"
"2017-10-24T00:00:00.000","52","NARIÑO","52356","IPIALES","6.1","KILOGRAMO"
"2017-10-24T00:00:00.000","66","RISARALDA","66001","PEREIRA","2","KILOGRAMO"
"2017-10-21T00:00:00.000","52","NARIÑO","52356","IPIALES","18.543","KILOGRAMO"
"2017-10-20T00:00:00.000","73","TOLIMA","73671","SALDAÑA","0.08","KILOGRAMO"
"2017-10-20T00:00:00.000","54","NORTE DE SANTANDER","54001","CUCUTA","0.01","KILOGRAMO"
"2017-10-19T00:00:00.000","76","VALLE DEL CAUCA","76111","GUADALAJARA DE BUGA","0.001","KILOGRAMO"
"2017-10-19T00:00:00.000","73","TOLIMA","73055","ARMERO","0.06","KILOGRAMO"
"2017-10-18T00:00:00.000","52","NARIÑO","52110","BUESACO","25.6","KILOGRAMO"
"2017-10-18T00:00:00.000","20","CESAR","20550","PELAYA","0.009","KILOGRAMO"
"2017-10-18T00:00:00.000","76","VALLE DEL CAUCA","76520","PALMIRA","0.195","KILOGRAMO"
"2017-10-15T00:00:00.000","76","VALLE DEL CAUCA","76001","CALI","0.05","KILOGRAMO"
"2017-10-13T00:00:00.000","76","VALLE DEL CAUCA","76364","JAMUNDI","0.02","KILOGRAMO"
"2017-10-12T00:00:00.000","76","VALLE DEL CAUCA","76895","ZARZAL","0.002","KILOGRAMO"
"2017-10-11T00:00:00.000","73","TOLIMA","73055","ARMERO","0.06","KILOGRAMO"
"2017-10-10T00:00:00.000","76","VALLE DEL CAUCA","76109","BUENAVENTURA","0.001","KILOGRAMO"
"2017-10-09T00:00:00.000","76","VALLE DEL CAUCA","76001","CALI","0.019","KILOGRAMO"
"2017-10-09T00:00:00.000","08","ATLANTICO","08421","LURUACO","0.001","KILOGRAMO"
"2017-10-07T00:00:00.000","32001","GUATEMALA","3200101","GUATEMALA","25","KILOGRAMO"
"2017-10-07T00:00:00.000","76","VALLE DEL CAUCA","76248","EL CERRITO","0.003","KILOGRAMO"
"2017-10-06T00:00:00.000","76","VALLE DEL CAUCA","76895","ZARZAL","0.002","KILOGRAMO"
"2017-10-06T00:00:00.000","73","TOLIMA","73861","VENADILLO","0.05","KILOGRAMO"
"2017-10-05T00:00:00.000","20","CESAR","20614","RIO DE ORO","0.001","KILOGRAMO"
"2017-10-05T00:00:00.000","08","ATLANTICO","08606","REPELON","0.008","KILOGRAMO"
"2017-10-05T00:00:00.000","11","BOGOTA D.C.","11001","BOGOTA D.C.","1.587","KILOGRAMO"
"2017-10-04T00:00:00.000","52","NARIÑO","52356","IPIALES","2.502","KILOGRAMO"
"2017-10-03T00:00:00.000","19","CAUCA","19698","SANTANDER DE QUILICHAO","0.01","KILOGRAMO"
"2017-10-03T00:00:00.000","52","NARIÑO","52378","LA CRUZ","0.012","KILOGRAMO"
"2017-10-01T00:00:00.000","63","QUINDIO","63001","ARMENIA","0.004","KILOGRAMO"
"2017-09-30T00:00:00.000","52","NARIÑO","52356","IPIALES","2.997","KILOGRAMO"
"2017-09-30T00:00:00.000","66","RISARALDA","66001","PEREIRA","0.003","KILOGRAMO"
"2017-09-29T00:00:00.000","76","VALLE DEL CAUCA","76111","GUADALAJARA DE BUGA","0.003","KILOGRAMO"
"2017-09-29T00:00:00.000","19","CAUCA","19698","SANTANDER DE QUILICHAO","0.025","KILOGRAMO"
"2017-09-29T00:00:00.000","52","NARIÑO","52001","PASTO","4.325","KILOGRAMO"
"2017-09-27T00:00:00.000","76","VALLE DEL CAUCA","76895","ZARZAL","0.002","KILOGRAMO"
"2017-09-27T00:00:00.000","66","RISARALDA","66001","PEREIRA","12","KILOGRAMO"
"2017-09-26T00:00:00.000","66","RISARALDA","66001","PEREIRA","2.509","KILOGRAMO"
"2017-09-25T00:00:00.000","73","TOLIMA","73268","ESPINAL","0.052","KILOGRAMO"
"2017-09-23T00:00:00.000","76","VALLE DEL CAUCA","76890","YOTOCO","0.001","KILOGRAMO"
"2017-09-22T00:00:00.000","19","CAUCA","19698","SANTANDER DE QUILICHAO","0.035","KILOGRAMO"
"2017-09-22T00:00:00.000","66","RISARALDA","66170","DOSQUEBRADAS","0.001","KILOGRAMO"
"2017-09-22T00:00:00.000","76","VALLE DEL CAUCA","76111","GUADALAJARA DE BUGA","0.011","KILOGRAMO"
"2017-09-22T00:00:00.000","05","ANTIOQUIA","05001","MEDELLIN","0.08","KILOGRAMO"
"2017-09-21T00:00:00.000","76","VALLE DEL CAUCA","76126","CALIMA","0.004","KILOGRAMO"
"2017-09-20T00:00:00.000","73","TOLIMA","73319","GUAMO","0.05","KILOGRAMO"
"2017-09-20T00:00:00.000","54","NORTE DE SANTANDER","54720","SARDINATA","0.001","KILOGRAMO"
"2017-09-19T00:00:00.000","66","RISARALDA","66170","DOSQUEBRADAS","0.958","KILOGRAMO"
"2017-09-18T00:00:00.000","76","VALLE DEL CAUCA","76001","CALI","0.05","KILOGRAMO"
"2017-09-18T00:00:00.000","05","ANTIOQUIA","05030","AMAGA","0.05","KILOGRAMO"
"2017-09-17T00:00:00.000","19","CAUCA","19698","SANTANDER DE QUILICHAO","0.1","KILOGRAMO"
"2017-09-16T00:00:00.000","63","QUINDIO","63001","ARMENIA","0.01","KILOGRAMO"
"2017-09-16T00:00:00.000","76","VALLE DEL CAUCA","76001","CALI","0.028","KILOGRAMO"
"2017-09-15T00:00:00.000","76","VALLE DEL CAUCA","76111","GUADALAJARA DE BUGA","0.013","KILOGRAMO"
"2017-09-14T00:00:00.000","81","ARAUCA","81001","ARAUCA","0.011","KILOGRAMO"
"2017-09-13T00:00:00.000","05","ANTIOQUIA","05030","AMAGA","0.5","KILOGRAMO"
"2017-09-12T00:00:00.000","76","VALLE DEL CAUCA","76001","CALI","0.03","KILOGRAMO"
"2017-09-11T00:00:00.000","54","NORTE DE SANTANDER","54001","CUCUTA","0.001","KILOGRAMO"
"2017-09-10T00:00:00.000","63","QUINDIO","63001","ARMENIA","0.03","KILOGRAMO"
"2017-09-10T00:00:00.000","20","CESAR","20310","GONZALEZ","0.001","KILOGRAMO"
"2017-09-09T00:00:00.000","08","ATLANTICO","08137","CAMPO DE LA CRUZ","0.003","KILOGRAMO"
"2017-09-08T00:00:00.000","76","VALLE DEL CAUCA","76111","GUADALAJARA DE BUGA","0.012","KILOGRAMO"
"2017-09-07T00:00:00.000","63","QUINDIO","63001","ARMENIA","0.008","KILOGRAMO"
"2017-09-06T00:00:00.000","52","NARIÑO","52354","IMUES","8","KILOGRAMO"
"2017-09-05T00:00:00.000","19","CAUCA","19001","POPAYAN","0.002","KILOGRAMO"
"2017-09-04T00:00:00.000","52","NARIÑO","52110","BUESACO","0.15","KILOGRAMO"
"2017-09-01T00:00:00.000","54","NORTE DE SANTANDER","54001","CUCUTA","0.26","KILOGRAMO"
"2017-09-01T00:00:00.000","76","VALLE DEL CAUCA","76111","GUADALAJARA DE BUGA","0.012","KILOGRAMO"
"2017-08-30T00:00:00.000","76","VALLE DEL CAUCA","76001","CALI","0.05","KILOGRAMO"
"2017-08-28T00:00:00.000","08","ATLANTICO","08758","SOLEDAD","0.004","KILOGRAMO"
"2017-08-28T00:00:00.000","05","ANTIOQUIA","05615","RIONEGRO","3","KILOGRAMO"
"2017-08-26T00:00:00.000","20","CESAR","20238","EL COPEY","0.008","KILOGRAMO"
"2017-08-25T00:00:00.000","54","NORTE DE SANTANDER","54001","CUCUTA","0.002","KILOGRAMO"
"2017-08-25T00:00:00.000","76","VALLE DEL CAUCA","76111","GUADALAJARA DE BUGA","0.012","KILOGRAMO"
"2017-08-24T00:00:00.000","20","CESAR","20060","BOSCONIA","0.003","KILOGRAMO"
"2017-08-21T00:00:00.000","76","VALLE DEL CAUCA","76001","CALI","0.03","KILOGRAMO"
"2017-08-21T00:00:00.000","54","NORTE DE SANTANDER","54001","CUCUTA","0.002","KILOGRAMO"
"2017-08-20T00:00:00.000","66","RISARALDA","66001","PEREIRA","0.008","KILOGRAMO"
"2017-08-20T00:00:00.000","76","VALLE DEL CAUCA","76001","CALI","0.06","KILOGRAMO"
"2017-08-19T00:00:00.000","11","BOGOTA D.C.","11001","BOGOTA D.C.","2.731","KILOGRAMO"
"2017-08-17T00:00:00.000","05","ANTIOQUIA","05690","SANTO DOMINGO","0.04","KILOGRAMO"
"2017-08-17T00:00:00.000","05","ANTIOQUIA","05079","BARBOSA","0.004","KILOGRAMO"
"2017-08-17T00:00:00.000","76","VALLE DEL CAUCA","76111","GUADALAJARA DE BUGA","0.012","KILOGRAMO"
"2017-08-14T00:00:00.000","11","BOGOTA D.C.","11001","BOGOTA D.C.","0.003","KILOGRAMO"
"2017-08-14T00:00:00.000","17","CALDAS","17001","MANIZALES","0.002","KILOGRAMO"
"2017-08-14T00:00:00.000","08","ATLANTICO","08758","SOLEDAD","0.005","KILOGRAMO"
"2017-08-11T00:00:00.000","05","ANTIOQUIA","05079","BARBOSA","0.008","KILOGRAMO"
"2017-08-11T00:00:00.000","76","VALLE DEL CAUCA","76111","GUADALAJARA DE BUGA","0.012","KILOGRAMO"
"2017-08-10T00:00:00.000","54","NORTE DE SANTANDER","54001","CUCUTA","0.006","KILOGRAMO"
"2017-08-09T00:00:00.000","76","VALLE DEL CAUCA","76001","CALI","0.037","KILOGRAMO"
"2017-08-08T00:00:00.000","63","QUINDIO","63001","ARMENIA","0.005","KILOGRAMO"
"2017-08-08T00:00:00.000","11","BOGOTA D.C.","11001","BOGOTA D.C.","0.02","KILOGRAMO"
"2017-08-08T00:00:00.000","76","VALLE DEL CAUCA","76622","ROLDANILLO","0.02","KILOGRAMO"
"2017-08-07T00:00:00.000","05","ANTIOQUIA","05679","SANTA BARBARA","11.58","KILOGRAMO"
"2017-08-05T00:00:00.000","66","RISARALDA","66001","PEREIRA","0.004","KILOGRAMO"
"2017-08-05T00:00:00.000","05","ANTIOQUIA","05001","MEDELLIN","0.09","KILOGRAMO"
"2017-08-05T00:00:00.000","76","VALLE DEL CAUCA","76001","CALI","0.003","KILOGRAMO"
"2017-08-04T00:00:00.000","52","NARIÑO","52356","IPIALES","8.042","KILOGRAMO"
"2017-08-04T00:00:00.000","76","VALLE DEL CAUCA","76111","GUADALAJARA DE BUGA","0.012","KILOGRAMO"
"2017-08-04T00:00:00.000","19","CAUCA","19845","VILLA RICA","0.003","KILOGRAMO"
"2017-08-04T00:00:00.000","76","VALLE DEL CAUCA","76233","DAGUA","0.005","KILOGRAMO"
"2017-08-03T00:00:00.000","05","ANTIOQUIA","05001","MEDELLIN","0.02","KILOGRAMO"
"2017-07-31T00:00:00.000","76","VALLE DEL CAUCA","76001","CALI","0.09","KILOGRAMO"
"2017-07-31T00:00:00.000","66","RISARALDA","66001","PEREIRA","0.038","KILOGRAMO"
"2017-07-29T00:00:00.000","54","NORTE DE SANTANDER","54001","CUCUTA","1.309","KILOGRAMO"
"2017-07-28T00:00:00.000","68","SANTANDER","68001","BUCARAMANGA","0.1","KILOGRAMO"
"2017-07-28T00:00:00.000","63","QUINDIO","63001","ARMENIA","0.004","KILOGRAMO"
"2017-07-28T00:00:00.000","05","ANTIOQUIA","05001","MEDELLIN","0.006","KILOGRAMO"
"2017-07-27T00:00:00.000","76","VALLE DEL CAUCA","76020","ALCALA","0.016","KILOGRAMO"
"2017-07-27T00:00:00.000","52","NARIÑO","52110","BUESACO","16.5","KILOGRAMO"
"2017-07-27T00:00:00.000","76","VALLE DEL CAUCA","76001","CALI","0.02","KILOGRAMO"
"2017-07-27T00:00:00.000","76","VALLE DEL CAUCA","76111","GUADALAJARA DE BUGA","0.012","KILOGRAMO"
"2017-07-25T00:00:00.000","25","CUNDINAMARCA","25572","PUERTO SALGAR","0.001","KILOGRAMO"
"2017-07-23T00:00:00.000","76","VALLE DEL CAUCA","76001","CALI","0.001","KILOGRAMO"
"2017-07-22T00:00:00.000","54","NORTE DE SANTANDER","54001","CUCUTA","0.003","KILOGRAMO"
"2017-07-22T00:00:00.000","76","VALLE DEL CAUCA","76001","CALI","0.003","KILOGRAMO"
"2017-07-21T00:00:00.000","11","BOGOTA D.C.","11001","BOGOTA D.C.","0.071","KILOGRAMO"
"2017-07-20T00:00:00.000","54","NORTE DE SANTANDER","54001","CUCUTA","0.004","KILOGRAMO"
"2017-07-20T00:00:00.000","08","ATLANTICO","08001","BARRANQUILLA","0.373","KILOGRAMO"
"2017-07-19T00:00:00.000","76","VALLE DEL CAUCA","76520","PALMIRA","1.442","KILOGRAMO"
"2017-07-18T00:00:00.000","54","NORTE DE SANTANDER","54001","CUCUTA","0.06","KILOGRAMO"
"2017-07-18T00:00:00.000","63","QUINDIO","63190","CIRCASIA","0.015","KILOGRAMO"
"2017-07-18T00:00:00.000","76","VALLE DEL CAUCA","76001","CALI","0.002","KILOGRAMO"
"2017-07-17T00:00:00.000","54","NORTE DE SANTANDER","54001","CUCUTA","0.004","KILOGRAMO"
"2017-07-17T00:00:00.000","76","VALLE DEL CAUCA","76001","CALI","0.048","KILOGRAMO"
"2017-07-16T00:00:00.000","68","SANTANDER","68081","BARRANCABERMEJA","0.023","KILOGRAMO"
"2017-07-16T00:00:00.000","20","CESAR","20001","VALLEDUPAR","0.04","KILOGRAMO"
"2017-07-15T00:00:00.000","76","VALLE DEL CAUCA","76001","CALI","0.001","KILOGRAMO"
"2017-07-14T00:00:00.000","25","CUNDINAMARCA","25269","FACATATIVA","0.001","KILOGRAMO"
"2017-07-14T00:00:00.000","76","VALLE DEL CAUCA","76001","CALI","0.001","KILOGRAMO"
"2017-07-14T00:00:00.000","19","CAUCA","19698","SANTANDER DE QUILICHAO","0.004","KILOGRAMO"
"2017-07-14T00:00:00.000","76","VALLE DEL CAUCA","76111","GUADALAJARA DE BUGA","0.012","KILOGRAMO"
"2017-07-14T00:00:00.000","76","VALLE DEL CAUCA","76563","PRADERA","0.012","KILOGRAMO"
"2017-07-13T00:00:00.000","08","ATLANTICO","08433","MALAMBO","0.002","KILOGRAMO"
"2017-07-13T00:00:00.000","76","VALLE DEL CAUCA","76001","CALI","0.021","KILOGRAMO"
"2017-07-12T00:00:00.000","05","ANTIOQUIA","05079","BARBOSA","0.01","KILOGRAMO"
"2017-07-12T00:00:00.000","54","NORTE DE SANTANDER","54001","CUCUTA","0.002","KILOGRAMO"
"2017-07-12T00:00:00.000","25","CUNDINAMARCA","25572","PUERTO SALGAR","0.001","KILOGRAMO"
"2017-07-11T00:00:00.000","66","RISARALDA","66001","PEREIRA","1","KILOGRAMO"
"2017-07-11T00:00:00.000","05","ANTIOQUIA","05212","COPACABANA","0.037","KILOGRAMO"
"2017-07-10T00:00:00.000","76","VALLE DEL CAUCA","76400","LA UNION","0.004","KILOGRAMO"
"2017-07-10T00:00:00.000","76","VALLE DEL CAUCA","76616","RIOFRIO","0.002","KILOGRAMO"
"2017-07-10T00:00:00.000","76","VALLE DEL CAUCA","76001","CALI","0.001","KILOGRAMO"
"2017-07-09T00:00:00.000","63","QUINDIO","63594","QUIMBAYA","0.0011","KILOGRAMO"
"2017-07-08T00:00:00.000","20","CESAR","20517","PAILITAS","0.01","KILOGRAMO"
"2017-07-08T00:00:00.000","20","CESAR","20710","SAN ALBERTO","0.004","KILOGRAMO"
"2017-07-08T00:00:00.000","54","NORTE DE SANTANDER","54001","CUCUTA","0.012","KILOGRAMO"
"2017-07-08T00:00:00.000","05","ANTIOQUIA","05001","MEDELLIN","0.015","KILOGRAMO"
"2017-07-08T00:00:00.000","20","CESAR","20228","CURUMANI","0.002","KILOGRAMO"
"2017-07-07T00:00:00.000","19","CAUCA","19845","VILLA RICA","1.761","KILOGRAMO"
"2017-07-06T00:00:00.000","54","NORTE DE SANTANDER","54001","CUCUTA","0.004","KILOGRAMO"
"2017-07-06T00:00:00.000","05","ANTIOQUIA","05001","MEDELLIN","0.003","KILOGRAMO"
"2017-07-06T00:00:00.000","76","VALLE DEL CAUCA","76001","CALI","0.003","KILOGRAMO"
"2017-07-06T00:00:00.000","76","VALLE DEL CAUCA","76111","GUADALAJARA DE BUGA","0.012","KILOGRAMO"
"2017-07-05T00:00:00.000","63","QUINDIO","63001","ARMENIA","0.002","KILOGRAMO"
"2017-07-05T00:00:00.000","76","VALLE DEL CAUCA","76001","CALI","0.002","KILOGRAMO"
"2017-07-05T00:00:00.000","52","NARIÑO","52110","BUESACO","20.75","KILOGRAMO"
"2017-07-04T00:00:00.000","25","CUNDINAMARCA","25126","CAJICA","0.001","KILOGRAMO"
"2017-07-03T00:00:00.000","05","ANTIOQUIA","05001","MEDELLIN","0.005","KILOGRAMO"
"2017-07-03T00:00:00.000","76","VALLE DEL CAUCA","76001","CALI","0.001","KILOGRAMO"
"2017-07-02T00:00:00.000","76","VALLE DEL CAUCA","76001","CALI","0.001","KILOGRAMO"
"2017-07-02T00:00:00.000","05","ANTIOQUIA","05266","ENVIGADO","0.043","KILOGRAMO"
"2017-07-01T00:00:00.000","05","ANTIOQUIA","05001","MEDELLIN","0.025","KILOGRAMO"
"2017-07-01T00:00:00.000","54","NORTE DE SANTANDER","54001","CUCUTA","0.007","KILOGRAMO"
"2017-07-01T00:00:00.000","66","RISARALDA","66001","PEREIRA","3.6","KILOGRAMO"
"2017-06-30T00:00:00.000","76","VALLE DEL CAUCA","76001","CALI","0.001","KILOGRAMO"
"2017-06-30T00:00:00.000","76","VALLE DEL CAUCA","76111","GUADALAJARA DE BUGA","0.007","KILOGRAMO"
"2017-06-30T00:00:00.000","05","ANTIOQUIA","05001","MEDELLIN","0.125","KILOGRAMO"
"2017-06-29T00:00:00.000","54","NORTE DE SANTANDER","54001","CUCUTA","0.004","KILOGRAMO"
"2017-06-29T00:00:00.000","66","RISARALDA","66170","DOSQUEBRADAS","0.002","KILOGRAMO"
"2017-06-27T00:00:00.000","76","VALLE DEL CAUCA","76622","ROLDANILLO","0.006","KILOGRAMO"
"2017-06-27T00:00:00.000","54","NORTE DE SANTANDER","54001","CUCUTA","0.004","KILOGRAMO"
"2017-06-26T00:00:00.000","52","NARIÑO","52356","IPIALES","21.259","KILOGRAMO"
"2017-06-26T00:00:00.000","76","VALLE DEL CAUCA","76001","CALI","0.003","KILOGRAMO"
"2017-06-25T00:00:00.000","66","RISARALDA","66170","DOSQUEBRADAS","0.05","KILOGRAMO"
"2017-06-25T00:00:00.000","76","VALLE DEL CAUCA","76001","CALI","0.001","KILOGRAMO"
"2017-06-24T00:00:00.000","76","VALLE DEL CAUCA","76001","CALI","0.003","KILOGRAMO"
"2017-06-24T00:00:00.000","08","ATLANTICO","08770","SUAN","0.001","KILOGRAMO"
"2017-06-23T00:00:00.000","76","VALLE DEL CAUCA","76111","GUADALAJARA DE BUGA","0.01","KILOGRAMO"
"2017-06-22T00:00:00.000","76","VALLE DEL CAUCA","76100","BOLIVAR","0.002","KILOGRAMO"
"2017-06-22T00:00:00.000","76","VALLE DEL CAUCA","76001","CALI","0.003","KILOGRAMO"
"2017-06-21T00:00:00.000","66","RISARALDA","66088","BELEN DE UMBRIA","0.002","KILOGRAMO"
"2017-06-20T00:00:00.000","19","CAUCA","19698","SANTANDER DE QUILICHAO","0.007","KILOGRAMO"
"2017-06-20T00:00:00.000","05","ANTIOQUIA","05001","MEDELLIN","0.005","KILOGRAMO"
"2017-06-20T00:00:00.000","76","VALLE DEL CAUCA","76111","GUADALAJARA DE BUGA","0.01","KILOGRAMO"
"2017-06-19T00:00:00.000","25","CUNDINAMARCA","25572","PUERTO SALGAR","0.001","KILOGRAMO"
"2017-06-19T00:00:00.000","76","VALLE DEL CAUCA","76001","CALI","0.001","KILOGRAMO"
"2017-06-19T00:00:00.000","54","NORTE DE SANTANDER","54001","CUCUTA","0.007","KILOGRAMO"
"2017-06-18T00:00:00.000","76","VALLE DEL CAUCA","76364","JAMUNDI","0.018","KILOGRAMO"
"2017-06-17T00:00:00.000","54","NORTE DE SANTANDER","54001","CUCUTA","0.005","KILOGRAMO"
"2017-06-17T00:00:00.000","76","VALLE DEL CAUCA","76001","CALI","0.001","KILOGRAMO"
"2017-06-16T00:00:00.000","66","RISARALDA","66170","DOSQUEBRADAS","0.006","KILOGRAMO"
"2017-06-15T00:00:00.000","76","VALLE DEL CAUCA","76001","CALI","0.003","KILOGRAMO"
"2017-06-15T00:00:00.000","05","ANTIOQUIA","05154","CAUCASIA","0.03","KILOGRAMO"
"2017-06-15T00:00:00.000","63","QUINDIO","63690","SALENTO","0.003","KILOGRAMO"
"2017-06-14T00:00:00.000","54","NORTE DE SANTANDER","54001","CUCUTA","0.001","KILOGRAMO"
"2017-06-14T00:00:00.000","76","VALLE DEL CAUCA","76616","RIOFRIO","0.001","KILOGRAMO"
"2017-06-14T00:00:00.000","05","ANTIOQUIA","05030","AMAGA","0.01","KILOGRAMO"
"2017-06-13T00:00:00.000","76","VALLE DEL CAUCA","76001","CALI","0.001","KILOGRAMO"
"2017-06-12T00:00:00.000","54","NORTE DE SANTANDER","54001","CUCUTA","0.001","KILOGRAMO"
"2017-06-11T00:00:00.000","76","VALLE DEL CAUCA","76364","JAMUNDI","0.034","KILOGRAMO"
"2017-06-11T00:00:00.000","76","VALLE DEL CAUCA","76001","CALI","0.005","KILOGRAMO"
"2017-06-10T00:00:00.000","66","RISARALDA","66682","SANTA ROSA DE CABAL","0.0047","KILOGRAMO"
"2017-06-10T00:00:00.000","19","CAUCA","19698","SANTANDER DE QUILICHAO","0.006","KILOGRAMO"
"2017-06-10T00:00:00.000","76","VALLE DEL CAUCA","76001","CALI","0.002","KILOGRAMO"
"2017-06-09T00:00:00.000","19","CAUCA","19573","PUERTO TEJADA","0.145","KILOGRAMO"
"2017-06-09T00:00:00.000","76","VALLE DEL CAUCA","76111","GUADALAJARA DE BUGA","0.007","KILOGRAMO"
"2017-06-09T00:00:00.000","76","VALLE DEL CAUCA","76001","CALI","0.001","KILOGRAMO"
"2017-06-08T00:00:00.000","11","BOGOTA D.C.","11001","BOGOTA D.C.","0.0428","KILOGRAMO"
"2017-06-08T00:00:00.000","54","NORTE DE SANTANDER","54001","CUCUTA","0.003","KILOGRAMO"
"2017-06-08T00:00:00.000","66","RISARALDA","66001","PEREIRA","1.978","KILOGRAMO"
"2017-06-07T00:00:00.000","19","CAUCA","19698","SANTANDER DE QUILICHAO","0.019","KILOGRAMO"
"2017-06-06T00:00:00.000","54","NORTE DE SANTANDER","54001","CUCUTA","0.003","KILOGRAMO"
"2017-06-06T00:00:00.000","52","NARIÑO","52250","EL CHARCO","8.08","KILOGRAMO"
"2017-06-06T00:00:00.000","76","VALLE DEL CAUCA","76001","CALI","0.001","KILOGRAMO"
"2017-06-05T00:00:00.000","76","VALLE DEL CAUCA","76622","ROLDANILLO","0.005","KILOGRAMO"
"2017-06-04T00:00:00.000","76","VALLE DEL CAUCA","76364","JAMUNDI","0.02","KILOGRAMO"
"2017-06-04T00:00:00.000","66","RISARALDA","66001","PEREIRA","0.012","KILOGRAMO"
"2017-06-03T00:00:00.000","76","VALLE DEL CAUCA","76001","CALI","0.001","KILOGRAMO"
"2017-06-02T00:00:00.000","76","VALLE DEL CAUCA","76001","CALI","0.006","KILOGRAMO"
"2017-06-02T00:00:00.000","81","ARAUCA","81001","ARAUCA","0.033","KILOGRAMO"
"2017-06-01T00:00:00.000","76","VALLE DEL CAUCA","76001","CALI","0.002","KILOGRAMO"
"2017-06-01T00:00:00.000","54","NORTE DE SANTANDER","54001","CUCUTA","0.034","KILOGRAMO"
"2017-06-01T00:00:00.000","76","VALLE DEL CAUCA","76400","LA UNION","0.003","KILOGRAMO"
"2017-06-01T00:00:00.000","66","RISARALDA","66001","PEREIRA","0.25","KILOGRAMO"
"2017-06-01T00:00:00.000","25","CUNDINAMARCA","25290","FUSAGASUGA","0.002","KILOGRAMO"
"2017-05-31T00:00:00.000","76","VALLE DEL CAUCA","76111","GUADALAJARA DE BUGA","0.005","KILOGRAMO"
"2017-05-31T00:00:00.000","19","CAUCA","19698","SANTANDER DE QUILICHAO","0.004","KILOGRAMO"
"2017-05-31T00:00:00.000","66","RISARALDA","66001","PEREIRA","0.991","KILOGRAMO"
"2017-05-30T00:00:00.000","63","QUINDIO","63001","ARMENIA","0.094","KILOGRAMO"
"2017-05-30T00:00:00.000","05","ANTIOQUIA","05001","MEDELLIN","0.004","KILOGRAMO"
"2017-05-28T00:00:00.000","76","VALLE DEL CAUCA","76001","CALI","0.002","KILOGRAMO"
"2017-05-28T00:00:00.000","54","NORTE DE SANTANDER","54001","CUCUTA","0.008","KILOGRAMO"
"2017-05-27T00:00:00.000","05","ANTIOQUIA","05690","SANTO DOMINGO","0.015","KILOGRAMO"
"2017-05-26T00:00:00.000","76","VALLE DEL CAUCA","76400","LA UNION","0.003","KILOGRAMO"
"2017-05-25T00:00:00.000","11","BOGOTA D.C.","11001","BOGOTA D.C.","0.008","KILOGRAMO"
"2017-05-25T00:00:00.000","05","ANTIOQUIA","05138","CAÑASGORDAS","0.05","KILOGRAMO"
"2017-05-25T00:00:00.000","54","NORTE DE SANTANDER","54001","CUCUTA","0.007","KILOGRAMO"
"2017-05-24T00:00:00.000","54","NORTE DE SANTANDER","54001","CUCUTA","0.002","KILOGRAMO"
"2017-05-24T00:00:00.000","05","ANTIOQUIA","05679","SANTA BARBARA","0.05","KILOGRAMO"
"2017-05-22T00:00:00.000","54","NORTE DE SANTANDER","54001","CUCUTA","0.005","KILOGRAMO"
"2017-05-20T00:00:00.000","76","VALLE DEL CAUCA","76111","GUADALAJARA DE BUGA","0.005","KILOGRAMO"
"2017-05-19T00:00:00.000","19","CAUCA","19698","SANTANDER DE QUILICHAO","0.012","KILOGRAMO"
"2017-05-19T00:00:00.000","54","NORTE DE SANTANDER","54001","CUCUTA","0.003","KILOGRAMO"
"2017-05-19T00:00:00.000","54","NORTE DE SANTANDER","54261","EL ZULIA","0.001","KILOGRAMO"
"2017-05-18T00:00:00.000","11","BOGOTA D.C.","11001","BOGOTA D.C.","0.003","KILOGRAMO"
"2017-05-18T00:00:00.000","63","QUINDIO","63001","ARMENIA","0.001","KILOGRAMO"
"2017-05-17T00:00:00.000","11","BOGOTA D.C.","11001","BOGOTA D.C.","0.015","KILOGRAMO"
"2017-05-17T00:00:00.000","05","ANTIOQUIA","05360","ITAGUI","0.006","KILOGRAMO"
"2017-05-17T00:00:00.000","52","NARIÑO","52110","BUESACO","0.6","KILOGRAMO"
"2017-05-16T00:00:00.000","05","ANTIOQUIA","05686","SANTA ROSA DE OSOS","0.15","KILOGRAMO"
"2017-05-16T00:00:00.000","08","ATLANTICO","08638","SABANALARGA","0.006","KILOGRAMO"
"2017-05-16T00:00:00.000","54","NORTE DE SANTANDER","54001","CUCUTA","0.004","KILOGRAMO"
"2017-05-16T00:00:00.000","63","QUINDIO","63001","ARMENIA","0.003","KILOGRAMO"
"2017-05-15T00:00:00.000","11","BOGOTA D.C.","11001","BOGOTA D.C.","0.055","KILOGRAMO"
"2017-05-14T00:00:00.000","76","VALLE DEL CAUCA","76001","CALI","0.001","KILOGRAMO"
"2017-05-13T00:00:00.000","76","VALLE DEL CAUCA","76001","CALI","0.002","KILOGRAMO"
"2017-05-13T00:00:00.000","05","ANTIOQUIA","05360","ITAGUI","0.004","KILOGRAMO"
"2017-05-12T00:00:00.000","54","NORTE DE SANTANDER","54001","CUCUTA","0.045","KILOGRAMO"
"2017-05-12T00:00:00.000","76","VALLE DEL CAUCA","76001","CALI","0.055","KILOGRAMO"
"2017-05-12T00:00:00.000","20","CESAR","20400","LA JAGUA DE IBIRICO","0.008","KILOGRAMO"
"2017-05-11T00:00:00.000","17","CALDAS","17380","LA DORADA","0.001","KILOGRAMO"
"2017-05-11T00:00:00.000","76","VALLE DEL CAUCA","76113","BUGALAGRANDE","0.001","KILOGRAMO"
"2017-05-11T00:00:00.000","76","VALLE DEL CAUCA","76233","DAGUA","0.001","KILOGRAMO"
"2017-05-11T00:00:00.000","05","ANTIOQUIA","05001","MEDELLIN","0.016","KILOGRAMO"
"2017-05-11T00:00:00.000","76","VALLE DEL CAUCA","76109","BUENAVENTURA","0.002","KILOGRAMO"
"2017-05-10T00:00:00.000","66","RISARALDA","66001","PEREIRA","16.116","KILOGRAMO"
"2017-05-10T00:00:00.000","76","VALLE DEL CAUCA","76364","JAMUNDI","0.014","KILOGRAMO"
"2017-05-09T00:00:00.000","81","ARAUCA","81736","SARAVENA","0.003","KILOGRAMO"
"2017-05-09T00:00:00.000","05","ANTIOQUIA","05360","ITAGUI","0.005","KILOGRAMO"
"2017-05-09T00:00:00.000","19","CAUCA","19455","MIRANDA","0.004","KILOGRAMO"
"2017-05-08T00:00:00.000","76","VALLE DEL CAUCA","76001","CALI","0.001","KILOGRAMO"
"2017-05-08T00:00:00.000","73","TOLIMA","73124","CAJAMARCA","0.015","KILOGRAMO"
"2017-05-08T00:00:00.000","54","NORTE DE SANTANDER","54001","CUCUTA","0.01","KILOGRAMO"
"2017-05-07T00:00:00.000","05","ANTIOQUIA","05001","MEDELLIN","0.021","KILOGRAMO"
"2017-05-07T00:00:00.000","63","QUINDIO","63001","ARMENIA","0.001","KILOGRAMO"
"2017-05-06T00:00:00.000","11","BOGOTA D.C.","11001","BOGOTA D.C.","0.015","KILOGRAMO"
"2017-05-06T00:00:00.000","76","VALLE DEL CAUCA","76109","BUENAVENTURA","0.01","KILOGRAMO"
"2017-05-06T00:00:00.000","54","NORTE DE SANTANDER","54001","CUCUTA","0.004","KILOGRAMO"
"2017-05-06T00:00:00.000","76","VALLE DEL CAUCA","76001","CALI","0.001","KILOGRAMO"
"2017-05-05T00:00:00.000","76","VALLE DEL CAUCA","76001","CALI","0.001","KILOGRAMO"
"2017-05-04T00:00:00.000","63","QUINDIO","63001","ARMENIA","0.00050","KILOGRAMO"
"2017-05-04T00:00:00.000","76","VALLE DEL CAUCA","76233","DAGUA","0.011","KILOGRAMO"
"2017-05-04T00:00:00.000","76","VALLE DEL CAUCA","76306","GINEBRA","0.002","KILOGRAMO"
"2017-05-03T00:00:00.000","19","CAUCA","19698","SANTANDER DE QUILICHAO","0.002","KILOGRAMO"
"2017-05-03T00:00:00.000","76","VALLE DEL CAUCA","76364","JAMUNDI","0.011","KILOGRAMO"
"2017-05-03T00:00:00.000","05","ANTIOQUIA","05670","SAN ROQUE","0.01","KILOGRAMO"
"2017-05-02T00:00:00.000","52","NARIÑO","52356","IPIALES","5.83","KILOGRAMO"
"2017-05-02T00:00:00.000","05","ANTIOQUIA","05360","ITAGUI","0.002","KILOGRAMO"
"2017-05-02T00:00:00.000","76","VALLE DEL CAUCA","76001","CALI","0.004","KILOGRAMO"
"2017-05-02T00:00:00.000","66","RISARALDA","66170","DOSQUEBRADAS","0.119","KILOGRAMO"
"2017-05-01T00:00:00.000","76","VALLE DEL CAUCA","76001","CALI","0.001","KILOGRAMO"
"2017-04-30T00:00:00.000","76","VALLE DEL CAUCA","76001","CALI","0.001","KILOGRAMO"
"2017-04-30T00:00:00.000","19","CAUCA","19698","SANTANDER DE QUILICHAO","0.011","KILOGRAMO"
"2017-04-29T00:00:00.000","76","VALLE DEL CAUCA","76606","RESTREPO","0.003","KILOGRAMO"
"2017-04-29T00:00:00.000","54","NORTE DE SANTANDER","54001","CUCUTA","0.002","KILOGRAMO"
"2017-04-29T00:00:00.000","76","VALLE DEL CAUCA","76001","CALI","0.002","KILOGRAMO"
"2017-04-28T00:00:00.000","63","QUINDIO","63001","ARMENIA","0.003","KILOGRAMO"
"2017-04-28T00:00:00.000","76","VALLE DEL CAUCA","76001","CALI","0.003","KILOGRAMO"
"2017-04-28T00:00:00.000","25","CUNDINAMARCA","25662","SAN JUAN DE RIOSECO","0.015","KILOGRAMO"
"2017-04-28T00:00:00.000","68","SANTANDER","68001","BUCARAMANGA","0.005","KILOGRAMO"
"2017-04-28T00:00:00.000","54","NORTE DE SANTANDER","54001","CUCUTA","0.133","KILOGRAMO"
"2017-04-28T00:00:00.000","05","ANTIOQUIA","05088","BELLO","0.007","KILOGRAMO"
"2017-04-27T00:00:00.000","05","ANTIOQUIA","05190","CISNEROS","0.005","KILOGRAMO"
"2017-04-27T00:00:00.000","66","RISARALDA","66170","DOSQUEBRADAS","0.008","KILOGRAMO"
"2017-04-27T00:00:00.000","76","VALLE DEL CAUCA","76001","CALI","0.002","KILOGRAMO"
"2017-04-27T00:00:00.000","05","ANTIOQUIA","05854","VALDIVIA","0.056","KILOGRAMO"
"2017-04-27T00:00:00.000","19","CAUCA","19698","SANTANDER DE QUILICHAO","0.001","KILOGRAMO"
"2017-04-26T00:00:00.000","76","VALLE DEL CAUCA","76001","CALI","0.001","KILOGRAMO"
"2017-04-26T00:00:00.000","05","ANTIOQUIA","05001","MEDELLIN","0.062","KILOGRAMO"
"2017-04-26T00:00:00.000","25","CUNDINAMARCA","25572","PUERTO SALGAR","0.003","KILOGRAMO"
"2017-04-24T00:00:00.000","54","NORTE DE SANTANDER","54001","CUCUTA","0.001","KILOGRAMO"
"2017-04-23T00:00:00.000","76","VALLE DEL CAUCA","76001","CALI","0.001","KILOGRAMO"
"2017-04-22T00:00:00.000","76","VALLE DEL CAUCA","76233","DAGUA","0.012","KILOGRAMO"
"2017-04-22T00:00:00.000","76","VALLE DEL CAUCA","76001","CALI","0.001","KILOGRAMO"
"2017-04-21T00:00:00.000","19","CAUCA","19256","EL TAMBO","4.214","KILOGRAMO"
"2017-04-21T00:00:00.000","76","VALLE DEL CAUCA","76364","JAMUNDI","0.004","KILOGRAMO"
"2017-04-21T00:00:00.000","05","ANTIOQUIA","05001","MEDELLIN","0.002","KILOGRAMO"
"2017-04-21T00:00:00.000","63","QUINDIO","63001","ARMENIA","0.00045","KILOGRAMO"
"2017-04-21T00:00:00.000","76","VALLE DEL CAUCA","76001","CALI","0.043","KILOGRAMO"
"2017-04-20T00:00:00.000","76","VALLE DEL CAUCA","76895","ZARZAL","0.05","KILOGRAMO"
"2017-04-20T00:00:00.000","05","ANTIOQUIA","05042","SANTA FE DE ANTIOQUIA","0.02","KILOGRAMO"
"2017-04-20T00:00:00.000","54","NORTE DE SANTANDER","54001","CUCUTA","0.001","KILOGRAMO"
"2017-04-20T00:00:00.000","11","BOGOTA D.C.","11001","BOGOTA D.C.","6.5","KILOGRAMO"
"2017-04-20T00:00:00.000","76","VALLE DEL CAUCA","76001","CALI","0.001","KILOGRAMO"
"2017-04-19T00:00:00.000","19","CAUCA","19142","CALOTO","2.363","KILOGRAMO"
"2017-04-19T00:00:00.000","25","CUNDINAMARCA","25758","SOPO","0.002","KILOGRAMO"
"2017-04-18T00:00:00.000","05","ANTIOQUIA","05690","SANTO DOMINGO","0.02","KILOGRAMO"
"2017-04-18T00:00:00.000","20","CESAR","20710","SAN ALBERTO","0.008","KILOGRAMO"
"2017-04-17T00:00:00.000","05","ANTIOQUIA","05042","SANTA FE DE ANTIOQUIA","0.005","KILOGRAMO"
"2017-04-17T00:00:00.000","54","NORTE DE SANTANDER","54405","LOS PATIOS","0.0014","KILOGRAMO"
"2017-04-17T00:00:00.000","76","VALLE DEL CAUCA","76233","DAGUA","0.003","KILOGRAMO"
"2017-04-17T00:00:00.000","05","ANTIOQUIA","05887","YARUMAL","0.1","KILOGRAMO"
"2017-04-16T00:00:00.000","76","VALLE DEL CAUCA","76001","CALI","0.002","KILOGRAMO"
"2017-04-16T00:00:00.000","54","NORTE DE SANTANDER","54001","CUCUTA","0.009","KILOGRAMO"
"2017-04-16T00:00:00.000","50","META","50001","VILLAVICENCIO","0.005","KILOGRAMO"
"2017-04-15T00:00:00.000","05","ANTIOQUIA","05679","SANTA BARBARA","0.02","KILOGRAMO"
"2017-04-15T00:00:00.000","76","VALLE DEL CAUCA","76001","CALI","0.001","KILOGRAMO"
"2017-04-14T00:00:00.000","76","VALLE DEL CAUCA","76001","CALI","0.003","KILOGRAMO"
"2017-04-13T00:00:00.000","08","ATLANTICO","08001","BARRANQUILLA","0.02","KILOGRAMO"
"2017-04-12T00:00:00.000","63","QUINDIO","63001","ARMENIA","0.003","KILOGRAMO"
"2017-04-12T00:00:00.000","66","RISARALDA","66001","PEREIRA","0.002","KILOGRAMO"
"2017-04-12T00:00:00.000","08","ATLANTICO","08573","PUERTO COLOMBIA","0.022","KILOGRAMO"
"2017-04-11T00:00:00.000","50","META","50001","VILLAVICENCIO","0.002","KILOGRAMO"
"2017-04-11T00:00:00.000","76","VALLE DEL CAUCA","76001","CALI","0.002","KILOGRAMO"
"2017-04-10T00:00:00.000","05","ANTIOQUIA","05308","GIRARDOTA","0.002","KILOGRAMO"
"2017-04-09T00:00:00.000","76","VALLE DEL CAUCA","76001","CALI","0.001","KILOGRAMO"
"2017-04-09T00:00:00.000","08","ATLANTICO","08685","SANTO TOMAS","0.007","KILOGRAMO"
"2017-04-08T00:00:00.000","54","NORTE DE SANTANDER","54001","CUCUTA","0.015","KILOGRAMO"
"2017-04-07T00:00:00.000","66","RISARALDA","66001","PEREIRA","1.837","KILOGRAMO"
"2017-04-07T00:00:00.000","52","NARIÑO","52885","YACUANQUER","2","KILOGRAMO"
"2017-04-06T00:00:00.000","76","VALLE DEL CAUCA","76001","CALI","0.002","KILOGRAMO"
"2017-04-06T00:00:00.000","54","NORTE DE SANTANDER","54001","CUCUTA","0.00889","KILOGRAMO"
"2017-04-05T00:00:00.000","76","VALLE DEL CAUCA","76248","EL CERRITO","0.011","KILOGRAMO"
"2017-04-05T00:00:00.000","76","VALLE DEL CAUCA","76306","GINEBRA","0.002","KILOGRAMO"
"2017-04-05T00:00:00.000","05","ANTIOQUIA","05679","SANTA BARBARA","0.005","KILOGRAMO"
"2017-04-04T00:00:00.000","05","ANTIOQUIA","05318","GUARNE","0.1","KILOGRAMO"
"2017-04-04T00:00:00.000","76","VALLE DEL CAUCA","76001","CALI","0.001","KILOGRAMO"
"2017-04-03T00:00:00.000","08","ATLANTICO","08001","BARRANQUILLA","0.078","KILOGRAMO"
"2017-04-02T00:00:00.000","05","ANTIOQUIA","05001","MEDELLIN","0.002","KILOGRAMO"
"2017-04-02T00:00:00.000","76","VALLE DEL CAUCA","76001","CALI","0.002","KILOGRAMO"
"2017-04-02T00:00:00.000","66","RISARALDA","66170","DOSQUEBRADAS","0.03","KILOGRAMO"
"2017-04-01T00:00:00.000","63","QUINDIO","63001","ARMENIA","0.001","KILOGRAMO"
"2017-04-01T00:00:00.000","76","VALLE DEL CAUCA","76001","CALI","0.002","KILOGRAMO"
"2017-03-31T00:00:00.000","76","VALLE DEL CAUCA","76001","CALI","0.003","KILOGRAMO"
"2017-03-31T00:00:00.000","05","ANTIOQUIA","05809","TITIRIBI","0.022","KILOGRAMO"
"2017-03-31T00:00:00.000","05","ANTIOQUIA","05266","ENVIGADO","0.028","KILOGRAMO"
"2017-03-30T00:00:00.000","76","VALLE DEL CAUCA","76233","DAGUA","0.043","KILOGRAMO"
"2017-03-30T00:00:00.000","05","ANTIOQUIA","05001","MEDELLIN","0.006","KILOGRAMO"
"2017-03-30T00:00:00.000","54","NORTE DE SANTANDER","54001","CUCUTA","0.0016","KILOGRAMO"
"2017-03-30T00:00:00.000","52","NARIÑO","52110","BUESACO","0.14","KILOGRAMO"
"2017-03-30T00:00:00.000","11","BOGOTA D.C.","11001","BOGOTA D.C.","4","KILOGRAMO"
"2017-03-29T00:00:00.000","54","NORTE DE SANTANDER","54001","CUCUTA","0.021","KILOGRAMO"
"2017-03-29T00:00:00.000","63","QUINDIO","63001","ARMENIA","0.001","KILOGRAMO"
"2017-03-29T00:00:00.000","76","VALLE DEL CAUCA","76001","CALI","0.001","KILOGRAMO"
"2017-03-28T00:00:00.000","76","VALLE DEL CAUCA","76001","CALI","0.02","KILOGRAMO"
"2017-03-28T00:00:00.000","25","CUNDINAMARCA","25269","FACATATIVA","0.001","KILOGRAMO"
"2017-03-28T00:00:00.000","68","SANTANDER","68307","GIRON","0.002","KILOGRAMO"
"2017-03-28T00:00:00.000","54","NORTE DE SANTANDER","54001","CUCUTA","0.02","KILOGRAMO"
"2017-03-28T00:00:00.000","76","VALLE DEL CAUCA","76834","TULUA","0.003","KILOGRAMO"
"2017-03-28T00:00:00.000","76","VALLE DEL CAUCA","76233","DAGUA","0.001","KILOGRAMO"
"2017-03-27T00:00:00.000","54","NORTE DE SANTANDER","54001","CUCUTA","0.002","KILOGRAMO"
"2017-03-27T00:00:00.000","76","VALLE DEL CAUCA","76001","CALI","0.028","KILOGRAMO"
"2017-03-27T00:00:00.000","19","CAUCA","19698","SANTANDER DE QUILICHAO","0.006","KILOGRAMO"
"2017-03-26T00:00:00.000","76","VALLE DEL CAUCA","76001","CALI","4.015","KILOGRAMO"
"2017-03-26T00:00:00.000","20","CESAR","20228","CURUMANI","0.008","KILOGRAMO"
"2017-03-26T00:00:00.000","66","RISARALDA","66170","DOSQUEBRADAS","0.105","KILOGRAMO"
"2017-03-26T00:00:00.000","66","RISARALDA","66001","PEREIRA","0.003","KILOGRAMO"
"2017-03-25T00:00:00.000","05","ANTIOQUIA","05001","MEDELLIN","0.047","KILOGRAMO"
"2017-03-25T00:00:00.000","54","NORTE DE SANTANDER","54001","CUCUTA","0.004","KILOGRAMO"
"2017-03-25T00:00:00.000","76","VALLE DEL CAUCA","76001","CALI","0.04","KILOGRAMO"
"2017-03-24T00:00:00.000","76","VALLE DEL CAUCA","76001","CALI","0.005","KILOGRAMO"
"2017-03-24T00:00:00.000","76","VALLE DEL CAUCA","76113","BUGALAGRANDE","2.455","KILOGRAMO"
"2017-03-24T00:00:00.000","05","ANTIOQUIA","05887","YARUMAL","0.01","KILOGRAMO"
"2017-03-24T00:00:00.000","05","ANTIOQUIA","05360","ITAGUI","0.002","KILOGRAMO"
"2017-03-23T00:00:00.000","76","VALLE DEL CAUCA","76001","CALI","0.003","KILOGRAMO"
"2017-03-22T00:00:00.000","05","ANTIOQUIA","05190","CISNEROS","0.015","KILOGRAMO"
"2017-03-22T00:00:00.000","52","NARIÑO","52838","TUQUERRES","0.023","KILOGRAMO"
"2017-03-22T00:00:00.000","76","VALLE DEL CAUCA","76147","CARTAGO","0.002","KILOGRAMO"
"2017-03-22T00:00:00.000","76","VALLE DEL CAUCA","76895","ZARZAL","0.02","KILOGRAMO"
"2017-03-22T00:00:00.000","54","NORTE DE SANTANDER","54001","CUCUTA","0.002","KILOGRAMO"
"2017-03-22T00:00:00.000","76","VALLE DEL CAUCA","76001","CALI","0.001","KILOGRAMO"
"2017-03-22T00:00:00.000","66","RISARALDA","66170","DOSQUEBRADAS","0.005","KILOGRAMO"
"2017-03-21T00:00:00.000","66","RISARALDA","66318","GUATICA","0.001","KILOGRAMO"
"2017-03-21T00:00:00.000","76","VALLE DEL CAUCA","76001","CALI","0.002","KILOGRAMO"
"2017-03-21T00:00:00.000","05","ANTIOQUIA","05001","MEDELLIN","0.025","KILOGRAMO"
"2017-03-20T00:00:00.000","63","QUINDIO","63401","LA TEBAIDA","0.2","KILOGRAMO"
"2017-03-20T00:00:00.000","08","ATLANTICO","08634","SABANAGRANDE","0.01","KILOGRAMO"
"2017-03-19T00:00:00.000","76","VALLE DEL CAUCA","76001","CALI","0.048","KILOGRAMO"
"2017-03-19T00:00:00.000","54","NORTE DE SANTANDER","54518","PAMPLONA","0.001","KILOGRAMO"
"2017-03-18T00:00:00.000","76","VALLE DEL CAUCA","76001","CALI","0.001","KILOGRAMO"
"2017-03-17T00:00:00.000","76","VALLE DEL CAUCA","76001","CALI","0.001","KILOGRAMO"
"2017-03-17T00:00:00.000","76","VALLE DEL CAUCA","76306","GINEBRA","0.001","KILOGRAMO"
"2017-03-17T00:00:00.000","20","CESAR","20228","CURUMANI","0.01","KILOGRAMO"
"2017-03-16T00:00:00.000","76","VALLE DEL CAUCA","76001","CALI","0.001","KILOGRAMO"
"2017-03-16T00:00:00.000","76","VALLE DEL CAUCA","76246","EL CAIRO","0.002","KILOGRAMO"
"2017-03-16T00:00:00.000","19","CAUCA","19698","SANTANDER DE QUILICHAO","0.02","KILOGRAMO"
"2017-03-16T00:00:00.000","05","ANTIOQUIA","05690","SANTO DOMINGO","0.01","KILOGRAMO"
"2017-03-15T00:00:00.000","54","NORTE DE SANTANDER","54001","CUCUTA","0.024","KILOGRAMO"
"2017-03-15T00:00:00.000","76","VALLE DEL CAUCA","76400","LA UNION","0.002","KILOGRAMO"
"2017-03-15T00:00:00.000","76","VALLE DEL CAUCA","76001","CALI","0.001","KILOGRAMO"
"2017-03-15T00:00:00.000","52","NARIÑO","52110","BUESACO","30","KILOGRAMO"
"2017-03-15T00:00:00.000","76","VALLE DEL CAUCA","76895","ZARZAL","0.02","KILOGRAMO"
"2017-03-14T00:00:00.000","76","VALLE DEL CAUCA","76001","CALI","0.002","KILOGRAMO"
"2017-03-13T00:00:00.000","63","QUINDIO","63001","ARMENIA","0.421","KILOGRAMO"
"2017-03-13T00:00:00.000","66","RISARALDA","66170","DOSQUEBRADAS","0.006","KILOGRAMO"
"2017-03-12T00:00:00.000","76","VALLE DEL CAUCA","76001","CALI","0.001","KILOGRAMO"
"2017-03-11T00:00:00.000","50","META","50001","VILLAVICENCIO","0.001","KILOGRAMO"
"2017-03-10T00:00:00.000","05","ANTIOQUIA","05001","MEDELLIN","0.1","KILOGRAMO"
"2017-03-10T00:00:00.000","76","VALLE DEL CAUCA","76126","CALIMA","0.001","KILOGRAMO"
"2017-03-10T00:00:00.000","54","NORTE DE SANTANDER","54405","LOS PATIOS","0.004","KILOGRAMO"
"2017-03-10T00:00:00.000","05","ANTIOQUIA","05079","BARBOSA","0.003","KILOGRAMO"
"2017-03-10T00:00:00.000","05","ANTIOQUIA","05697","EL SANTUARIO","0.1","KILOGRAMO"
"2017-03-10T00:00:00.000","54","NORTE DE SANTANDER","54001","CUCUTA","0.002","KILOGRAMO"
"2017-03-10T00:00:00.000","76","VALLE DEL CAUCA","76001","CALI","0.001","KILOGRAMO"
"2017-03-10T00:00:00.000","76","VALLE DEL CAUCA","76147","CARTAGO","0.006","KILOGRAMO"
"2017-03-10T00:00:00.000","52","NARIÑO","52356","IPIALES","0.611","KILOGRAMO"
"2017-03-09T00:00:00.000","54","NORTE DE SANTANDER","54001","CUCUTA","0.003","KILOGRAMO"
"2017-03-09T00:00:00.000","76","VALLE DEL CAUCA","76318","GUACARI","0.007","KILOGRAMO"
"2017-03-09T00:00:00.000","76","VALLE DEL CAUCA","76001","CALI","0.005","KILOGRAMO"
"2017-03-08T00:00:00.000","76","VALLE DEL CAUCA","76001","CALI","0.03","KILOGRAMO"
"2017-03-08T00:00:00.000","52","NARIÑO","52110","BUESACO","8","KILOGRAMO"
"2017-03-08T00:00:00.000","76","VALLE DEL CAUCA","76606","RESTREPO","0.001","KILOGRAMO"
"2017-03-07T00:00:00.000","76","VALLE DEL CAUCA","76001","CALI","0.081","KILOGRAMO"
"2017-03-07T00:00:00.000","63","QUINDIO","63001","ARMENIA","0.001","KILOGRAMO"
"2017-03-07T00:00:00.000","19","CAUCA","19698","SANTANDER DE QUILICHAO","0.012","KILOGRAMO"
"2017-03-06T00:00:00.000","76","VALLE DEL CAUCA","76126","CALIMA","0.001","KILOGRAMO"
"2017-03-06T00:00:00.000","54","NORTE DE SANTANDER","54001","CUCUTA","0.003","KILOGRAMO"
"2017-03-06T00:00:00.000","76","VALLE DEL CAUCA","76845","ULLOA","0.004","KILOGRAMO"
"2017-03-06T00:00:00.000","76","VALLE DEL CAUCA","76001","CALI","0.003","KILOGRAMO"
"2017-03-06T00:00:00.000","05","ANTIOQUIA","05266","ENVIGADO","0.02","KILOGRAMO"
"2017-03-06T00:00:00.000","76","VALLE DEL CAUCA","76147","CARTAGO","0.001","KILOGRAMO"
"2017-03-05T00:00:00.000","66","RISARALDA","66001","PEREIRA","0.005","KILOGRAMO"
"2017-03-05T00:00:00.000","76","VALLE DEL CAUCA","76001","CALI","0.002","KILOGRAMO"
"2017-03-05T00:00:00.000","54","NORTE DE SANTANDER","54001","CUCUTA","0.005","KILOGRAMO"
"2017-03-04T00:00:00.000","76","VALLE DEL CAUCA","76147","CARTAGO","0.002","KILOGRAMO"
"2017-03-04T00:00:00.000","54","NORTE DE SANTANDER","54001","CUCUTA","0.0127","KILOGRAMO"
"2017-03-03T00:00:00.000","05","ANTIOQUIA","05001","MEDELLIN","0.052","KILOGRAMO"
"2017-03-03T00:00:00.000","76","VALLE DEL CAUCA","76001","CALI","0.002","KILOGRAMO"
"2017-03-02T00:00:00.000","76","VALLE DEL CAUCA","76001","CALI","0.008","KILOGRAMO"
"2017-03-01T00:00:00.000","76","VALLE DEL CAUCA","76895","ZARZAL","0.02","KILOGRAMO"
"2017-03-01T00:00:00.000","76","VALLE DEL CAUCA","76001","CALI","0.009","KILOGRAMO"
"2017-03-01T00:00:00.000","05","ANTIOQUIA","05607","RETIRO","0.1","KILOGRAMO"
"2017-03-01T00:00:00.000","68","SANTANDER","68547","PIEDECUESTA","0.011","KILOGRAMO"
"2017-03-01T00:00:00.000","08","ATLANTICO","08001","BARRANQUILLA","0.155","KILOGRAMO"
"2017-03-01T00:00:00.000","76","VALLE DEL CAUCA","76147","CARTAGO","0.002","KILOGRAMO"
"2017-03-01T00:00:00.000","66","RISARALDA","66001","PEREIRA","0.5","KILOGRAMO"
"2017-02-28T00:00:00.000","76","VALLE DEL CAUCA","76001","CALI","0.04","KILOGRAMO"
"2017-02-26T00:00:00.000","05","ANTIOQUIA","05101","CIUDAD BOLIVAR","0.2","KILOGRAMO"
"2017-02-26T00:00:00.000","76","VALLE DEL CAUCA","76054","ARGELIA","0.001","KILOGRAMO"
"2017-02-26T00:00:00.000","54","NORTE DE SANTANDER","54001","CUCUTA","0.015","KILOGRAMO"
"2017-02-25T00:00:00.000","05","ANTIOQUIA","05001","MEDELLIN","0.096","KILOGRAMO"
"2017-02-25T00:00:00.000","05","ANTIOQUIA","05690","SANTO DOMINGO","0.01","KILOGRAMO"
"2017-02-25T00:00:00.000","76","VALLE DEL CAUCA","76001","CALI","0.052","KILOGRAMO"
"2017-02-25T00:00:00.000","81","ARAUCA","81001","ARAUCA","0.05","KILOGRAMO"
"2017-02-25T00:00:00.000","54","NORTE DE SANTANDER","54001","CUCUTA","0.01","KILOGRAMO"
"2017-02-25T00:00:00.000","52","NARIÑO","52356","IPIALES","5.28","KILOGRAMO"
"2017-02-24T00:00:00.000","05","ANTIOQUIA","05360","ITAGUI","0.002","KILOGRAMO"
"2017-02-24T00:00:00.000","76","VALLE DEL CAUCA","76054","ARGELIA","0.001","KILOGRAMO"
"2017-02-24T00:00:00.000","54","NORTE DE SANTANDER","54001","CUCUTA","0.001","KILOGRAMO"
"2017-02-24T00:00:00.000","66","RISARALDA","66001","PEREIRA","0.493","KILOGRAMO"
"2017-02-24T00:00:00.000","52","NARIÑO","52356","IPIALES","0.7","KILOGRAMO"
"2017-02-24T00:00:00.000","05","ANTIOQUIA","05001","MEDELLIN","0.05","KILOGRAMO"
"2017-02-24T00:00:00.000","76","VALLE DEL CAUCA","76001","CALI","0.001","KILOGRAMO"
"2017-02-23T00:00:00.000","66","RISARALDA","66170","DOSQUEBRADAS","0.043","KILOGRAMO"
"2017-02-23T00:00:00.000","76","VALLE DEL CAUCA","76001","CALI","0.06","KILOGRAMO"
"2017-02-23T00:00:00.000","08","ATLANTICO","08685","SANTO TOMAS","0.004","KILOGRAMO"
"2017-02-23T00:00:00.000","05","ANTIOQUIA","05001","MEDELLIN","0.04","KILOGRAMO"
"2017-02-22T00:00:00.000","08","ATLANTICO","08001","BARRANQUILLA","0.005","KILOGRAMO"
"2017-02-22T00:00:00.000","05","ANTIOQUIA","05690","SANTO DOMINGO","0.005","KILOGRAMO"
"2017-02-22T00:00:00.000","05","ANTIOQUIA","05237","DONMATIAS","0.132","KILOGRAMO"
"2017-02-21T00:00:00.000","05","ANTIOQUIA","05380","LA ESTRELLA","0.011","KILOGRAMO"
"2017-02-21T00:00:00.000","05","ANTIOQUIA","05660","SAN LUIS","0.1","KILOGRAMO"
"2017-02-20T00:00:00.000","05","ANTIOQUIA","05001","MEDELLIN","0.003","KILOGRAMO"
"2017-02-20T00:00:00.000","76","VALLE DEL CAUCA","76001","CALI","0.001","KILOGRAMO"
"2017-02-19T00:00:00.000","54","NORTE DE SANTANDER","54001","CUCUTA","0.006","KILOGRAMO"
"2017-02-19T00:00:00.000","76","VALLE DEL CAUCA","76001","CALI","0.001","KILOGRAMO"
"2017-02-18T00:00:00.000","54","NORTE DE SANTANDER","54001","CUCUTA","0.017","KILOGRAMO"
"2017-02-18T00:00:00.000","05","ANTIOQUIA","05237","DONMATIAS","0.105","KILOGRAMO"
"2017-02-17T00:00:00.000","66","RISARALDA","66170","DOSQUEBRADAS","0.011","KILOGRAMO"
"2017-02-17T00:00:00.000","19","CAUCA","19455","MIRANDA","0.014","KILOGRAMO"
"2017-02-17T00:00:00.000","76","VALLE DEL CAUCA","76001","CALI","0.039","KILOGRAMO"
"2017-02-16T00:00:00.000","76","VALLE DEL CAUCA","76001","CALI","0.001","KILOGRAMO"
"2017-02-16T00:00:00.000","54","NORTE DE SANTANDER","54001","CUCUTA","0.005","KILOGRAMO"
"2017-02-16T00:00:00.000","63","QUINDIO","63001","ARMENIA","0.002","KILOGRAMO"
"2017-02-16T00:00:00.000","05","ANTIOQUIA","05266","ENVIGADO","0.009","KILOGRAMO"
"2017-02-16T00:00:00.000","76","VALLE DEL CAUCA","76054","ARGELIA","0.001","KILOGRAMO"
"2017-02-16T00:00:00.000","08","ATLANTICO","08520","PALMAR DE VARELA","0.007","KILOGRAMO"
"2017-02-15T00:00:00.000","05","ANTIOQUIA","05212","COPACABANA","0.035","KILOGRAMO"
"2017-02-15T00:00:00.000","76","VALLE DEL CAUCA","76001","CALI","0.015","KILOGRAMO"
"2017-02-14T00:00:00.000","05","ANTIOQUIA","05001","MEDELLIN","0.025","KILOGRAMO"
"2017-02-14T00:00:00.000","76","VALLE DEL CAUCA","76054","ARGELIA","0.001","KILOGRAMO"
"2017-02-14T00:00:00.000","76","VALLE DEL CAUCA","76001","CALI","0.063","KILOGRAMO"
"2017-02-13T00:00:00.000","76","VALLE DEL CAUCA","76233","DAGUA","0.002","KILOGRAMO"
"2017-02-13T00:00:00.000","05","ANTIOQUIA","05042","SANTA FE DE ANTIOQUIA","0.011","KILOGRAMO"
"2017-02-13T00:00:00.000","76","VALLE DEL CAUCA","76001","CALI","0.013","KILOGRAMO"
"2017-02-12T00:00:00.000","76","VALLE DEL CAUCA","76622","ROLDANILLO","0.002","KILOGRAMO"
"2017-02-12T00:00:00.000","05","ANTIOQUIA","05001","MEDELLIN","0.002","KILOGRAMO"
"2017-02-12T00:00:00.000","76","VALLE DEL CAUCA","76001","CALI","0.001","KILOGRAMO"
"2017-02-12T00:00:00.000","05","ANTIOQUIA","05237","DONMATIAS","0.003","KILOGRAMO"
"2017-02-11T00:00:00.000","05","ANTIOQUIA","05690","SANTO DOMINGO","0.003","KILOGRAMO"
"2017-02-11T00:00:00.000","08","ATLANTICO","08634","SABANAGRANDE","0.005","KILOGRAMO"
"2017-02-11T00:00:00.000","76","VALLE DEL CAUCA","76001","CALI","0.061","KILOGRAMO"
"2017-02-10T00:00:00.000","05","ANTIOQUIA","05854","VALDIVIA","0.045","KILOGRAMO"
"2017-02-10T00:00:00.000","76","VALLE DEL CAUCA","76122","CAICEDONIA","0.001","KILOGRAMO"
"2017-02-10T00:00:00.000","76","VALLE DEL CAUCA","76109","BUENAVENTURA","0.009","KILOGRAMO"
"2017-02-10T00:00:00.000","76","VALLE DEL CAUCA","76001","CALI","0.002","KILOGRAMO"
"2017-02-09T00:00:00.000","76","VALLE DEL CAUCA","76001","CALI","0.01","KILOGRAMO"
"2017-02-09T00:00:00.000","08","ATLANTICO","08001","BARRANQUILLA","2.527","KILOGRAMO"
"2017-02-09T00:00:00.000","52","NARIÑO","52356","IPIALES","0.98","KILOGRAMO"
"2017-02-09T00:00:00.000","76","VALLE DEL CAUCA","76109","BUENAVENTURA","0.002","KILOGRAMO"
"2017-02-08T00:00:00.000","76","VALLE DEL CAUCA","76001","CALI","0.014","KILOGRAMO"
"2017-02-07T00:00:00.000","76","VALLE DEL CAUCA","76001","CALI","0.006","KILOGRAMO"
"2017-02-06T00:00:00.000","76","VALLE DEL CAUCA","76001","CALI","0.028","KILOGRAMO"
"2017-02-06T00:00:00.000","05","ANTIOQUIA","05001","MEDELLIN","0.003","KILOGRAMO"
"2017-02-06T00:00:00.000","63","QUINDIO","63001","ARMENIA","0.001","KILOGRAMO"
"2017-02-05T00:00:00.000","76","VALLE DEL CAUCA","76364","JAMUNDI","0.01","KILOGRAMO"
"2017-02-04T00:00:00.000","05","ANTIOQUIA","05129","CALDAS","0.015","KILOGRAMO"
"2017-02-04T00:00:00.000","76","VALLE DEL CAUCA","76001","CALI","0.012","KILOGRAMO"
"2017-02-04T00:00:00.000","68","SANTANDER","68190","CIMITARRA","0.012","KILOGRAMO"
"2017-02-03T00:00:00.000","76","VALLE DEL CAUCA","76147","CARTAGO","0.001","KILOGRAMO"
"2017-02-03T00:00:00.000","05","ANTIOQUIA","05001","MEDELLIN","0.067","KILOGRAMO"
"2017-02-03T00:00:00.000","76","VALLE DEL CAUCA","76001","CALI","0.001","KILOGRAMO"
"2017-02-03T00:00:00.000","76","VALLE DEL CAUCA","76113","BUGALAGRANDE","1.055","KILOGRAMO"
"2017-02-02T00:00:00.000","76","VALLE DEL CAUCA","76845","ULLOA","0.001","KILOGRAMO"
"2017-02-02T00:00:00.000","08","ATLANTICO","08001","BARRANQUILLA","0.05","KILOGRAMO"
"2017-02-01T00:00:00.000","76","VALLE DEL CAUCA","76001","CALI","0.001","KILOGRAMO"
"2017-02-01T00:00:00.000","63","QUINDIO","63001","ARMENIA","0.001","KILOGRAMO"
"2017-01-31T00:00:00.000","05","ANTIOQUIA","05190","CISNEROS","0.003","KILOGRAMO"
"2017-01-31T00:00:00.000","76","VALLE DEL CAUCA","76001","CALI","0.017","KILOGRAMO"
"2017-01-31T00:00:00.000","76","VALLE DEL CAUCA","76111","GUADALAJARA DE BUGA","0.001","KILOGRAMO"
"2017-01-31T00:00:00.000","66","RISARALDA","66170","DOSQUEBRADAS","0.002","KILOGRAMO"
"2017-01-31T00:00:00.000","63","QUINDIO","63001","ARMENIA","0.015","KILOGRAMO"
"2017-01-30T00:00:00.000","76","VALLE DEL CAUCA","76111","GUADALAJARA DE BUGA","0.001","KILOGRAMO"
"2017-01-30T00:00:00.000","05","ANTIOQUIA","05001","MEDELLIN","0.01","KILOGRAMO"
"2017-01-30T00:00:00.000","54","NORTE DE SANTANDER","54001","CUCUTA","0.002","KILOGRAMO"
"2017-01-30T00:00:00.000","76","VALLE DEL CAUCA","76001","CALI","0.071","KILOGRAMO"
"2017-01-30T00:00:00.000","68","SANTANDER","68406","LEBRIJA","0.45","KILOGRAMO"
"2017-01-30T00:00:00.000","81","ARAUCA","81001","ARAUCA","0.002","KILOGRAMO"
"2017-01-30T00:00:00.000","05","ANTIOQUIA","05670","SAN ROQUE","0.004","KILOGRAMO"
"2017-01-29T00:00:00.000","05","ANTIOQUIA","05001","MEDELLIN","0.043","KILOGRAMO"
"2017-01-29T00:00:00.000","05","ANTIOQUIA","05045","APARTADO","0.59","KILOGRAMO"
"2017-01-28T00:00:00.000","52","NARIÑO","52001","PASTO","5","KILOGRAMO"
"2017-01-28T00:00:00.000","05","ANTIOQUIA","05001","MEDELLIN","0.005","KILOGRAMO"
"2017-01-28T00:00:00.000","76","VALLE DEL CAUCA","76001","CALI","0.01","KILOGRAMO"
"2017-01-27T00:00:00.000","76","VALLE DEL CAUCA","76001","CALI","0.024","KILOGRAMO"
"2017-01-27T00:00:00.000","20","CESAR","20011","AGUACHICA","0.01","KILOGRAMO"
"2017-01-27T00:00:00.000","05","ANTIOQUIA","05045","APARTADO","0.059","KILOGRAMO"
"2017-01-26T00:00:00.000","76","VALLE DEL CAUCA","76318","GUACARI","0.001","KILOGRAMO"
"2017-01-26T00:00:00.000","76","VALLE DEL CAUCA","76001","CALI","0.006","KILOGRAMO"
"2017-01-25T00:00:00.000","76","VALLE DEL CAUCA","76111","GUADALAJARA DE BUGA","0.002","KILOGRAMO"
"2017-01-24T00:00:00.000","76","VALLE DEL CAUCA","76001","CALI","0.009","KILOGRAMO"
"2017-01-24T00:00:00.000","52","NARIÑO","52356","IPIALES","3","KILOGRAMO"
"2017-01-24T00:00:00.000","63","QUINDIO","63001","ARMENIA","0.001","KILOGRAMO"
"2017-01-24T00:00:00.000","76","VALLE DEL CAUCA","76520","PALMIRA","13","KILOGRAMO"
"2017-01-23T00:00:00.000","05","ANTIOQUIA","05631","SABANETA","0.011","KILOGRAMO"
"2017-01-23T00:00:00.000","76","VALLE DEL CAUCA","76001","CALI","0.205","KILOGRAMO"
"2017-01-23T00:00:00.000","66","RISARALDA","66318","GUATICA","0.001","KILOGRAMO"
"2017-01-23T00:00:00.000","05","ANTIOQUIA","05042","SANTA FE DE ANTIOQUIA","0.001","KILOGRAMO"
"2017-01-22T00:00:00.000","20","CESAR","20614","RIO DE ORO","0.008","KILOGRAMO"
"2017-01-22T00:00:00.000","76","VALLE DEL CAUCA","76001","CALI","0.004","KILOGRAMO"
"2017-01-21T00:00:00.000","76","VALLE DEL CAUCA","76001","CALI","0.028","KILOGRAMO"
"2017-01-21T00:00:00.000","76","VALLE DEL CAUCA","76622","ROLDANILLO","0.001","KILOGRAMO"
"2017-01-21T00:00:00.000","08","ATLANTICO","08758","SOLEDAD","0.004","KILOGRAMO"
"2017-01-21T00:00:00.000","54","NORTE DE SANTANDER","54001","CUCUTA","0.003","KILOGRAMO"
"2017-01-20T00:00:00.000","76","VALLE DEL CAUCA","76001","CALI","0.002","KILOGRAMO"
"2017-01-20T00:00:00.000","63","QUINDIO","63001","ARMENIA","0.004","KILOGRAMO"
"2017-01-19T00:00:00.000","63","QUINDIO","63001","ARMENIA","0.032","KILOGRAMO"
"2017-01-19T00:00:00.000","66","RISARALDA","66001","PEREIRA","0.004","KILOGRAMO"
"2017-01-19T00:00:00.000","76","VALLE DEL CAUCA","76248","EL CERRITO","0.001","KILOGRAMO"
"2017-01-18T00:00:00.000","76","VALLE DEL CAUCA","76001","CALI","0.026","KILOGRAMO"
"2017-01-17T00:00:00.000","76","VALLE DEL CAUCA","76001","CALI","0.002","KILOGRAMO"
"2017-01-17T00:00:00.000","66","RISARALDA","66170","DOSQUEBRADAS","0.002","KILOGRAMO"
"2017-01-17T00:00:00.000","76","VALLE DEL CAUCA","76248","EL CERRITO","0.004","KILOGRAMO"
"2017-01-16T00:00:00.000","05","ANTIOQUIA","05854","VALDIVIA","0.002","KILOGRAMO"
"2017-01-16T00:00:00.000","76","VALLE DEL CAUCA","76041","ANSERMANUEVO","0.001","KILOGRAMO"
"2017-01-16T00:00:00.000","05","ANTIOQUIA","05001","MEDELLIN","0.026","KILOGRAMO"
"2017-01-16T00:00:00.000","66","RISARALDA","66170","DOSQUEBRADAS","2.403","KILOGRAMO"
"2017-01-15T00:00:00.000","76","VALLE DEL CAUCA","76248","EL CERRITO","0.002","KILOGRAMO"
"2017-01-14T00:00:00.000","76","VALLE DEL CAUCA","76248","EL CERRITO","0.002","KILOGRAMO"
"2017-01-14T00:00:00.000","52","NARIÑO","52835","SAN ANDRES DE TUMACO","5.58","KILOGRAMO"
"2017-01-14T00:00:00.000","11","BOGOTA D.C.","11001","BOGOTA D.C.","3.407","KILOGRAMO"
"2017-01-14T00:00:00.000","54","NORTE DE SANTANDER","54001","CUCUTA","0.003","KILOGRAMO"
"2017-01-13T00:00:00.000","76","VALLE DEL CAUCA","76248","EL CERRITO","0.002","KILOGRAMO"
"2017-01-13T00:00:00.000","76","VALLE DEL CAUCA","76041","ANSERMANUEVO","0.001","KILOGRAMO"
"2017-01-13T00:00:00.000","76","VALLE DEL CAUCA","76147","CARTAGO","0.005","KILOGRAMO"
"2017-01-13T00:00:00.000","76","VALLE DEL CAUCA","76001","CALI","0.121","KILOGRAMO"
"2017-01-12T00:00:00.000","54","NORTE DE SANTANDER","54001","CUCUTA","0.012","KILOGRAMO"
"2017-01-12T00:00:00.000","76","VALLE DEL CAUCA","76248","EL CERRITO","0.002","KILOGRAMO"
"2017-01-12T00:00:00.000","11","BOGOTA D.C.","11001","BOGOTA D.C.","1","KILOGRAMO"
"2017-01-12T00:00:00.000","76","VALLE DEL CAUCA","76001","CALI","0.001","KILOGRAMO"
"2017-01-11T00:00:00.000","76","VALLE DEL CAUCA","76001","CALI","0.004","KILOGRAMO"
"2017-01-11T00:00:00.000","76","VALLE DEL CAUCA","76041","ANSERMANUEVO","0.002","KILOGRAMO"
"2017-01-11T00:00:00.000","76","VALLE DEL CAUCA","76248","EL CERRITO","0.001","KILOGRAMO"
"2017-01-11T00:00:00.000","76","VALLE DEL CAUCA","76147","CARTAGO","0.001","KILOGRAMO"
"2017-01-10T00:00:00.000","66","RISARALDA","66170","DOSQUEBRADAS","0.005","KILOGRAMO"
"2017-01-10T00:00:00.000","08","ATLANTICO","08001","BARRANQUILLA","0.25","KILOGRAMO"
"2017-01-10T00:00:00.000","76","VALLE DEL CAUCA","76001","CALI","0.001","KILOGRAMO"
"2017-01-10T00:00:00.000","76","VALLE DEL CAUCA","76248","EL CERRITO","0.001","KILOGRAMO"
"2017-01-10T00:00:00.000","76","VALLE DEL CAUCA","76147","CARTAGO","0.004","KILOGRAMO"
"2017-01-09T00:00:00.000","76","VALLE DEL CAUCA","76001","CALI","0.003","KILOGRAMO"
"2017-01-09T00:00:00.000","54","NORTE DE SANTANDER","54001","CUCUTA","0.04","KILOGRAMO"
"2017-01-09T00:00:00.000","76","VALLE DEL CAUCA","76520","PALMIRA","0.004","KILOGRAMO"
"2017-01-09T00:00:00.000","20","CESAR","20001","VALLEDUPAR","0.001","KILOGRAMO"
"2017-01-08T00:00:00.000","05","ANTIOQUIA","05001","MEDELLIN","0.007","KILOGRAMO"
"2017-01-08T00:00:00.000","76","VALLE DEL CAUCA","76248","EL CERRITO","0.001","KILOGRAMO"
"2017-01-08T00:00:00.000","76","VALLE DEL CAUCA","76001","CALI","0.002","KILOGRAMO"
"2017-01-08T00:00:00.000","76","VALLE DEL CAUCA","76622","ROLDANILLO","0.001","KILOGRAMO"
"2017-01-07T00:00:00.000","76","VALLE DEL CAUCA","76248","EL CERRITO","0.004","KILOGRAMO"
"2017-01-07T00:00:00.000","76","VALLE DEL CAUCA","76001","CALI","0.065","KILOGRAMO"
"2017-01-07T00:00:00.000","54","NORTE DE SANTANDER","54874","VILLA DEL ROSARIO","0.003","KILOGRAMO"
"2017-01-07T00:00:00.000","66","RISARALDA","66088","BELEN DE UMBRIA","0.005","KILOGRAMO"
"2017-01-06T00:00:00.000","76","VALLE DEL CAUCA","76248","EL CERRITO","0.004","KILOGRAMO"
"2017-01-06T00:00:00.000","76","VALLE DEL CAUCA","76147","CARTAGO","0.001","KILOGRAMO"
"2017-01-05T00:00:00.000","76","VALLE DEL CAUCA","76248","EL CERRITO","0.004","KILOGRAMO"
"2017-01-05T00:00:00.000","76","VALLE DEL CAUCA","76001","CALI","0.001","KILOGRAMO"
"2017-01-05T00:00:00.000","76","VALLE DEL CAUCA","76147","CARTAGO","0.001","KILOGRAMO"
"2017-01-04T00:00:00.000","76","VALLE DEL CAUCA","76041","ANSERMANUEVO","0.002","KILOGRAMO"
"2017-01-04T00:00:00.000","76","VALLE DEL CAUCA","76248","EL CERRITO","0.004","KILOGRAMO"
"2017-01-03T00:00:00.000","76","VALLE DEL CAUCA","76248","EL CERRITO","0.002","KILOGRAMO"
"2017-01-02T00:00:00.000","76","VALLE DEL CAUCA","76041","ANSERMANUEVO","0.002","KILOGRAMO"
"2017-01-02T00:00:00.000","76","VALLE DEL CAUCA","76001","CALI","0.001","KILOGRAMO"
"2017-01-01T00:00:00.000","76","VALLE DEL CAUCA","76248","EL CERRITO","0.001","KILOGRAMO"
"2017-01-01T00:00:00.000","76","VALLE DEL CAUCA","76041","ANSERMANUEVO","0.001","KILOGRAMO"
"2016-12-31T00:00:00.000","76","VALLE DEL CAUCA","76248","EL CERRITO","0.002","KILOGRAMO"
"2016-12-30T00:00:00.000","76","VALLE DEL CAUCA","76248","EL CERRITO","0.002","KILOGRAMO"
"2016-12-29T00:00:00.000","76","VALLE DEL CAUCA","76001","CALI","0.032","KILOGRAMO"
"2016-12-29T00:00:00.000","76","VALLE DEL CAUCA","76248","EL CERRITO","0.001","KILOGRAMO"
"2016-12-28T00:00:00.000","76","VALLE DEL CAUCA","76248","EL CERRITO","0.001","KILOGRAMO"
"2016-12-27T00:00:00.000","76","VALLE DEL CAUCA","76248","EL CERRITO","0.001","KILOGRAMO"
"2016-12-26T00:00:00.000","76","VALLE DEL CAUCA","76248","EL CERRITO","0.001","KILOGRAMO"
"2016-12-24T00:00:00.000","76","VALLE DEL CAUCA","76622","ROLDANILLO","0.001","KILOGRAMO"
"2016-12-23T00:00:00.000","76","VALLE DEL CAUCA","76001","CALI","0.002","KILOGRAMO"
"2016-12-23T00:00:00.000","08","ATLANTICO","08001","BARRANQUILLA","0.03","KILOGRAMO"
"2016-12-22T00:00:00.000","05","ANTIOQUIA","05001","MEDELLIN","0.008","KILOGRAMO"
"2016-12-22T00:00:00.000","76","VALLE DEL CAUCA","76147","CARTAGO","0.004","KILOGRAMO"
"2016-12-21T00:00:00.000","76","VALLE DEL CAUCA","76622","ROLDANILLO","0.002","KILOGRAMO"
"2016-12-20T00:00:00.000","08","ATLANTICO","08001","BARRANQUILLA","0.03","KILOGRAMO"
"2016-12-20T00:00:00.000","76","VALLE DEL CAUCA","76248","EL CERRITO","0.001","KILOGRAMO"
"2016-12-19T00:00:00.000","76","VALLE DEL CAUCA","76248","EL CERRITO","0.001","KILOGRAMO"
"2016-12-19T00:00:00.000","76","VALLE DEL CAUCA","76001","CALI","0.001","KILOGRAMO"
"2016-12-18T00:00:00.000","76","VALLE DEL CAUCA","76248","EL CERRITO","0.001","KILOGRAMO"
"2016-12-17T00:00:00.000","76","VALLE DEL CAUCA","76147","CARTAGO","0.005","KILOGRAMO"
"2016-12-17T00:00:00.000","54","NORTE DE SANTANDER","54405","LOS PATIOS","0.002","KILOGRAMO"
"2016-12-17T00:00:00.000","76","VALLE DEL CAUCA","76248","EL CERRITO","0.002","KILOGRAMO"
"2016-12-16T00:00:00.000","76","VALLE DEL CAUCA","76248","EL CERRITO","0.002","KILOGRAMO"
"2016-12-16T00:00:00.000","76","VALLE DEL CAUCA","76001","CALI","0.019","KILOGRAMO"
"2016-12-16T00:00:00.000","08","ATLANTICO","08433","MALAMBO","0.001","KILOGRAMO"
"2016-12-15T00:00:00.000","76","VALLE DEL CAUCA","76001","CALI","0.003","KILOGRAMO"
"2016-12-15T00:00:00.000","76","VALLE DEL CAUCA","76248","EL CERRITO","0.001","KILOGRAMO"
"2016-12-14T00:00:00.000","76","VALLE DEL CAUCA","76147","CARTAGO","0.005","KILOGRAMO"
"2016-12-14T00:00:00.000","76","VALLE DEL CAUCA","76248","EL CERRITO","0.001","KILOGRAMO"
"2016-12-13T00:00:00.000","76","VALLE DEL CAUCA","76622","ROLDANILLO","0.001","KILOGRAMO"
"2016-12-13T00:00:00.000","66","RISARALDA","66001","PEREIRA","3","KILOGRAMO"
"2016-12-13T00:00:00.000","76","VALLE DEL CAUCA","76248","EL CERRITO","0.002","KILOGRAMO"
"2016-12-13T00:00:00.000","50","META","50001","VILLAVICENCIO","0.001","KILOGRAMO"
"2016-12-12T00:00:00.000","76","VALLE DEL CAUCA","76001","CALI","0.005","KILOGRAMO"
"2016-12-12T00:00:00.000","76","VALLE DEL CAUCA","76364","JAMUNDI","0.012","KILOGRAMO"
"2016-12-12T00:00:00.000","76","VALLE DEL CAUCA","76248","EL CERRITO","0.004","KILOGRAMO"
"2016-12-11T00:00:00.000","76","VALLE DEL CAUCA","76001","CALI","0.544","KILOGRAMO"
"2016-12-11T00:00:00.000","76","VALLE DEL CAUCA","76248","EL CERRITO","0.004","KILOGRAMO"
"2016-12-10T00:00:00.000","76","VALLE DEL CAUCA","76248","EL CERRITO","0.001","KILOGRAMO"
"2016-12-10T00:00:00.000","66","RISARALDA","66170","DOSQUEBRADAS","0.004","KILOGRAMO"
"2016-12-09T00:00:00.000","76","VALLE DEL CAUCA","76248","EL CERRITO","0.002","KILOGRAMO"
"2016-12-08T00:00:00.000","08","ATLANTICO","08001","BARRANQUILLA","0.056","KILOGRAMO"
"2016-12-08T00:00:00.000","08","ATLANTICO","08137","CAMPO DE LA CRUZ","0.003","KILOGRAMO"
"2016-12-08T00:00:00.000","66","RISARALDA","66001","PEREIRA","0.695","KILOGRAMO"
"2016-12-08T00:00:00.000","76","VALLE DEL CAUCA","76248","EL CERRITO","0.001","KILOGRAMO"
"2016-12-08T00:00:00.000","76","VALLE DEL CAUCA","76622","ROLDANILLO","0.001","KILOGRAMO"
"2016-12-07T00:00:00.000","76","VALLE DEL CAUCA","76248","EL CERRITO","0.001","KILOGRAMO"
"2016-12-06T00:00:00.000","76","VALLE DEL CAUCA","76248","EL CERRITO","0.002","KILOGRAMO"
"2016-12-05T00:00:00.000","76","VALLE DEL CAUCA","76248","EL CERRITO","0.004","KILOGRAMO"
"2016-12-04T00:00:00.000","63","QUINDIO","63001","ARMENIA","0.129","KILOGRAMO"
"2016-12-04T00:00:00.000","76","VALLE DEL CAUCA","76248","EL CERRITO","0.002","KILOGRAMO"
"2016-12-03T00:00:00.000","76","VALLE DEL CAUCA","76001","CALI","0.001","KILOGRAMO"
"2016-12-03T00:00:00.000","76","VALLE DEL CAUCA","76248","EL CERRITO","0.004","KILOGRAMO"
"2016-12-02T00:00:00.000","76","VALLE DEL CAUCA","76248","EL CERRITO","0.004","KILOGRAMO"
"2016-12-02T00:00:00.000","15","BOYACA","15001","TUNJA","0.008","KILOGRAMO"
"2016-12-02T00:00:00.000","66","RISARALDA","66170","DOSQUEBRADAS","0.301","KILOGRAMO"
"2016-12-01T00:00:00.000","76","VALLE DEL CAUCA","76248","EL CERRITO","0.004","KILOGRAMO"
"2016-11-29T00:00:00.000","63","QUINDIO","63001","ARMENIA","0.001","KILOGRAMO"
"2016-11-29T00:00:00.000","76","VALLE DEL CAUCA","76001","CALI","0.002","KILOGRAMO"
"2016-11-29T00:00:00.000","76","VALLE DEL CAUCA","76147","CARTAGO","0.002","KILOGRAMO"
"2016-11-29T00:00:00.000","76","VALLE DEL CAUCA","76248","EL CERRITO","0.004","KILOGRAMO"
"2016-11-27T00:00:00.000","76","VALLE DEL CAUCA","76248","EL CERRITO","0.001","KILOGRAMO"
"2016-11-26T00:00:00.000","76","VALLE DEL CAUCA","76001","CALI","0.009","KILOGRAMO"
"2016-11-26T00:00:00.000","81","ARAUCA","81001","ARAUCA","0.045","KILOGRAMO"
"2016-11-26T00:00:00.000","76","VALLE DEL CAUCA","76111","GUADALAJARA DE BUGA","0.002","KILOGRAMO"
"2016-11-26T00:00:00.000","76","VALLE DEL CAUCA","76248","EL CERRITO","0.002","KILOGRAMO"
"2016-11-25T00:00:00.000","76","VALLE DEL CAUCA","76122","CAICEDONIA","0.003","KILOGRAMO"
"2016-11-25T00:00:00.000","08","ATLANTICO","08001","BARRANQUILLA","0.02","KILOGRAMO"
"2016-11-25T00:00:00.000","76","VALLE DEL CAUCA","76248","EL CERRITO","0.002","KILOGRAMO"
"2016-11-24T00:00:00.000","76","VALLE DEL CAUCA","76111","GUADALAJARA DE BUGA","3.08","KILOGRAMO"
"2016-11-24T00:00:00.000","76","VALLE DEL CAUCA","76248","EL CERRITO","0.001","KILOGRAMO"
"2016-11-24T00:00:00.000","76","VALLE DEL CAUCA","76122","CAICEDONIA","0.006","KILOGRAMO"
"2016-11-23T00:00:00.000","76","VALLE DEL CAUCA","76248","EL CERRITO","0.002","KILOGRAMO"
"2016-11-23T00:00:00.000","76","VALLE DEL CAUCA","76001","CALI","0.074","KILOGRAMO"
"2016-11-22T00:00:00.000","66","RISARALDA","66170","DOSQUEBRADAS","0.003","KILOGRAMO"
"2016-11-22T00:00:00.000","63","QUINDIO","63001","ARMENIA","0.007","KILOGRAMO"
"2016-11-22T00:00:00.000","76","VALLE DEL CAUCA","76248","EL CERRITO","0.004","KILOGRAMO"
"2016-11-21T00:00:00.000","76","VALLE DEL CAUCA","76248","EL CERRITO","0.001","KILOGRAMO"
"2016-11-20T00:00:00.000","76","VALLE DEL CAUCA","76248","EL CERRITO","0.002","KILOGRAMO"
"2016-11-20T00:00:00.000","76","VALLE DEL CAUCA","76622","ROLDANILLO","0.001","KILOGRAMO"
"2016-11-20T00:00:00.000","08","ATLANTICO","08001","BARRANQUILLA","0.02","KILOGRAMO"
"2016-11-19T00:00:00.000","76","VALLE DEL CAUCA","76248","EL CERRITO","0.002","KILOGRAMO"
"2016-11-19T00:00:00.000","08","ATLANTICO","08001","BARRANQUILLA","0.01","KILOGRAMO"
"2016-11-18T00:00:00.000","52","NARIÑO","52001","PASTO","7.8","KILOGRAMO"
"2016-11-18T00:00:00.000","76","VALLE DEL CAUCA","76248","EL CERRITO","0.002","KILOGRAMO"
"2016-11-17T00:00:00.000","76","VALLE DEL CAUCA","76248","EL CERRITO","0.001","KILOGRAMO"
"2016-11-17T00:00:00.000","08","ATLANTICO","08001","BARRANQUILLA","0.03","KILOGRAMO"
"2016-11-17T00:00:00.000","76","VALLE DEL CAUCA","76147","CARTAGO","0.015","KILOGRAMO"
"2016-11-17T00:00:00.000","54","NORTE DE SANTANDER","54001","CUCUTA","0.113","KILOGRAMO"
"2016-11-16T00:00:00.000","20","CESAR","20001","VALLEDUPAR","0.001","KILOGRAMO"
"2016-11-16T00:00:00.000","76","VALLE DEL CAUCA","76248","EL CERRITO","0.002","KILOGRAMO"
"2016-11-15T00:00:00.000","76","VALLE DEL CAUCA","76113","BUGALAGRANDE","0.002","KILOGRAMO"
"2016-11-15T00:00:00.000","08","ATLANTICO","08001","BARRANQUILLA","0.03","KILOGRAMO"
"2016-11-15T00:00:00.000","76","VALLE DEL CAUCA","76248","EL CERRITO","0.001","KILOGRAMO"
"2016-11-14T00:00:00.000","76","VALLE DEL CAUCA","76248","EL CERRITO","0.002","KILOGRAMO"
"2016-11-13T00:00:00.000","76","VALLE DEL CAUCA","76622","ROLDANILLO","0.001","KILOGRAMO"
"2016-11-13T00:00:00.000","76","VALLE DEL CAUCA","76248","EL CERRITO","0.004","KILOGRAMO"
"2016-11-12T00:00:00.000","76","VALLE DEL CAUCA","76248","EL CERRITO","0.004","KILOGRAMO"
"2016-11-11T00:00:00.000","76","VALLE DEL CAUCA","76248","EL CERRITO","0.002","KILOGRAMO"
"2016-11-11T00:00:00.000","05","ANTIOQUIA","05001","MEDELLIN","0.04","KILOGRAMO"
"2016-11-10T00:00:00.000","76","VALLE DEL CAUCA","76126","CALIMA","0.001","KILOGRAMO"
"2016-11-10T00:00:00.000","76","VALLE DEL CAUCA","76248","EL CERRITO","0.001","KILOGRAMO"
"2016-11-09T00:00:00.000","76","VALLE DEL CAUCA","76147","CARTAGO","0.01","KILOGRAMO"
"2016-11-09T00:00:00.000","05","ANTIOQUIA","05034","ANDES","0.001","KILOGRAMO"
"2016-11-09T00:00:00.000","76","VALLE DEL CAUCA","76248","EL CERRITO","0.001","KILOGRAMO"
"2016-11-08T00:00:00.000","76","VALLE DEL CAUCA","76248","EL CERRITO","0.003","KILOGRAMO"
"2016-11-08T00:00:00.000","76","VALLE DEL CAUCA","76622","ROLDANILLO","0.005","KILOGRAMO"
"2016-11-08T00:00:00.000","76","VALLE DEL CAUCA","76147","CARTAGO","0.007","KILOGRAMO"
"2016-11-07T00:00:00.000","76","VALLE DEL CAUCA","76248","EL CERRITO","0.001","KILOGRAMO"
"2016-11-06T00:00:00.000","76","VALLE DEL CAUCA","76248","EL CERRITO","0.002","KILOGRAMO"
"2016-11-06T00:00:00.000","08","ATLANTICO","08001","BARRANQUILLA","0.03","KILOGRAMO"
"2016-11-05T00:00:00.000","76","VALLE DEL CAUCA","76248","EL CERRITO","0.002","KILOGRAMO"
"2016-11-05T00:00:00.000","08","ATLANTICO","08001","BARRANQUILLA","0.05","KILOGRAMO"
"2016-11-04T00:00:00.000","76","VALLE DEL CAUCA","76736","SEVILLA","0.004","KILOGRAMO"
"2016-11-04T00:00:00.000","76","VALLE DEL CAUCA","76248","EL CERRITO","0.002","KILOGRAMO"
"2016-11-04T00:00:00.000","76","VALLE DEL CAUCA","76147","CARTAGO","0.003","KILOGRAMO"
"2016-11-03T00:00:00.000","54","NORTE DE SANTANDER","54001","CUCUTA","0.015","KILOGRAMO"
"2016-11-03T00:00:00.000","76","VALLE DEL CAUCA","76147","CARTAGO","0.005","KILOGRAMO"
"2016-11-03T00:00:00.000","05","ANTIOQUIA","05001","MEDELLIN","0.055","KILOGRAMO"
"2016-11-03T00:00:00.000","76","VALLE DEL CAUCA","76248","EL CERRITO","0.002","KILOGRAMO"
"2016-11-02T00:00:00.000","76","VALLE DEL CAUCA","76147","CARTAGO","0.011","KILOGRAMO"
"2016-11-02T00:00:00.000","76","VALLE DEL CAUCA","76248","EL CERRITO","0.002","KILOGRAMO"
"2016-11-02T00:00:00.000","76","VALLE DEL CAUCA","76622","ROLDANILLO","0.002","KILOGRAMO"
"2016-11-01T00:00:00.000","76","VALLE DEL CAUCA","76248","EL CERRITO","0.001","KILOGRAMO"
"2016-11-01T00:00:00.000","66","RISARALDA","66170","DOSQUEBRADAS","0.002","KILOGRAMO"
"2016-11-01T00:00:00.000","76","VALLE DEL CAUCA","76622","ROLDANILLO","0.001","KILOGRAMO"
"2016-10-31T00:00:00.000","76","VALLE DEL CAUCA","76736","SEVILLA","0.005","KILOGRAMO"
"2016-10-31T00:00:00.000","76","VALLE DEL CAUCA","76248","EL CERRITO","0.001","KILOGRAMO"
"2016-10-31T00:00:00.000","76","VALLE DEL CAUCA","76147","CARTAGO","0.001","KILOGRAMO"
"2016-10-30T00:00:00.000","08","ATLANTICO","08770","SUAN","0.001","KILOGRAMO"
"2016-10-30T00:00:00.000","76","VALLE DEL CAUCA","76001","CALI","0.002","KILOGRAMO"
"2016-10-30T00:00:00.000","76","VALLE DEL CAUCA","76248","EL CERRITO","0.002","KILOGRAMO"
"2016-10-29T00:00:00.000","66","RISARALDA","66001","PEREIRA","0.095","KILOGRAMO"
"2016-10-29T00:00:00.000","76","VALLE DEL CAUCA","76622","ROLDANILLO","0.007","KILOGRAMO"
"2016-10-29T00:00:00.000","76","VALLE DEL CAUCA","76248","EL CERRITO","0.002","KILOGRAMO"
"2016-10-28T00:00:00.000","76","VALLE DEL CAUCA","76248","EL CERRITO","0.001","KILOGRAMO"
"2016-10-28T00:00:00.000","25","CUNDINAMARCA","25168","CHAGUANI","0.002","KILOGRAMO"
"2016-10-28T00:00:00.000","76","VALLE DEL CAUCA","76001","CALI","0.002","KILOGRAMO"
"2016-10-27T00:00:00.000","76","VALLE DEL CAUCA","76622","ROLDANILLO","0.006","KILOGRAMO"
"2016-10-27T00:00:00.000","76","VALLE DEL CAUCA","76248","EL CERRITO","0.002","KILOGRAMO"
"2016-10-26T00:00:00.000","76","VALLE DEL CAUCA","76113","BUGALAGRANDE","0.012","KILOGRAMO"
"2016-10-26T00:00:00.000","76","VALLE DEL CAUCA","76248","EL CERRITO","0.002","KILOGRAMO"
"2016-10-26T00:00:00.000","54","NORTE DE SANTANDER","54001","CUCUTA","0.002","KILOGRAMO"
"2016-10-26T00:00:00.000","76","VALLE DEL CAUCA","76622","ROLDANILLO","0.002","KILOGRAMO"
"2016-10-26T00:00:00.000","19","CAUCA","19698","SANTANDER DE QUILICHAO","0.009","KILOGRAMO"
"2016-10-25T00:00:00.000","66","RISARALDA","66001","PEREIRA","0.002","KILOGRAMO"
"2016-10-25T00:00:00.000","76","VALLE DEL CAUCA","76248","EL CERRITO","0.002","KILOGRAMO"
"2016-10-25T00:00:00.000","19","CAUCA","19698","SANTANDER DE QUILICHAO","0.004","KILOGRAMO"
"2016-10-24T00:00:00.000","63","QUINDIO","63001","ARMENIA","0.003","KILOGRAMO"
"2016-10-24T00:00:00.000","76","VALLE DEL CAUCA","76622","ROLDANILLO","0.003","KILOGRAMO"
"2016-10-24T00:00:00.000","76","VALLE DEL CAUCA","76147","CARTAGO","0.004","KILOGRAMO"
"2016-10-23T00:00:00.000","76","VALLE DEL CAUCA","76622","ROLDANILLO","0.002","KILOGRAMO"
"2016-10-23T00:00:00.000","25","CUNDINAMARCA","25126","CAJICA","0.002","KILOGRAMO"
"2016-10-23T00:00:00.000","54","NORTE DE SANTANDER","54001","CUCUTA","0.01","KILOGRAMO"
"2016-10-23T00:00:00.000","76","VALLE DEL CAUCA","76001","CALI","0.002","KILOGRAMO"
"2016-10-22T00:00:00.000","76","VALLE DEL CAUCA","76248","EL CERRITO","0.001","KILOGRAMO"
"2016-10-22T00:00:00.000","76","VALLE DEL CAUCA","76001","CALI","0.036","KILOGRAMO"
"2016-10-21T00:00:00.000","76","VALLE DEL CAUCA","76248","EL CERRITO","0.002","KILOGRAMO"
"2016-10-21T00:00:00.000","66","RISARALDA","66170","DOSQUEBRADAS","0.013","KILOGRAMO"
"2016-10-21T00:00:00.000","76","VALLE DEL CAUCA","76622","ROLDANILLO","0.002","KILOGRAMO"
"2016-10-21T00:00:00.000","05","ANTIOQUIA","05001","MEDELLIN","0.02","KILOGRAMO"
"2016-10-20T00:00:00.000","66","RISARALDA","66170","DOSQUEBRADAS","0.002","KILOGRAMO"
"2016-10-20T00:00:00.000","76","VALLE DEL CAUCA","76248","EL CERRITO","0.002","KILOGRAMO"
"2016-10-20T00:00:00.000","08","ATLANTICO","08001","BARRANQUILLA","0.015","KILOGRAMO"
"2016-10-20T00:00:00.000","76","VALLE DEL CAUCA","76622","ROLDANILLO","0.001","KILOGRAMO"
"2016-10-19T00:00:00.000","25","CUNDINAMARCA","25099","BOJACA","0.005","KILOGRAMO"
"2016-10-19T00:00:00.000","25","CUNDINAMARCA","25754","SOACHA","0.002","KILOGRAMO"
"2016-10-19T00:00:00.000","76","VALLE DEL CAUCA","76248","EL CERRITO","0.001","KILOGRAMO"
"2016-10-19T00:00:00.000","52","NARIÑO","52356","IPIALES","6.86","KILOGRAMO"
"2016-10-19T00:00:00.000","52","NARIÑO","52019","ALBAN","0.002","KILOGRAMO"
"2016-10-18T00:00:00.000","76","VALLE DEL CAUCA","76147","CARTAGO","0.001","KILOGRAMO"
"2016-10-18T00:00:00.000","76","VALLE DEL CAUCA","76248","EL CERRITO","0.001","KILOGRAMO"
"2016-10-18T00:00:00.000","73","TOLIMA","73001","IBAGUE","0.006","KILOGRAMO"
"2016-10-17T00:00:00.000","76","VALLE DEL CAUCA","76248","EL CERRITO","0.002","KILOGRAMO"
"2016-10-17T00:00:00.000","76","VALLE DEL CAUCA","76147","CARTAGO","0.022","KILOGRAMO"
"2016-10-17T00:00:00.000","05","ANTIOQUIA","05001","MEDELLIN","0.02","KILOGRAMO"
"2016-10-16T00:00:00.000","76","VALLE DEL CAUCA","76248","EL CERRITO","0.004","KILOGRAMO"
"2016-10-16T00:00:00.000","76","VALLE DEL CAUCA","76001","CALI","0.001","KILOGRAMO"
"2016-10-15T00:00:00.000","76","VALLE DEL CAUCA","76248","EL CERRITO","0.002","KILOGRAMO"
"2016-10-15T00:00:00.000","76","VALLE DEL CAUCA","76001","CALI","0.002","KILOGRAMO"
"2016-10-14T00:00:00.000","76","VALLE DEL CAUCA","76248","EL CERRITO","0.002","KILOGRAMO"
"2016-10-14T00:00:00.000","54","NORTE DE SANTANDER","54405","LOS PATIOS","0.548","KILOGRAMO"
"2016-10-14T00:00:00.000","11","BOGOTA D.C.","11001","BOGOTA D.C.","0.002","KILOGRAMO"
"2016-10-14T00:00:00.000","76","VALLE DEL CAUCA","76001","CALI","0.002","KILOGRAMO"
"2016-10-13T00:00:00.000","76","VALLE DEL CAUCA","76248","EL CERRITO","0.002","KILOGRAMO"
"2016-10-13T00:00:00.000","05","ANTIOQUIA","05376","LA CEJA","0.006","KILOGRAMO"
"2016-10-13T00:00:00.000","76","VALLE DEL CAUCA","76001","CALI","0.024","KILOGRAMO"
"2016-10-13T00:00:00.000","11","BOGOTA D.C.","11001","BOGOTA D.C.","0.5442","KILOGRAMO"
"2016-10-13T00:00:00.000","05","ANTIOQUIA","05001","MEDELLIN","0.008","KILOGRAMO"
"2016-10-12T00:00:00.000","76","VALLE DEL CAUCA","76001","CALI","0.001","KILOGRAMO"
"2016-10-12T00:00:00.000","76","VALLE DEL CAUCA","76248","EL CERRITO","0.001","KILOGRAMO"
"2016-10-11T00:00:00.000","76","VALLE DEL CAUCA","76001","CALI","0.002","KILOGRAMO"
"2016-10-11T00:00:00.000","76","VALLE DEL CAUCA","76248","EL CERRITO","0.004","KILOGRAMO"
"2016-10-11T00:00:00.000","68","SANTANDER","68406","LEBRIJA","0.308","KILOGRAMO"
"2016-10-11T00:00:00.000","76","VALLE DEL CAUCA","76147","CARTAGO","0.012","KILOGRAMO"
"2016-10-10T00:00:00.000","76","VALLE DEL CAUCA","76001","CALI","0.006","KILOGRAMO"
"2016-10-10T00:00:00.000","76","VALLE DEL CAUCA","76248","EL CERRITO","0.001","KILOGRAMO"
"2016-10-09T00:00:00.000","05","ANTIOQUIA","05001","MEDELLIN","0.05","KILOGRAMO"
"2016-10-09T00:00:00.000","76","VALLE DEL CAUCA","76147","CARTAGO","0.003","KILOGRAMO"
"2016-10-09T00:00:00.000","76","VALLE DEL CAUCA","76248","EL CERRITO","0.002","KILOGRAMO"
"2016-10-09T00:00:00.000","19","CAUCA","19573","PUERTO TEJADA","0.001","KILOGRAMO"
"2016-10-08T00:00:00.000","66","RISARALDA","66170","DOSQUEBRADAS","0.002","KILOGRAMO"
"2016-10-08T00:00:00.000","76","VALLE DEL CAUCA","76622","ROLDANILLO","0.001","KILOGRAMO"
"2016-10-08T00:00:00.000","76","VALLE DEL CAUCA","76248","EL CERRITO","0.002","KILOGRAMO"
"2016-10-08T00:00:00.000","76","VALLE DEL CAUCA","76001","CALI","0.001","KILOGRAMO"
"2016-10-07T00:00:00.000","76","VALLE DEL CAUCA","76248","EL CERRITO","0.001","KILOGRAMO"
"2016-10-06T00:00:00.000","63","QUINDIO","63001","ARMENIA","0.001","KILOGRAMO"
"2016-10-06T00:00:00.000","76","VALLE DEL CAUCA","76248","EL CERRITO","0.002","KILOGRAMO"
"2016-10-06T00:00:00.000","76","VALLE DEL CAUCA","76001","CALI","0.002","KILOGRAMO"
"2016-10-05T00:00:00.000","76","VALLE DEL CAUCA","76248","EL CERRITO","0.001","KILOGRAMO"
"2016-10-05T00:00:00.000","76","VALLE DEL CAUCA","76001","CALI","0.004","KILOGRAMO"
"2016-10-05T00:00:00.000","08","ATLANTICO","08638","SABANALARGA","0.007","KILOGRAMO"
"2016-10-04T00:00:00.000","76","VALLE DEL CAUCA","76248","EL CERRITO","0.002","KILOGRAMO"
"2016-10-04T00:00:00.000","76","VALLE DEL CAUCA","76364","JAMUNDI","0.002","KILOGRAMO"
"2016-10-04T00:00:00.000","52","NARIÑO","52001","PASTO","1.409","KILOGRAMO"
"2016-10-04T00:00:00.000","76","VALLE DEL CAUCA","76001","CALI","0.002","KILOGRAMO"
"2016-10-04T00:00:00.000","66","RISARALDA","66170","DOSQUEBRADAS","0.012","KILOGRAMO"
"2016-10-03T00:00:00.000","76","VALLE DEL CAUCA","76248","EL CERRITO","0.004","KILOGRAMO"
"2016-10-03T00:00:00.000","76","VALLE DEL CAUCA","76622","ROLDANILLO","0.001","KILOGRAMO"
"2016-10-03T00:00:00.000","08","ATLANTICO","08421","LURUACO","0.001","KILOGRAMO"
"2016-10-03T00:00:00.000","76","VALLE DEL CAUCA","76736","SEVILLA","0.004","KILOGRAMO"
"2016-10-02T00:00:00.000","76","VALLE DEL CAUCA","76147","CARTAGO","0.005","KILOGRAMO"
"2016-10-02T00:00:00.000","76","VALLE DEL CAUCA","76001","CALI","0.002","KILOGRAMO"
"2016-10-02T00:00:00.000","66","RISARALDA","66170","DOSQUEBRADAS","0.44","KILOGRAMO"
"2016-10-02T00:00:00.000","76","VALLE DEL CAUCA","76248","EL CERRITO","0.001","KILOGRAMO"
"2016-10-02T00:00:00.000","76","VALLE DEL CAUCA","76622","ROLDANILLO","0.002","KILOGRAMO"
"2016-10-01T00:00:00.000","76","VALLE DEL CAUCA","76001","CALI","0.001","KILOGRAMO"
"2016-10-01T00:00:00.000","63","QUINDIO","63001","ARMENIA","0.218","KILOGRAMO"
"2016-10-01T00:00:00.000","52","NARIÑO","52585","PUPIALES","16.35","KILOGRAMO"
"2016-10-01T00:00:00.000","08","ATLANTICO","08634","SABANAGRANDE","0.004","KILOGRAMO"
"2016-10-01T00:00:00.000","20","CESAR","20383","LA GLORIA","0.012","KILOGRAMO"
"2016-09-30T00:00:00.000","76","VALLE DEL CAUCA","76113","BUGALAGRANDE","0.005","KILOGRAMO"
"2016-09-30T00:00:00.000","76","VALLE DEL CAUCA","76147","CARTAGO","0.013","KILOGRAMO"
"2016-09-30T00:00:00.000","76","VALLE DEL CAUCA","76001","CALI","0.011","KILOGRAMO"
"2016-09-30T00:00:00.000","76","VALLE DEL CAUCA","76248","EL CERRITO","0.001","KILOGRAMO"
"2016-09-29T00:00:00.000","54","NORTE DE SANTANDER","54001","CUCUTA","0.019","KILOGRAMO"
"2016-09-29T00:00:00.000","76","VALLE DEL CAUCA","76001","CALI","0.002","KILOGRAMO"
"2016-09-28T00:00:00.000","76","VALLE DEL CAUCA","76248","EL CERRITO","0.002","KILOGRAMO"
"2016-09-28T00:00:00.000","76","VALLE DEL CAUCA","76520","PALMIRA","3","KILOGRAMO"
"2016-09-27T00:00:00.000","76","VALLE DEL CAUCA","76001","CALI","0.001","KILOGRAMO"
"2016-09-26T00:00:00.000","05","ANTIOQUIA","05001","MEDELLIN","0.105","KILOGRAMO"
"2016-09-26T00:00:00.000","76","VALLE DEL CAUCA","76001","CALI","0.002","KILOGRAMO"
"2016-09-26T00:00:00.000","76","VALLE DEL CAUCA","76126","CALIMA","0.002","KILOGRAMO"
"2016-09-26T00:00:00.000","76","VALLE DEL CAUCA","76248","EL CERRITO","0.001","KILOGRAMO"
"2016-09-26T00:00:00.000","11","BOGOTA D.C.","11001","BOGOTA D.C.","0.035","KILOGRAMO"
"2016-09-25T00:00:00.000","76","VALLE DEL CAUCA","76001","CALI","0.001","KILOGRAMO"
"2016-09-24T00:00:00.000","76","VALLE DEL CAUCA","76248","EL CERRITO","0.002","KILOGRAMO"
"2016-09-24T00:00:00.000","76","VALLE DEL CAUCA","76111","GUADALAJARA DE BUGA","0.002","KILOGRAMO"
"2016-09-24T00:00:00.000","76","VALLE DEL CAUCA","76001","CALI","0.002","KILOGRAMO"
"2016-09-24T00:00:00.000","08","ATLANTICO","08573","PUERTO COLOMBIA","0.001","KILOGRAMO"
"2016-09-23T00:00:00.000","11","BOGOTA D.C.","11001","BOGOTA D.C.","0.01","KILOGRAMO"
"2016-09-23T00:00:00.000","76","VALLE DEL CAUCA","76001","CALI","0.001","KILOGRAMO"
"2016-09-22T00:00:00.000","76","VALLE DEL CAUCA","76001","CALI","0.004","KILOGRAMO"
"2016-09-21T00:00:00.000","76","VALLE DEL CAUCA","76248","EL CERRITO","0.001","KILOGRAMO"
"2016-09-21T00:00:00.000","76","VALLE DEL CAUCA","76001","CALI","0.001","KILOGRAMO"
"2016-09-21T00:00:00.000","05","ANTIOQUIA","05001","MEDELLIN","0.089","KILOGRAMO"
"2016-09-20T00:00:00.000","05","ANTIOQUIA","05001","MEDELLIN","2.79","KILOGRAMO"
"2016-09-20T00:00:00.000","76","VALLE DEL CAUCA","76001","CALI","0.082","KILOGRAMO"
"2016-09-20T00:00:00.000","11","BOGOTA D.C.","11001","BOGOTA D.C.","2","KILOGRAMO"
"2016-09-19T00:00:00.000","20","CESAR","20001","VALLEDUPAR","0.001","KILOGRAMO"
"2016-09-19T00:00:00.000","76","VALLE DEL CAUCA","76001","CALI","0.001","KILOGRAMO"
"2016-09-18T00:00:00.000","52","NARIÑO","52435","MALLAMA","6","KILOGRAMO"
"2016-09-18T00:00:00.000","05","ANTIOQUIA","05042","SANTA FE DE ANTIOQUIA","0.035","KILOGRAMO"
"2016-09-18T00:00:00.000","76","VALLE DEL CAUCA","76147","CARTAGO","0.006","KILOGRAMO"
"2016-09-18T00:00:00.000","76","VALLE DEL CAUCA","76111","GUADALAJARA DE BUGA","0.002","KILOGRAMO"
"2016-09-18T00:00:00.000","76","VALLE DEL CAUCA","76001","CALI","0.003","KILOGRAMO"
"2016-09-18T00:00:00.000","05","ANTIOQUIA","05591","PUERTO TRIUNFO","0.103","KILOGRAMO"
"2016-09-17T00:00:00.000","76","VALLE DEL CAUCA","76001","CALI","0.001","KILOGRAMO"
"2016-09-17T00:00:00.000","76","VALLE DEL CAUCA","76100","BOLIVAR","0.001","KILOGRAMO"
"2016-09-16T00:00:00.000","76","VALLE DEL CAUCA","76233","DAGUA","0.003","KILOGRAMO"
"2016-09-16T00:00:00.000","76","VALLE DEL CAUCA","76001","CALI","0.003","KILOGRAMO"
"2016-09-15T00:00:00.000","20","CESAR","20001","VALLEDUPAR","0.001","KILOGRAMO"
"2016-09-15T00:00:00.000","76","VALLE DEL CAUCA","76001","CALI","0.002","KILOGRAMO"
"2016-09-14T00:00:00.000","20","CESAR","20001","VALLEDUPAR","0.001","KILOGRAMO"
"2016-09-14T00:00:00.000","76","VALLE DEL CAUCA","76246","EL CAIRO","0.003","KILOGRAMO"
"2016-09-14T00:00:00.000","76","VALLE DEL CAUCA","76892","YUMBO","4.429","KILOGRAMO"
"2016-09-14T00:00:00.000","08","ATLANTICO","08001","BARRANQUILLA","0.26","KILOGRAMO"
"2016-09-13T00:00:00.000","11","BOGOTA D.C.","11001","BOGOTA D.C.","0.105","KILOGRAMO"
"2016-09-13T00:00:00.000","54","NORTE DE SANTANDER","54001","CUCUTA","0.03","KILOGRAMO"
"2016-09-13T00:00:00.000","76","VALLE DEL CAUCA","76001","CALI","0.004","KILOGRAMO"
"2016-09-12T00:00:00.000","08","ATLANTICO","08001","BARRANQUILLA","0.015","KILOGRAMO"
"2016-09-12T00:00:00.000","76","VALLE DEL CAUCA","76248","EL CERRITO","0.002","KILOGRAMO"
"2016-09-11T00:00:00.000","76","VALLE DEL CAUCA","76622","ROLDANILLO","0.001","KILOGRAMO"
"2016-09-11T00:00:00.000","66","RISARALDA","66001","PEREIRA","0.004","KILOGRAMO"
"2016-09-11T00:00:00.000","54","NORTE DE SANTANDER","54001","CUCUTA","0.002","KILOGRAMO"
"2016-09-11T00:00:00.000","76","VALLE DEL CAUCA","76001","CALI","0.002","KILOGRAMO"
"2016-09-10T00:00:00.000","52","NARIÑO","52838","TUQUERRES","0.008","KILOGRAMO"
"2016-09-10T00:00:00.000","20","CESAR","20001","VALLEDUPAR","0.001","KILOGRAMO"
"2016-09-10T00:00:00.000","76","VALLE DEL CAUCA","76001","CALI","0.002","KILOGRAMO"
"2016-09-10T00:00:00.000","08","ATLANTICO","08001","BARRANQUILLA","0.049","KILOGRAMO"
"2016-09-09T00:00:00.000","08","ATLANTICO","08001","BARRANQUILLA","0.055","KILOGRAMO"
"2016-09-09T00:00:00.000","76","VALLE DEL CAUCA","76001","CALI","0.005","KILOGRAMO"
"2016-09-09T00:00:00.000","05","ANTIOQUIA","05001","MEDELLIN","0.022","KILOGRAMO"
"2016-09-09T00:00:00.000","76","VALLE DEL CAUCA","76233","DAGUA","1.02","KILOGRAMO"
"2016-09-08T00:00:00.000","76","VALLE DEL CAUCA","76890","YOTOCO","1.4","KILOGRAMO"
"2016-09-08T00:00:00.000","76","VALLE DEL CAUCA","76001","CALI","0.002","KILOGRAMO"
"2016-09-08T00:00:00.000","05","ANTIOQUIA","05129","CALDAS","0.01","KILOGRAMO"
"2016-09-08T00:00:00.000","08","ATLANTICO","08001","BARRANQUILLA","0.03","KILOGRAMO"
"2016-09-08T00:00:00.000","81","ARAUCA","81001","ARAUCA","0.003","KILOGRAMO"
"2016-09-08T00:00:00.000","20","CESAR","20001","VALLEDUPAR","0.001","KILOGRAMO"
"2016-09-08T00:00:00.000","05","ANTIOQUIA","05001","MEDELLIN","0.029","KILOGRAMO"
"2016-09-07T00:00:00.000","20","CESAR","20001","VALLEDUPAR","0.002","KILOGRAMO"
"2016-09-07T00:00:00.000","76","VALLE DEL CAUCA","76001","CALI","0.005","KILOGRAMO"
"2016-09-07T00:00:00.000","76","VALLE DEL CAUCA","76622","ROLDANILLO","0.001","KILOGRAMO"
"2016-09-06T00:00:00.000","19","CAUCA","19698","SANTANDER DE QUILICHAO","0.015","KILOGRAMO"
"2016-09-06T00:00:00.000","76","VALLE DEL CAUCA","76001","CALI","0.001","KILOGRAMO"
"2016-09-06T00:00:00.000","08","ATLANTICO","08001","BARRANQUILLA","0.031","KILOGRAMO"
"2016-09-05T00:00:00.000","54","NORTE DE SANTANDER","54001","CUCUTA","0.0052","KILOGRAMO"
"2016-09-05T00:00:00.000","76","VALLE DEL CAUCA","76001","CALI","0.002","KILOGRAMO"
"2016-09-04T00:00:00.000","76","VALLE DEL CAUCA","76001","CALI","0.001","KILOGRAMO"
"2016-09-04T00:00:00.000","05","ANTIOQUIA","05001","MEDELLIN","0.05","KILOGRAMO"
"2016-09-04T00:00:00.000","52","NARIÑO","52356","IPIALES","15.721","KILOGRAMO"
"2016-09-03T00:00:00.000","76","VALLE DEL CAUCA","76001","CALI","0.005","KILOGRAMO"
"2016-09-03T00:00:00.000","52","NARIÑO","52378","LA CRUZ","0.165","KILOGRAMO"
"2016-09-02T00:00:00.000","76","VALLE DEL CAUCA","76001","CALI","0.027","KILOGRAMO"
"2016-09-01T00:00:00.000","76","VALLE DEL CAUCA","76126","CALIMA","0.001","KILOGRAMO"
"2016-09-01T00:00:00.000","63","QUINDIO","63001","ARMENIA","0.0023","KILOGRAMO"
"2016-09-01T00:00:00.000","76","VALLE DEL CAUCA","76622","ROLDANILLO","0.003","KILOGRAMO"
"2016-09-01T00:00:00.000","76","VALLE DEL CAUCA","76113","BUGALAGRANDE","0.003","KILOGRAMO"
"2016-09-01T00:00:00.000","52","NARIÑO","52051","ARBOLEDA","0.13","KILOGRAMO"
"2016-09-01T00:00:00.000","76","VALLE DEL CAUCA","76001","CALI","0.005","KILOGRAMO"
"2016-08-31T00:00:00.000","20","CESAR","20228","CURUMANI","0.011","KILOGRAMO"
"2016-08-31T00:00:00.000","76","VALLE DEL CAUCA","76248","EL CERRITO","0.002","KILOGRAMO"
"2016-08-30T00:00:00.000","19","CAUCA","19001","POPAYAN","0.021","KILOGRAMO"
"2016-08-30T00:00:00.000","54","NORTE DE SANTANDER","54001","CUCUTA","0.009","KILOGRAMO"
"2016-08-30T00:00:00.000","76","VALLE DEL CAUCA","76001","CALI","0.001","KILOGRAMO"
"2016-08-30T00:00:00.000","76","VALLE DEL CAUCA","76248","EL CERRITO","0.002","KILOGRAMO"
"2016-08-29T00:00:00.000","76","VALLE DEL CAUCA","76111","GUADALAJARA DE BUGA","0.001","KILOGRAMO"
"2016-08-28T00:00:00.000","76","VALLE DEL CAUCA","76001","CALI","0.001","KILOGRAMO"
"2016-08-28T00:00:00.000","19","CAUCA","19455","MIRANDA","47","KILOGRAMO"
"2016-08-27T00:00:00.000","05","ANTIOQUIA","05001","MEDELLIN","0.03","KILOGRAMO"
"2016-08-27T00:00:00.000","76","VALLE DEL CAUCA","76001","CALI","0.004","KILOGRAMO"
"2016-08-26T00:00:00.000","54","NORTE DE SANTANDER","54001","CUCUTA","0.014","KILOGRAMO"
"2016-08-26T00:00:00.000","05","ANTIOQUIA","05001","MEDELLIN","0.434","KILOGRAMO"
"2016-08-26T00:00:00.000","76","VALLE DEL CAUCA","76834","TULUA","0.003","KILOGRAMO"
"2016-08-26T00:00:00.000","63","QUINDIO","63001","ARMENIA","0.001","KILOGRAMO"
"2016-08-26T00:00:00.000","76","VALLE DEL CAUCA","76001","CALI","0.001","KILOGRAMO"
"2016-08-25T00:00:00.000","76","VALLE DEL CAUCA","76001","CALI","0.001","KILOGRAMO"
"2016-08-24T00:00:00.000","08","ATLANTICO","08001","BARRANQUILLA","0.02","KILOGRAMO"
"2016-08-24T00:00:00.000","76","VALLE DEL CAUCA","76670","SAN PEDRO","0.87","KILOGRAMO"
"2016-08-24T00:00:00.000","19","CAUCA","19001","POPAYAN","0.005","KILOGRAMO"
"2016-08-23T00:00:00.000","76","VALLE DEL CAUCA","76001","CALI","0.001","KILOGRAMO"
"2016-08-23T00:00:00.000","05","ANTIOQUIA","05001","MEDELLIN","0.02","KILOGRAMO"
"2016-08-22T00:00:00.000","76","VALLE DEL CAUCA","76113","BUGALAGRANDE","0.002","KILOGRAMO"
"2016-08-22T00:00:00.000","76","VALLE DEL CAUCA","76001","CALI","0.003","KILOGRAMO"
"2016-08-21T00:00:00.000","76","VALLE DEL CAUCA","76001","CALI","0.004","KILOGRAMO"
"2016-08-20T00:00:00.000","76","VALLE DEL CAUCA","76001","CALI","0.026","KILOGRAMO"
"2016-08-20T00:00:00.000","63","QUINDIO","63001","ARMENIA","0.003","KILOGRAMO"
"2016-08-20T00:00:00.000","76","VALLE DEL CAUCA","76248","EL CERRITO","0.002","KILOGRAMO"
"2016-08-19T00:00:00.000","08","ATLANTICO","08001","BARRANQUILLA","0.02","KILOGRAMO"
"2016-08-19T00:00:00.000","76","VALLE DEL CAUCA","76248","EL CERRITO","0.001","KILOGRAMO"
"2016-08-19T00:00:00.000","54","NORTE DE SANTANDER","54001","CUCUTA","0.012","KILOGRAMO"
"2016-08-19T00:00:00.000","76","VALLE DEL CAUCA","76001","CALI","0.0131","KILOGRAMO"
"2016-08-19T00:00:00.000","76","VALLE DEL CAUCA","76113","BUGALAGRANDE","0.005","KILOGRAMO"
"2016-08-18T00:00:00.000","76","VALLE DEL CAUCA","76001","CALI","0.004","KILOGRAMO"
"2016-08-18T00:00:00.000","76","VALLE DEL CAUCA","76246","EL CAIRO","0.003","KILOGRAMO"
"2016-08-18T00:00:00.000","63","QUINDIO","63001","ARMENIA","0.001","KILOGRAMO"
"2016-08-18T00:00:00.000","54","NORTE DE SANTANDER","54001","CUCUTA","0.0015","KILOGRAMO"
"2016-08-17T00:00:00.000","76","VALLE DEL CAUCA","76001","CALI","0.003","KILOGRAMO"
"2016-08-17T00:00:00.000","76","VALLE DEL CAUCA","76248","EL CERRITO","0.002","KILOGRAMO"
"2016-08-17T00:00:00.000","54","NORTE DE SANTANDER","54001","CUCUTA","0.025","KILOGRAMO"
"2016-08-16T00:00:00.000","76","VALLE DEL CAUCA","76001","CALI","0.003","KILOGRAMO"
"2016-08-16T00:00:00.000","66","RISARALDA","66001","PEREIRA","1.096","KILOGRAMO"
"2016-08-16T00:00:00.000","76","VALLE DEL CAUCA","76233","DAGUA","0.005","KILOGRAMO"
"2016-08-15T00:00:00.000","76","VALLE DEL CAUCA","76248","EL CERRITO","0.002","KILOGRAMO"
"2016-08-15T00:00:00.000","76","VALLE DEL CAUCA","76001","CALI","0.004","KILOGRAMO"
"2016-08-14T00:00:00.000","76","VALLE DEL CAUCA","76001","CALI","0.002","KILOGRAMO"
"2016-08-14T00:00:00.000","76","VALLE DEL CAUCA","76622","ROLDANILLO","0.001","KILOGRAMO"
"2016-08-14T00:00:00.000","76","VALLE DEL CAUCA","76233","DAGUA","0.005","KILOGRAMO"
"2016-08-13T00:00:00.000","76","VALLE DEL CAUCA","76248","EL CERRITO","0.002","KILOGRAMO"
"2016-08-13T00:00:00.000","05","ANTIOQUIA","05607","RETIRO","0.05","KILOGRAMO"
"2016-08-13T00:00:00.000","76","VALLE DEL CAUCA","76001","CALI","0.006","KILOGRAMO"
"2016-08-12T00:00:00.000","76","VALLE DEL CAUCA","76246","EL CAIRO","0.003","KILOGRAMO"
"2016-08-12T00:00:00.000","08","ATLANTICO","08001","BARRANQUILLA","0.017","KILOGRAMO"
"2016-08-12T00:00:00.000","05","ANTIOQUIA","05690","SANTO DOMINGO","0.05","KILOGRAMO"
"2016-08-12T00:00:00.000","20","CESAR","20001","VALLEDUPAR","0.001","KILOGRAMO"
"2016-08-12T00:00:00.000","76","VALLE DEL CAUCA","76622","ROLDANILLO","0.001","KILOGRAMO"
"2016-08-12T00:00:00.000","76","VALLE DEL CAUCA","76001","CALI","0.003","KILOGRAMO"
"2016-08-11T00:00:00.000","76","VALLE DEL CAUCA","76622","ROLDANILLO","0.001","KILOGRAMO"
"2016-08-11T00:00:00.000","76","VALLE DEL CAUCA","76001","CALI","0.001","KILOGRAMO"
"2016-08-11T00:00:00.000","76","VALLE DEL CAUCA","76248","EL CERRITO","0.002","KILOGRAMO"
"2016-08-11T00:00:00.000","66","RISARALDA","66001","PEREIRA","1.056","KILOGRAMO"
"2016-08-10T00:00:00.000","63","QUINDIO","63001","ARMENIA","0.002","KILOGRAMO"
"2016-08-10T00:00:00.000","08","ATLANTICO","08001","BARRANQUILLA","0.018","KILOGRAMO"
"2016-08-10T00:00:00.000","20","CESAR","20001","VALLEDUPAR","0.003","KILOGRAMO"
"2016-08-10T00:00:00.000","05","ANTIOQUIA","05690","SANTO DOMINGO","0.04","KILOGRAMO"
"2016-08-10T00:00:00.000","11","BOGOTA D.C.","11001","BOGOTA D.C.","0.279","KILOGRAMO"
"2016-08-10T00:00:00.000","76","VALLE DEL CAUCA","76001","CALI","0.004","KILOGRAMO"
"2016-08-09T00:00:00.000","08","ATLANTICO","08560","PONEDERA","0.008","KILOGRAMO"
"2016-08-09T00:00:00.000","76","VALLE DEL CAUCA","76111","GUADALAJARA DE BUGA","0.001","KILOGRAMO"
"2016-08-09T00:00:00.000","76","VALLE DEL CAUCA","76001","CALI","0.016","KILOGRAMO"
"2016-08-09T00:00:00.000","76","VALLE DEL CAUCA","76248","EL CERRITO","0.002","KILOGRAMO"
"2016-08-08T00:00:00.000","76","VALLE DEL CAUCA","76001","CALI","0.002","KILOGRAMO"
"2016-08-08T00:00:00.000","76","VALLE DEL CAUCA","76622","ROLDANILLO","0.002","KILOGRAMO"
"2016-08-08T00:00:00.000","76","VALLE DEL CAUCA","76111","GUADALAJARA DE BUGA","0.002","KILOGRAMO"
"2016-08-08T00:00:00.000","76","VALLE DEL CAUCA","76248","EL CERRITO","0.002","KILOGRAMO"
"2016-08-08T00:00:00.000","76","VALLE DEL CAUCA","76246","EL CAIRO","0.007","KILOGRAMO"
"2016-08-07T00:00:00.000","76","VALLE DEL CAUCA","76001","CALI","0.001","KILOGRAMO"
"2016-08-07T00:00:00.000","76","VALLE DEL CAUCA","76111","GUADALAJARA DE BUGA","0.005","KILOGRAMO"
"2016-08-07T00:00:00.000","76","VALLE DEL CAUCA","76248","EL CERRITO","0.02","KILOGRAMO"
"2016-08-07T00:00:00.000","08","ATLANTICO","08001","BARRANQUILLA","0.03","KILOGRAMO"
"2016-08-06T00:00:00.000","76","VALLE DEL CAUCA","76246","EL CAIRO","0.005","KILOGRAMO"
"2016-08-06T00:00:00.000","76","VALLE DEL CAUCA","76001","CALI","0.01","KILOGRAMO"
"2016-08-06T00:00:00.000","08","ATLANTICO","08001","BARRANQUILLA","0.04","KILOGRAMO"
"2016-08-05T00:00:00.000","05","ANTIOQUIA","05079","BARBOSA","0.008","KILOGRAMO"
"2016-08-05T00:00:00.000","76","VALLE DEL CAUCA","76248","EL CERRITO","0.002","KILOGRAMO"
"2016-08-05T00:00:00.000","76","VALLE DEL CAUCA","76001","CALI","0.003","KILOGRAMO"
"2016-08-05T00:00:00.000","76","VALLE DEL CAUCA","76113","BUGALAGRANDE","0.005","KILOGRAMO"
"2016-08-04T00:00:00.000","54","NORTE DE SANTANDER","54001","CUCUTA","0.015","KILOGRAMO"
"2016-08-04T00:00:00.000","76","VALLE DEL CAUCA","76001","CALI","0.006","KILOGRAMO"
"2016-08-04T00:00:00.000","63","QUINDIO","63001","ARMENIA","0.002","KILOGRAMO"
"2016-08-04T00:00:00.000","76","VALLE DEL CAUCA","76248","EL CERRITO","0.002","KILOGRAMO"
"2016-08-03T00:00:00.000","76","VALLE DEL CAUCA","76001","CALI","0.001","KILOGRAMO"
"2016-08-03T00:00:00.000","05","ANTIOQUIA","05001","MEDELLIN","0.01","KILOGRAMO"
"2016-08-03T00:00:00.000","76","VALLE DEL CAUCA","76622","ROLDANILLO","0.001","KILOGRAMO"
"2016-08-02T00:00:00.000","76","VALLE DEL CAUCA","76001","CALI","0.004","KILOGRAMO"
"2016-08-02T00:00:00.000","76","VALLE DEL CAUCA","76248","EL CERRITO","0.002","KILOGRAMO"
"2016-08-02T00:00:00.000","20","CESAR","20001","VALLEDUPAR","0.002","KILOGRAMO"
"2016-08-01T00:00:00.000","76","VALLE DEL CAUCA","76622","ROLDANILLO","0.001","KILOGRAMO"
"2016-08-01T00:00:00.000","76","VALLE DEL CAUCA","76111","GUADALAJARA DE BUGA","0.004","KILOGRAMO"
"2016-08-01T00:00:00.000","76","VALLE DEL CAUCA","76248","EL CERRITO","0.004","KILOGRAMO"
"2016-07-31T00:00:00.000","76","VALLE DEL CAUCA","76622","ROLDANILLO","0.003","KILOGRAMO"
"2016-07-31T00:00:00.000","76","VALLE DEL CAUCA","76001","CALI","0.003","KILOGRAMO"
"2016-07-31T00:00:00.000","05","ANTIOQUIA","05001","MEDELLIN","0.03","KILOGRAMO"
"2016-07-31T00:00:00.000","76","VALLE DEL CAUCA","76248","EL CERRITO","0.002","KILOGRAMO"
"2016-07-30T00:00:00.000","76","VALLE DEL CAUCA","76001","CALI","0.002","KILOGRAMO"
"2016-07-30T00:00:00.000","76","VALLE DEL CAUCA","76111","GUADALAJARA DE BUGA","0.003","KILOGRAMO"
"2016-07-30T00:00:00.000","08","ATLANTICO","08001","BARRANQUILLA","0.045","KILOGRAMO"
"2016-07-29T00:00:00.000","76","VALLE DEL CAUCA","76001","CALI","0.003","KILOGRAMO"
"2016-07-29T00:00:00.000","05","ANTIOQUIA","05079","BARBOSA","0.015","KILOGRAMO"
"2016-07-29T00:00:00.000","05","ANTIOQUIA","05001","MEDELLIN","0.01","KILOGRAMO"
"2016-07-29T00:00:00.000","76","VALLE DEL CAUCA","76248","EL CERRITO","0.002","KILOGRAMO"
"2016-07-28T00:00:00.000","59101","PANAMA","5910101","PANAMA","1","KILOGRAMO"
"2016-07-28T00:00:00.000","76","VALLE DEL CAUCA","76622","ROLDANILLO","0.001","KILOGRAMO"
"2016-07-27T00:00:00.000","19","CAUCA","19698","SANTANDER DE QUILICHAO","0.12","KILOGRAMO"
"2016-07-27T00:00:00.000","76","VALLE DEL CAUCA","76111","GUADALAJARA DE BUGA","0.002","KILOGRAMO"
"2016-07-27T00:00:00.000","05","ANTIOQUIA","05001","MEDELLIN","0.007","KILOGRAMO"
"2016-07-27T00:00:00.000","54","NORTE DE SANTANDER","54001","CUCUTA","0.015","KILOGRAMO"
"2016-07-27T00:00:00.000","76","VALLE DEL CAUCA","76248","EL CERRITO","0.002","KILOGRAMO"
"2016-07-27T00:00:00.000","76","VALLE DEL CAUCA","76622","ROLDANILLO","0.005","KILOGRAMO"
"2016-07-26T00:00:00.000","76","VALLE DEL CAUCA","76111","GUADALAJARA DE BUGA","0.001","KILOGRAMO"
"2016-07-26T00:00:00.000","76","VALLE DEL CAUCA","76001","CALI","0.001","KILOGRAMO"
"2016-07-26T00:00:00.000","76","VALLE DEL CAUCA","76248","EL CERRITO","0.002","KILOGRAMO"
"2016-07-25T00:00:00.000","76","VALLE DEL CAUCA","76001","CALI","0.003","KILOGRAMO"
"2016-07-25T00:00:00.000","08","ATLANTICO","08001","BARRANQUILLA","0.022","KILOGRAMO"
"2016-07-25T00:00:00.000","76","VALLE DEL CAUCA","76622","ROLDANILLO","0.001","KILOGRAMO"
"2016-07-25T00:00:00.000","05","ANTIOQUIA","05001","MEDELLIN","0.052","KILOGRAMO"
"2016-07-25T00:00:00.000","63","QUINDIO","63001","ARMENIA","0.0046","KILOGRAMO"
"2016-07-24T00:00:00.000","76","VALLE DEL CAUCA","76248","EL CERRITO","0.002","KILOGRAMO"
"2016-07-23T00:00:00.000","76","VALLE DEL CAUCA","76248","EL CERRITO","0.004","KILOGRAMO"
"2016-07-23T00:00:00.000","76","VALLE DEL CAUCA","76001","CALI","0.001","KILOGRAMO"
"2016-07-22T00:00:00.000","54","NORTE DE SANTANDER","54001","CUCUTA","0.003","KILOGRAMO"
"2016-07-22T00:00:00.000","76","VALLE DEL CAUCA","76001","CALI","0.003","KILOGRAMO"
"2016-07-21T00:00:00.000","76","VALLE DEL CAUCA","76520","PALMIRA","4.215","KILOGRAMO"
"2016-07-21T00:00:00.000","76","VALLE DEL CAUCA","76248","EL CERRITO","0.002","KILOGRAMO"
"2016-07-21T00:00:00.000","66","RISARALDA","66001","PEREIRA","0.01","KILOGRAMO"
"2016-07-21T00:00:00.000","76","VALLE DEL CAUCA","76001","CALI","0.007","KILOGRAMO"
"2016-07-21T00:00:00.000","76","VALLE DEL CAUCA","76111","GUADALAJARA DE BUGA","0.002","KILOGRAMO"
"2016-07-20T00:00:00.000","76","VALLE DEL CAUCA","76248","EL CERRITO","0.003","KILOGRAMO"
"2016-07-20T00:00:00.000","76","VALLE DEL CAUCA","76001","CALI","0.005","KILOGRAMO"
"2016-07-19T00:00:00.000","76","VALLE DEL CAUCA","76111","GUADALAJARA DE BUGA","0.001","KILOGRAMO"
"2016-07-19T00:00:00.000","76","VALLE DEL CAUCA","76001","CALI","0.002","KILOGRAMO"
"2016-07-18T00:00:00.000","76","VALLE DEL CAUCA","76001","CALI","0.002","KILOGRAMO"
"2016-07-18T00:00:00.000","76","VALLE DEL CAUCA","76111","GUADALAJARA DE BUGA","0.003","KILOGRAMO"
"2016-07-17T00:00:00.000","76","VALLE DEL CAUCA","76111","GUADALAJARA DE BUGA","0.002","KILOGRAMO"
"2016-07-17T00:00:00.000","76","VALLE DEL CAUCA","76248","EL CERRITO","0.002","KILOGRAMO"
"2016-07-17T00:00:00.000","76","VALLE DEL CAUCA","76001","CALI","0.002","KILOGRAMO"
"2016-07-16T00:00:00.000","76","VALLE DEL CAUCA","76248","EL CERRITO","0.006","KILOGRAMO"
"2016-07-16T00:00:00.000","76","VALLE DEL CAUCA","76001","CALI","0.01","KILOGRAMO"
"2016-07-15T00:00:00.000","76","VALLE DEL CAUCA","76001","CALI","0.012","KILOGRAMO"
"2016-07-15T00:00:00.000","76","VALLE DEL CAUCA","76248","EL CERRITO","0.001","KILOGRAMO"
"2016-07-15T00:00:00.000","76","VALLE DEL CAUCA","76111","GUADALAJARA DE BUGA","0.001","KILOGRAMO"
"2016-07-14T00:00:00.000","76","VALLE DEL CAUCA","76248","EL CERRITO","0.001","KILOGRAMO"
"2016-07-14T00:00:00.000","76","VALLE DEL CAUCA","76111","GUADALAJARA DE BUGA","0.001","KILOGRAMO"
"2016-07-14T00:00:00.000","05","ANTIOQUIA","05212","COPACABANA","0.006","KILOGRAMO"
"2016-07-13T00:00:00.000","76","VALLE DEL CAUCA","76113","BUGALAGRANDE","0.006","KILOGRAMO"
"2016-07-13T00:00:00.000","20","CESAR","20001","VALLEDUPAR","0.003","KILOGRAMO"
"2016-07-13T00:00:00.000","76","VALLE DEL CAUCA","76248","EL CERRITO","0.003","KILOGRAMO"
"2016-07-13T00:00:00.000","76","VALLE DEL CAUCA","76001","CALI","0.005","KILOGRAMO"
"2016-07-13T00:00:00.000","05","ANTIOQUIA","05001","MEDELLIN","0.007","KILOGRAMO"
"2016-07-13T00:00:00.000","08","ATLANTICO","08758","SOLEDAD","0.003","KILOGRAMO"
"2016-07-12T00:00:00.000","76","VALLE DEL CAUCA","76233","DAGUA","96.525","KILOGRAMO"
"2016-07-12T00:00:00.000","76","VALLE DEL CAUCA","76001","CALI","0.004","KILOGRAMO"
"2016-07-12T00:00:00.000","76","VALLE DEL CAUCA","76248","EL CERRITO","0.002","KILOGRAMO"
"2016-07-11T00:00:00.000","76","VALLE DEL CAUCA","76248","EL CERRITO","0.004","KILOGRAMO"
"2016-07-11T00:00:00.000","76","VALLE DEL CAUCA","76001","CALI","0.008","KILOGRAMO"
"2016-07-10T00:00:00.000","76","VALLE DEL CAUCA","76248","EL CERRITO","0.002","KILOGRAMO"
"2016-07-09T00:00:00.000","76","VALLE DEL CAUCA","76248","EL CERRITO","0.002","KILOGRAMO"
"2016-07-09T00:00:00.000","76","VALLE DEL CAUCA","76111","GUADALAJARA DE BUGA","0.003","KILOGRAMO"
"2016-07-09T00:00:00.000","76","VALLE DEL CAUCA","76001","CALI","0.007","KILOGRAMO"
"2016-07-08T00:00:00.000","76","VALLE DEL CAUCA","76111","GUADALAJARA DE BUGA","0.001","KILOGRAMO"
"2016-07-08T00:00:00.000","66","RISARALDA","66001","PEREIRA","0.035","KILOGRAMO"
"2016-07-08T00:00:00.000","76","VALLE DEL CAUCA","76248","EL CERRITO","0.002","KILOGRAMO"
"2016-07-08T00:00:00.000","76","VALLE DEL CAUCA","76001","CALI","0.003","KILOGRAMO"
"2016-07-07T00:00:00.000","76","VALLE DEL CAUCA","76001","CALI","0.011","KILOGRAMO"
"2016-07-07T00:00:00.000","76","VALLE DEL CAUCA","76248","EL CERRITO","0.002","KILOGRAMO"
"2016-07-06T00:00:00.000","08","ATLANTICO","08001","BARRANQUILLA","0.336","KILOGRAMO"
"2016-07-06T00:00:00.000","76","VALLE DEL CAUCA","76001","CALI","0.003","KILOGRAMO"
"2016-07-06T00:00:00.000","20","CESAR","20001","VALLEDUPAR","0.001","KILOGRAMO"
"2016-07-06T00:00:00.000","76","VALLE DEL CAUCA","76111","GUADALAJARA DE BUGA","0.003","KILOGRAMO"
"2016-07-06T00:00:00.000","76","VALLE DEL CAUCA","76736","SEVILLA","0.001","KILOGRAMO"
"2016-07-05T00:00:00.000","76","VALLE DEL CAUCA","76147","CARTAGO","0.002","KILOGRAMO"
"2016-07-05T00:00:00.000","08","ATLANTICO","08001","BARRANQUILLA","0.015","KILOGRAMO"
"2016-07-05T00:00:00.000","76","VALLE DEL CAUCA","76111","GUADALAJARA DE BUGA","0.006","KILOGRAMO"
"2016-07-05T00:00:00.000","76","VALLE DEL CAUCA","76001","CALI","0.002","KILOGRAMO"
"2016-07-04T00:00:00.000","05","ANTIOQUIA","05001","MEDELLIN","0.006","KILOGRAMO"
"2016-07-03T00:00:00.000","08","ATLANTICO","08001","BARRANQUILLA","0.115","KILOGRAMO"
"2016-07-03T00:00:00.000","54","NORTE DE SANTANDER","54001","CUCUTA","3.421","KILOGRAMO"
"2016-07-03T00:00:00.000","76","VALLE DEL CAUCA","76111","GUADALAJARA DE BUGA","0.001","KILOGRAMO"
"2016-07-03T00:00:00.000","76","VALLE DEL CAUCA","76001","CALI","0.002","KILOGRAMO"
"2016-07-02T00:00:00.000","76","VALLE DEL CAUCA","76001","CALI","0.013","KILOGRAMO"
"2016-07-02T00:00:00.000","76","VALLE DEL CAUCA","76111","GUADALAJARA DE BUGA","0.004","KILOGRAMO"
"2016-07-01T00:00:00.000","52","NARIÑO","52356","IPIALES","2.028","KILOGRAMO"
"2016-07-01T00:00:00.000","76","VALLE DEL CAUCA","76001","CALI","0.003","KILOGRAMO"
"2016-06-30T00:00:00.000","76","VALLE DEL CAUCA","76001","CALI","0.003","KILOGRAMO"
"2016-06-29T00:00:00.000","54","NORTE DE SANTANDER","54001","CUCUTA","1.6728","KILOGRAMO"
"2016-06-29T00:00:00.000","76","VALLE DEL CAUCA","76111","GUADALAJARA DE BUGA","0.006","KILOGRAMO"
"2016-06-29T00:00:00.000","76","VALLE DEL CAUCA","76001","CALI","0.002","KILOGRAMO"
"2016-06-28T00:00:00.000","76","VALLE DEL CAUCA","76001","CALI","0.001","KILOGRAMO"
"2016-06-28T00:00:00.000","76","VALLE DEL CAUCA","76736","SEVILLA","0.002","KILOGRAMO"
"2016-06-28T00:00:00.000","76","VALLE DEL CAUCA","76828","TRUJILLO","0.003","KILOGRAMO"
"2016-06-28T00:00:00.000","15","BOYACA","15759","SOGAMOSO","0.001","KILOGRAMO"
"2016-06-27T00:00:00.000","76","VALLE DEL CAUCA","76001","CALI","0.005","KILOGRAMO"
"2016-06-27T00:00:00.000","76","VALLE DEL CAUCA","76111","GUADALAJARA DE BUGA","0.007","KILOGRAMO"
"2016-06-26T00:00:00.000","11","BOGOTA D.C.","11001","BOGOTA D.C.","0.027","KILOGRAMO"
"2016-06-26T00:00:00.000","76","VALLE DEL CAUCA","76001","CALI","0.003","KILOGRAMO"
"2016-06-26T00:00:00.000","76","VALLE DEL CAUCA","76111","GUADALAJARA DE BUGA","0.01","KILOGRAMO"
"2016-06-24T00:00:00.000","05","ANTIOQUIA","05615","RIONEGRO","3","KILOGRAMO"
"2016-06-24T00:00:00.000","08","ATLANTICO","08758","SOLEDAD","0.003","KILOGRAMO"
"2016-06-24T00:00:00.000","76","VALLE DEL CAUCA","76001","CALI","0.007","KILOGRAMO"
"2016-06-24T00:00:00.000","20","CESAR","20001","VALLEDUPAR","0.006","KILOGRAMO"
"2016-06-23T00:00:00.000","20","CESAR","20001","VALLEDUPAR","0.001","KILOGRAMO"
"2016-06-23T00:00:00.000","76","VALLE DEL CAUCA","76001","CALI","0.003","KILOGRAMO"
"2016-06-23T00:00:00.000","11","BOGOTA D.C.","11001","BOGOTA D.C.","0.502","KILOGRAMO"
"2016-06-23T00:00:00.000","76","VALLE DEL CAUCA","76563","PRADERA","0.011","KILOGRAMO"
"2016-06-22T00:00:00.000","76","VALLE DEL CAUCA","76001","CALI","0.002","KILOGRAMO"
"2016-06-22T00:00:00.000","05","ANTIOQUIA","05212","COPACABANA","0.01","KILOGRAMO"
"2016-06-21T00:00:00.000","76","VALLE DEL CAUCA","76041","ANSERMANUEVO","0.003","KILOGRAMO"
"2016-06-21T00:00:00.000","20","CESAR","20001","VALLEDUPAR","0.001","KILOGRAMO"
"2016-06-21T00:00:00.000","76","VALLE DEL CAUCA","76834","TULUA","0.012","KILOGRAMO"
"2016-06-21T00:00:00.000","63","QUINDIO","63001","ARMENIA","0.003","KILOGRAMO"
"2016-06-21T00:00:00.000","76","VALLE DEL CAUCA","76001","CALI","0.006","KILOGRAMO"
"2016-06-20T00:00:00.000","11","BOGOTA D.C.","11001","BOGOTA D.C.","0.002","KILOGRAMO"
"2016-06-20T00:00:00.000","25","CUNDINAMARCA","25572","PUERTO SALGAR","0.001","KILOGRAMO"
"2016-06-20T00:00:00.000","76","VALLE DEL CAUCA","76113","BUGALAGRANDE","0.005","KILOGRAMO"
"2016-06-20T00:00:00.000","76","VALLE DEL CAUCA","76001","CALI","0.002","KILOGRAMO"
"2016-06-19T00:00:00.000","76","VALLE DEL CAUCA","76001","CALI","0.001","KILOGRAMO"
"2016-06-18T00:00:00.000","76","VALLE DEL CAUCA","76001","CALI","0.026","KILOGRAMO"
"2016-06-17T00:00:00.000","05","ANTIOQUIA","05088","BELLO","0.005","KILOGRAMO"
"2016-06-17T00:00:00.000","19","CAUCA","19698","SANTANDER DE QUILICHAO","0.05","KILOGRAMO"
"2016-06-17T00:00:00.000","76","VALLE DEL CAUCA","76001","CALI","0.009","KILOGRAMO"
"2016-06-17T00:00:00.000","05","ANTIOQUIA","05001","MEDELLIN","0.13","KILOGRAMO"
"2016-06-16T00:00:00.000","76","VALLE DEL CAUCA","76147","CARTAGO","0.001","KILOGRAMO"
"2016-06-16T00:00:00.000","20","CESAR","20001","VALLEDUPAR","0.009","KILOGRAMO"
"2016-06-16T00:00:00.000","76","VALLE DEL CAUCA","76111","GUADALAJARA DE BUGA","0.002","KILOGRAMO"
"2016-06-16T00:00:00.000","76","VALLE DEL CAUCA","76001","CALI","0.056","KILOGRAMO"
"2016-06-15T00:00:00.000","76","VALLE DEL CAUCA","76001","CALI","0.002","KILOGRAMO"
"2016-06-15T00:00:00.000","19","CAUCA","19845","VILLA RICA","0.01","KILOGRAMO"
"2016-06-14T00:00:00.000","76","VALLE DEL CAUCA","76147","CARTAGO","0.042","KILOGRAMO"
"2016-06-14T00:00:00.000","63","QUINDIO","63001","ARMENIA","0.004","KILOGRAMO"
"2016-06-14T00:00:00.000","05","ANTIOQUIA","05212","COPACABANA","0.012","KILOGRAMO"
"2016-06-13T00:00:00.000","76","VALLE DEL CAUCA","76001","CALI","0.008","KILOGRAMO"
"2016-06-13T00:00:00.000","76","VALLE DEL CAUCA","76111","GUADALAJARA DE BUGA","0.001","KILOGRAMO"
"2016-06-12T00:00:00.000","08","ATLANTICO","08001","BARRANQUILLA","0.02","KILOGRAMO"
"2016-06-12T00:00:00.000","20","CESAR","20517","PAILITAS","0.015","KILOGRAMO"
"2016-06-11T00:00:00.000","11","BOGOTA D.C.","11001","BOGOTA D.C.","0.011","KILOGRAMO"
"2016-06-11T00:00:00.000","76","VALLE DEL CAUCA","76001","CALI","0.001","KILOGRAMO"
"2016-06-10T00:00:00.000","76","VALLE DEL CAUCA","76001","CALI","0.001","KILOGRAMO"
"2016-06-09T00:00:00.000","76","VALLE DEL CAUCA","76001","CALI","0.004","KILOGRAMO"
"2016-06-09T00:00:00.000","76","VALLE DEL CAUCA","76736","SEVILLA","0.006","KILOGRAMO"
"2016-06-09T00:00:00.000","20","CESAR","20310","GONZALEZ","0.001","KILOGRAMO"
"2016-06-08T00:00:00.000","76","VALLE DEL CAUCA","76001","CALI","0.001","KILOGRAMO"
"2016-06-08T00:00:00.000","81","ARAUCA","81001","ARAUCA","0.033","KILOGRAMO"
"2016-06-08T00:00:00.000","05","ANTIOQUIA","05001","MEDELLIN","0.008","KILOGRAMO"
"2016-06-06T00:00:00.000","76","VALLE DEL CAUCA","76622","ROLDANILLO","0.003","KILOGRAMO"
"2016-06-06T00:00:00.000","63","QUINDIO","63001","ARMENIA","0.001","KILOGRAMO"
"2016-06-06T00:00:00.000","76","VALLE DEL CAUCA","76001","CALI","0.002","KILOGRAMO"
"2016-06-04T00:00:00.000","66","RISARALDA","66001","PEREIRA","0.051","KILOGRAMO"
"2016-06-04T00:00:00.000","76","VALLE DEL CAUCA","76001","CALI","0.003","KILOGRAMO"
"2016-06-04T00:00:00.000","05","ANTIOQUIA","05001","MEDELLIN","0.006","KILOGRAMO"
"2016-06-03T00:00:00.000","19","CAUCA","19698","SANTANDER DE QUILICHAO","0.005","KILOGRAMO"
"2016-06-03T00:00:00.000","76","VALLE DEL CAUCA","76001","CALI","0.002","KILOGRAMO"
"2016-06-03T00:00:00.000","08","ATLANTICO","08296","GALAPA","0.021","KILOGRAMO"
"2016-06-02T00:00:00.000","76","VALLE DEL CAUCA","76111","GUADALAJARA DE BUGA","0.006","KILOGRAMO"
"2016-06-02T00:00:00.000","66","RISARALDA","66001","PEREIRA","0.071","KILOGRAMO"
"2016-06-02T00:00:00.000","76","VALLE DEL CAUCA","76001","CALI","0.001","KILOGRAMO"
"2016-06-01T00:00:00.000","54","NORTE DE SANTANDER","54001","CUCUTA","0.003","KILOGRAMO"
"2016-06-01T00:00:00.000","76","VALLE DEL CAUCA","76248","EL CERRITO","0.002","KILOGRAMO"
"2016-06-01T00:00:00.000","76","VALLE DEL CAUCA","76001","CALI","0.003","KILOGRAMO"
"2016-06-01T00:00:00.000","76","VALLE DEL CAUCA","76834","TULUA","0.01","KILOGRAMO"
"2016-06-01T00:00:00.000","76","VALLE DEL CAUCA","76111","GUADALAJARA DE BUGA","0.003","KILOGRAMO"
"2016-06-01T00:00:00.000","81","ARAUCA","81001","ARAUCA","0.004","KILOGRAMO"
"2016-06-01T00:00:00.000","05","ANTIOQUIA","05308","GIRARDOTA","0.001","KILOGRAMO"
"2016-05-31T00:00:00.000","76","VALLE DEL CAUCA","76248","EL CERRITO","0.002","KILOGRAMO"
"2016-05-31T00:00:00.000","76","VALLE DEL CAUCA","76147","CARTAGO","0.017","KILOGRAMO"
"2016-05-31T00:00:00.000","76","VALLE DEL CAUCA","76497","OBANDO","0.001","KILOGRAMO"
"2016-05-30T00:00:00.000","76","VALLE DEL CAUCA","76497","OBANDO","0.002","KILOGRAMO"
"2016-05-30T00:00:00.000","76","VALLE DEL CAUCA","76248","EL CERRITO","0.002","KILOGRAMO"
"2016-05-29T00:00:00.000","76","VALLE DEL CAUCA","76001","CALI","0.001","KILOGRAMO"
"2016-05-29T00:00:00.000","19","CAUCA","19455","MIRANDA","0.002","KILOGRAMO"
"2016-05-28T00:00:00.000","76","VALLE DEL CAUCA","76497","OBANDO","0.002","KILOGRAMO"
"2016-05-28T00:00:00.000","08","ATLANTICO","08638","SABANALARGA","0.004","KILOGRAMO"
"2016-05-27T00:00:00.000","76","VALLE DEL CAUCA","76834","TULUA","0.001","KILOGRAMO"
"2016-05-27T00:00:00.000","76","VALLE DEL CAUCA","76001","CALI","0.004","KILOGRAMO"
"2016-05-27T00:00:00.000","76","VALLE DEL CAUCA","76497","OBANDO","0.002","KILOGRAMO"
"2016-05-26T00:00:00.000","76","VALLE DEL CAUCA","76736","SEVILLA","0.005","KILOGRAMO"
"2016-05-26T00:00:00.000","76","VALLE DEL CAUCA","76111","GUADALAJARA DE BUGA","0.005","KILOGRAMO"
"2016-05-26T00:00:00.000","76","VALLE DEL CAUCA","76147","CARTAGO","0.016","KILOGRAMO"
"2016-05-26T00:00:00.000","76","VALLE DEL CAUCA","76041","ANSERMANUEVO","0.004","KILOGRAMO"
"2016-05-26T00:00:00.000","05","ANTIOQUIA","05001","MEDELLIN","0.004","KILOGRAMO"
"2016-05-26T00:00:00.000","11","BOGOTA D.C.","11001","BOGOTA D.C.","0.002","KILOGRAMO"
"2016-05-25T00:00:00.000","76","VALLE DEL CAUCA","76041","ANSERMANUEVO","0.003","KILOGRAMO"
"2016-05-25T00:00:00.000","68","SANTANDER","68307","GIRON","0.001","KILOGRAMO"
"2016-05-25T00:00:00.000","76","VALLE DEL CAUCA","76147","CARTAGO","0.001","KILOGRAMO"
"2016-05-25T00:00:00.000","76","VALLE DEL CAUCA","76001","CALI","0.002","KILOGRAMO"
"2016-05-25T00:00:00.000","08","ATLANTICO","08001","BARRANQUILLA","0.025","KILOGRAMO"
"2016-05-25T00:00:00.000","76","VALLE DEL CAUCA","76834","TULUA","0.012","KILOGRAMO"
"2016-05-24T00:00:00.000","63","QUINDIO","63001","ARMENIA","0.012","KILOGRAMO"
"2016-05-24T00:00:00.000","76","VALLE DEL CAUCA","76111","GUADALAJARA DE BUGA","0.003","KILOGRAMO"
"2016-05-24T00:00:00.000","76","VALLE DEL CAUCA","76834","TULUA","0.003","KILOGRAMO"
"2016-05-24T00:00:00.000","76","VALLE DEL CAUCA","76001","CALI","0.002","KILOGRAMO"
"2016-05-24T00:00:00.000","76","VALLE DEL CAUCA","76147","CARTAGO","0.001","KILOGRAMO"
"2016-05-23T00:00:00.000","76","VALLE DEL CAUCA","76111","GUADALAJARA DE BUGA","0.003","KILOGRAMO"
"2016-05-23T00:00:00.000","19","CAUCA","19698","SANTANDER DE QUILICHAO","0.012","KILOGRAMO"
"2016-05-23T00:00:00.000","76","VALLE DEL CAUCA","76001","CALI","0.002","KILOGRAMO"
"2016-05-22T00:00:00.000","76","VALLE DEL CAUCA","76736","SEVILLA","0.007","KILOGRAMO"
"2016-05-22T00:00:00.000","11","BOGOTA D.C.","11001","BOGOTA D.C.","0.032","KILOGRAMO"
"2016-05-21T00:00:00.000","11","BOGOTA D.C.","11001","BOGOTA D.C.","0.027","KILOGRAMO"
"2016-05-21T00:00:00.000","76","VALLE DEL CAUCA","76147","CARTAGO","0.001","KILOGRAMO"
"2016-05-20T00:00:00.000","76","VALLE DEL CAUCA","76147","CARTAGO","0.009","KILOGRAMO"
"2016-05-20T00:00:00.000","76","VALLE DEL CAUCA","76001","CALI","0.002","KILOGRAMO"
"2016-05-20T00:00:00.000","63","QUINDIO","63190","CIRCASIA","0.014","KILOGRAMO"
"2016-05-20T00:00:00.000","63","QUINDIO","63001","ARMENIA","0.003","KILOGRAMO"
"2016-05-20T00:00:00.000","05","ANTIOQUIA","05001","MEDELLIN","0.042","KILOGRAMO"
"2016-05-20T00:00:00.000","76","VALLE DEL CAUCA","76113","BUGALAGRANDE","0.015","KILOGRAMO"
"2016-05-20T00:00:00.000","76","VALLE DEL CAUCA","76111","GUADALAJARA DE BUGA","0.005","KILOGRAMO"
"2016-05-20T00:00:00.000","54","NORTE DE SANTANDER","54001","CUCUTA","0.004","KILOGRAMO"
"2016-05-20T00:00:00.000","76","VALLE DEL CAUCA","76248","EL CERRITO","0.002","KILOGRAMO"
"2016-05-19T00:00:00.000","76","VALLE DEL CAUCA","76736","SEVILLA","0.005","KILOGRAMO"
"2016-05-19T00:00:00.000","76","VALLE DEL CAUCA","76248","EL CERRITO","0.002","KILOGRAMO"
"2016-05-19T00:00:00.000","76","VALLE DEL CAUCA","76834","TULUA","0.004","KILOGRAMO"
"2016-05-19T00:00:00.000","76","VALLE DEL CAUCA","76001","CALI","0.002","KILOGRAMO"
"2016-05-19T00:00:00.000","66","RISARALDA","66001","PEREIRA","0.846","KILOGRAMO"
"2016-05-19T00:00:00.000","76","VALLE DEL CAUCA","76036","ANDALUCIA","0.004","KILOGRAMO"
"2016-05-18T00:00:00.000","76","VALLE DEL CAUCA","76736","SEVILLA","0.004","KILOGRAMO"
"2016-05-18T00:00:00.000","76","VALLE DEL CAUCA","76111","GUADALAJARA DE BUGA","0.004","KILOGRAMO"
"2016-05-18T00:00:00.000","76","VALLE DEL CAUCA","76834","TULUA","0.004","KILOGRAMO"
"2016-05-18T00:00:00.000","76","VALLE DEL CAUCA","76248","EL CERRITO","0.002","KILOGRAMO"
"2016-05-18T00:00:00.000","76","VALLE DEL CAUCA","76147","CARTAGO","0.025","KILOGRAMO"
"2016-05-17T00:00:00.000","76","VALLE DEL CAUCA","76248","EL CERRITO","0.004","KILOGRAMO"
"2016-05-17T00:00:00.000","76","VALLE DEL CAUCA","76147","CARTAGO","0.003","KILOGRAMO"
"2016-05-17T00:00:00.000","11","BOGOTA D.C.","11001","BOGOTA D.C.","0.006","KILOGRAMO"
"2016-05-16T00:00:00.000","76","VALLE DEL CAUCA","76001","CALI","0.001","KILOGRAMO"
"2016-05-16T00:00:00.000","76","VALLE DEL CAUCA","76736","SEVILLA","0.005","KILOGRAMO"
"2016-05-16T00:00:00.000","76","VALLE DEL CAUCA","76147","CARTAGO","0.001","KILOGRAMO"
"2016-05-16T00:00:00.000","63","QUINDIO","63001","ARMENIA","0.004","KILOGRAMO"
"2016-05-16T00:00:00.000","11","BOGOTA D.C.","11001","BOGOTA D.C.","0.006","KILOGRAMO"
"2016-05-16T00:00:00.000","76","VALLE DEL CAUCA","76248","EL CERRITO","0.002","KILOGRAMO"
"2016-05-15T00:00:00.000","05","ANTIOQUIA","05001","MEDELLIN","0.005","KILOGRAMO"
"2016-05-15T00:00:00.000","08","ATLANTICO","08520","PALMAR DE VARELA","0.007","KILOGRAMO"
"2016-05-15T00:00:00.000","11","BOGOTA D.C.","11001","BOGOTA D.C.","0.01","KILOGRAMO"
"2016-05-15T00:00:00.000","76","VALLE DEL CAUCA","76248","EL CERRITO","0.002","KILOGRAMO"
"2016-05-15T00:00:00.000","19","CAUCA","19698","SANTANDER DE QUILICHAO","0.009","KILOGRAMO"
"2016-05-14T00:00:00.000","76","VALLE DEL CAUCA","76001","CALI","0.001","KILOGRAMO"
"2016-05-14T00:00:00.000","76","VALLE DEL CAUCA","76111","GUADALAJARA DE BUGA","0.001","KILOGRAMO"
"2016-05-14T00:00:00.000","76","VALLE DEL CAUCA","76248","EL CERRITO","0.002","KILOGRAMO"
"2016-05-14T00:00:00.000","11","BOGOTA D.C.","11001","BOGOTA D.C.","0.08","KILOGRAMO"
"2016-05-14T00:00:00.000","19","CAUCA","19212","CORINTO","0.003","KILOGRAMO"
"2016-05-13T00:00:00.000","76","VALLE DEL CAUCA","76147","CARTAGO","0.008","KILOGRAMO"
"2016-05-13T00:00:00.000","19","CAUCA","19698","SANTANDER DE QUILICHAO","0.003","KILOGRAMO"
"2016-05-13T00:00:00.000","76","VALLE DEL CAUCA","76248","EL CERRITO","0.002","KILOGRAMO"
"2016-05-13T00:00:00.000","76","VALLE DEL CAUCA","76001","CALI","0.001","KILOGRAMO"
"2016-05-13T00:00:00.000","11","BOGOTA D.C.","11001","BOGOTA D.C.","0.035","KILOGRAMO"
"2016-05-13T00:00:00.000","76","VALLE DEL CAUCA","76111","GUADALAJARA DE BUGA","0.007","KILOGRAMO"
"2016-05-12T00:00:00.000","76","VALLE DEL CAUCA","76147","CARTAGO","0.002","KILOGRAMO"
"2016-05-12T00:00:00.000","63","QUINDIO","63001","ARMENIA","0.002","KILOGRAMO"
"2016-05-12T00:00:00.000","76","VALLE DEL CAUCA","76248","EL CERRITO","0.003","KILOGRAMO"
"2016-05-12T00:00:00.000","76","VALLE DEL CAUCA","76834","TULUA","0.005","KILOGRAMO"
"2016-05-11T00:00:00.000","76","VALLE DEL CAUCA","76147","CARTAGO","0.015","KILOGRAMO"
"2016-05-11T00:00:00.000","76","VALLE DEL CAUCA","76248","EL CERRITO","0.005","KILOGRAMO"
"2016-05-11T00:00:00.000","76","VALLE DEL CAUCA","76111","GUADALAJARA DE BUGA","0.002","KILOGRAMO"
"2016-05-11T00:00:00.000","76","VALLE DEL CAUCA","76834","TULUA","0.005","KILOGRAMO"
"2016-05-10T00:00:00.000","11","BOGOTA D.C.","11001","BOGOTA D.C.","0.002","KILOGRAMO"
"2016-05-10T00:00:00.000","76","VALLE DEL CAUCA","76497","OBANDO","0.004","KILOGRAMO"
"2016-05-10T00:00:00.000","76","VALLE DEL CAUCA","76111","GUADALAJARA DE BUGA","0.004","KILOGRAMO"
"2016-05-10T00:00:00.000","76","VALLE DEL CAUCA","76248","EL CERRITO","0.001","KILOGRAMO"
"2016-05-09T00:00:00.000","76","VALLE DEL CAUCA","76248","EL CERRITO","0.003","KILOGRAMO"
"2016-05-08T00:00:00.000","66","RISARALDA","66170","DOSQUEBRADAS","0.002","KILOGRAMO"
"2016-05-08T00:00:00.000","76","VALLE DEL CAUCA","76248","EL CERRITO","0.003","KILOGRAMO"
"2016-05-07T00:00:00.000","76","VALLE DEL CAUCA","76001","CALI","1.655","KILOGRAMO"
"2016-05-07T00:00:00.000","63","QUINDIO","63001","ARMENIA","0.044","KILOGRAMO"
"2016-05-07T00:00:00.000","76","VALLE DEL CAUCA","76147","CARTAGO","0.003","KILOGRAMO"
"2016-05-07T00:00:00.000","05","ANTIOQUIA","05001","MEDELLIN","0.001","KILOGRAMO"
"2016-05-07T00:00:00.000","76","VALLE DEL CAUCA","76248","EL CERRITO","0.003","KILOGRAMO"
"2016-05-07T00:00:00.000","08","ATLANTICO","08001","BARRANQUILLA","0.004","KILOGRAMO"
"2016-05-06T00:00:00.000","76","VALLE DEL CAUCA","76147","CARTAGO","0.01","KILOGRAMO"
"2016-05-06T00:00:00.000","76","VALLE DEL CAUCA","76834","TULUA","0.003","KILOGRAMO"
"2016-05-06T00:00:00.000","76","VALLE DEL CAUCA","76248","EL CERRITO","0.002","KILOGRAMO"
"2016-05-05T00:00:00.000","76","VALLE DEL CAUCA","76497","OBANDO","0.002","KILOGRAMO"
"2016-05-05T00:00:00.000","76","VALLE DEL CAUCA","76147","CARTAGO","0.017","KILOGRAMO"
"2016-05-05T00:00:00.000","76","VALLE DEL CAUCA","76248","EL CERRITO","0.002","KILOGRAMO"
"2016-05-05T00:00:00.000","76","VALLE DEL CAUCA","76834","TULUA","0.003","KILOGRAMO"
"2016-05-04T00:00:00.000","76","VALLE DEL CAUCA","76834","TULUA","0.002","KILOGRAMO"
"2016-05-04T00:00:00.000","76","VALLE DEL CAUCA","76248","EL CERRITO","0.002","KILOGRAMO"
"2016-05-04T00:00:00.000","25","CUNDINAMARCA","25758","SOPO","0.001","KILOGRAMO"
"2016-05-04T00:00:00.000","05","ANTIOQUIA","05001","MEDELLIN","0.006","KILOGRAMO"
"2016-05-04T00:00:00.000","76","VALLE DEL CAUCA","76109","BUENAVENTURA","0.002","KILOGRAMO"
"2016-05-03T00:00:00.000","76","VALLE DEL CAUCA","76001","CALI","0.001","KILOGRAMO"
"2016-05-03T00:00:00.000","76","VALLE DEL CAUCA","76147","CARTAGO","0.001","KILOGRAMO"
"2016-05-03T00:00:00.000","76","VALLE DEL CAUCA","76834","TULUA","0.009","KILOGRAMO"
"2016-05-03T00:00:00.000","76","VALLE DEL CAUCA","76248","EL CERRITO","0.002","KILOGRAMO"
"2016-05-02T00:00:00.000","76","VALLE DEL CAUCA","76834","TULUA","0.003","KILOGRAMO"
"2016-05-02T00:00:00.000","76","VALLE DEL CAUCA","76248","EL CERRITO","0.002","KILOGRAMO"
"2016-05-02T00:00:00.000","76","VALLE DEL CAUCA","76147","CARTAGO","0.007","KILOGRAMO"
"2016-05-02T00:00:00.000","76","VALLE DEL CAUCA","76001","CALI","0.002","KILOGRAMO"
"2016-05-01T00:00:00.000","76","VALLE DEL CAUCA","76248","EL CERRITO","0.004","KILOGRAMO"
"2016-04-30T00:00:00.000","54","NORTE DE SANTANDER","54001","CUCUTA","0.002","KILOGRAMO"
"2016-04-30T00:00:00.000","76","VALLE DEL CAUCA","76248","EL CERRITO","0.005","KILOGRAMO"
"2016-04-30T00:00:00.000","50","META","50606","RESTREPO","0.003","KILOGRAMO"
"2016-04-30T00:00:00.000","76","VALLE DEL CAUCA","76147","CARTAGO","0.008","KILOGRAMO"
"2016-04-30T00:00:00.000","50","META","50001","VILLAVICENCIO","0.003","KILOGRAMO"
"2016-04-29T00:00:00.000","76","VALLE DEL CAUCA","76622","ROLDANILLO","0.001","KILOGRAMO"
"2016-04-29T00:00:00.000","76","VALLE DEL CAUCA","76147","CARTAGO","0.011","KILOGRAMO"
"2016-04-29T00:00:00.000","76","VALLE DEL CAUCA","76834","TULUA","0.002","KILOGRAMO"
"2016-04-29T00:00:00.000","66","RISARALDA","66001","PEREIRA","3.4","KILOGRAMO"
"2016-04-29T00:00:00.000","76","VALLE DEL CAUCA","76248","EL CERRITO","0.004","KILOGRAMO"
"2016-04-29T00:00:00.000","76","VALLE DEL CAUCA","76001","CALI","0.001","KILOGRAMO"
"2016-04-29T00:00:00.000","08","ATLANTICO","08001","BARRANQUILLA","0.03","KILOGRAMO"
"2016-04-28T00:00:00.000","76","VALLE DEL CAUCA","76834","TULUA","0.002","KILOGRAMO"
"2016-04-28T00:00:00.000","13","BOLIVAR","13001","CARTAGENA DE INDIAS","0.5","KILOGRAMO"
"2016-04-28T00:00:00.000","76","VALLE DEL CAUCA","76001","CALI","0.002","KILOGRAMO"
"2016-04-28T00:00:00.000","76","VALLE DEL CAUCA","76497","OBANDO","0.001","KILOGRAMO"
"2016-04-28T00:00:00.000","76","VALLE DEL CAUCA","76248","EL CERRITO","0.002","KILOGRAMO"
"2016-04-27T00:00:00.000","76","VALLE DEL CAUCA","76248","EL CERRITO","0.002","KILOGRAMO"
"2016-04-27T00:00:00.000","11","BOGOTA D.C.","11001","BOGOTA D.C.","0.099","KILOGRAMO"
"2016-04-27T00:00:00.000","76","VALLE DEL CAUCA","76113","BUGALAGRANDE","0.003","KILOGRAMO"
"2016-04-27T00:00:00.000","76","VALLE DEL CAUCA","76147","CARTAGO","0.006","KILOGRAMO"
"2016-04-26T00:00:00.000","76","VALLE DEL CAUCA","76400","LA UNION","0.004","KILOGRAMO"
"2016-04-26T00:00:00.000","76","VALLE DEL CAUCA","76497","OBANDO","0.002","KILOGRAMO"
"2016-04-26T00:00:00.000","76","VALLE DEL CAUCA","76248","EL CERRITO","0.002","KILOGRAMO"
"2016-04-26T00:00:00.000","76","VALLE DEL CAUCA","76147","CARTAGO","0.01","KILOGRAMO"
"2016-04-25T00:00:00.000","76","VALLE DEL CAUCA","76001","CALI","0.001","KILOGRAMO"
"2016-04-25T00:00:00.000","76","VALLE DEL CAUCA","76248","EL CERRITO","0.005","KILOGRAMO"
"2016-04-25T00:00:00.000","76","VALLE DEL CAUCA","76834","TULUA","0.006","KILOGRAMO"
"2016-04-25T00:00:00.000","76","VALLE DEL CAUCA","76020","ALCALA","0.002","KILOGRAMO"
"2016-04-25T00:00:00.000","68","SANTANDER","68001","BUCARAMANGA","0.004","KILOGRAMO"
"2016-04-24T00:00:00.000","76","VALLE DEL CAUCA","76248","EL CERRITO","0.005","KILOGRAMO"
"2016-04-24T00:00:00.000","54","NORTE DE SANTANDER","54001","CUCUTA","0.001","KILOGRAMO"
"2016-04-24T00:00:00.000","76","VALLE DEL CAUCA","76111","GUADALAJARA DE BUGA","0.001","KILOGRAMO"
"2016-04-23T00:00:00.000","76","VALLE DEL CAUCA","76248","EL CERRITO","0.002","KILOGRAMO"
"2016-04-22T00:00:00.000","76","VALLE DEL CAUCA","76736","SEVILLA","0.004","KILOGRAMO"
"2016-04-22T00:00:00.000","76","VALLE DEL CAUCA","76001","CALI","0.005","KILOGRAMO"
"2016-04-22T00:00:00.000","76","VALLE DEL CAUCA","76111","GUADALAJARA DE BUGA","0.005","KILOGRAMO"
"2016-04-22T00:00:00.000","76","VALLE DEL CAUCA","76606","RESTREPO","0.001","KILOGRAMO"
"2016-04-22T00:00:00.000","76","VALLE DEL CAUCA","76147","CARTAGO","0.005","KILOGRAMO"
"2016-04-22T00:00:00.000","76","VALLE DEL CAUCA","76520","PALMIRA","0.002","KILOGRAMO"
"2016-04-22T00:00:00.000","76","VALLE DEL CAUCA","76113","BUGALAGRANDE","0.001","KILOGRAMO"
"2016-04-22T00:00:00.000","05","ANTIOQUIA","05001","MEDELLIN","0.002","KILOGRAMO"
"2016-04-22T00:00:00.000","76","VALLE DEL CAUCA","76248","EL CERRITO","0.001","KILOGRAMO"
"2016-04-21T00:00:00.000","76","VALLE DEL CAUCA","76248","EL CERRITO","0.001","KILOGRAMO"
"2016-04-21T00:00:00.000","76","VALLE DEL CAUCA","76147","CARTAGO","0.003","KILOGRAMO"
"2016-04-21T00:00:00.000","05","ANTIOQUIA","05001","MEDELLIN","0.0085","KILOGRAMO"
"2016-04-20T00:00:00.000","76","VALLE DEL CAUCA","76147","CARTAGO","0.002","KILOGRAMO"
"2016-04-20T00:00:00.000","76","VALLE DEL CAUCA","76020","ALCALA","0.002","KILOGRAMO"
"2016-04-20T00:00:00.000","76","VALLE DEL CAUCA","76248","EL CERRITO","0.001","KILOGRAMO"
"2016-04-20T00:00:00.000","76","VALLE DEL CAUCA","76111","GUADALAJARA DE BUGA","0.005","KILOGRAMO"
"2016-04-19T00:00:00.000","20","CESAR","20710","SAN ALBERTO","0.018","KILOGRAMO"
"2016-04-19T00:00:00.000","76","VALLE DEL CAUCA","76001","CALI","0.057","KILOGRAMO"
"2016-04-19T00:00:00.000","63","QUINDIO","63001","ARMENIA","0.026","KILOGRAMO"
"2016-04-19T00:00:00.000","66","RISARALDA","66400","LA VIRGINIA","0.023","KILOGRAMO"
"2016-04-19T00:00:00.000","76","VALLE DEL CAUCA","76834","TULUA","0.005","KILOGRAMO"
"2016-04-19T00:00:00.000","76","VALLE DEL CAUCA","76147","CARTAGO","0.004","KILOGRAMO"
"2016-04-19T00:00:00.000","76","VALLE DEL CAUCA","76248","EL CERRITO","0.002","KILOGRAMO"
"2016-04-18T00:00:00.000","76","VALLE DEL CAUCA","76147","CARTAGO","0.001","KILOGRAMO"
"2016-04-18T00:00:00.000","76","VALLE DEL CAUCA","76111","GUADALAJARA DE BUGA","0.003","KILOGRAMO"
"2016-04-18T00:00:00.000","76","VALLE DEL CAUCA","76248","EL CERRITO","0.002","KILOGRAMO"
"2016-04-18T00:00:00.000","20","CESAR","20011","AGUACHICA","0.011","KILOGRAMO"
"2016-04-18T00:00:00.000","76","VALLE DEL CAUCA","76020","ALCALA","0.003","KILOGRAMO"
"2016-04-18T00:00:00.000","08","ATLANTICO","08758","SOLEDAD","0.002","KILOGRAMO"
"2016-04-17T00:00:00.000","76","VALLE DEL CAUCA","76001","CALI","0.007","KILOGRAMO"
"2016-04-17T00:00:00.000","76","VALLE DEL CAUCA","76248","EL CERRITO","0.002","KILOGRAMO"
"2016-04-16T00:00:00.000","76","VALLE DEL CAUCA","76248","EL CERRITO","0.002","KILOGRAMO"
"2016-04-16T00:00:00.000","76","VALLE DEL CAUCA","76306","GINEBRA","0.001","KILOGRAMO"
"2016-04-15T00:00:00.000","76","VALLE DEL CAUCA","76834","TULUA","0.002","KILOGRAMO"
"2016-04-15T00:00:00.000","25","CUNDINAMARCA","25572","PUERTO SALGAR","0.002","KILOGRAMO"
"2016-04-15T00:00:00.000","76","VALLE DEL CAUCA","76147","CARTAGO","0.021","KILOGRAMO"
"2016-04-15T00:00:00.000","05","ANTIOQUIA","05212","COPACABANA","0.015","KILOGRAMO"
"2016-04-15T00:00:00.000","76","VALLE DEL CAUCA","76001","CALI","0.006","KILOGRAMO"
"2016-04-15T00:00:00.000","76","VALLE DEL CAUCA","76248","EL CERRITO","0.002","KILOGRAMO"
"2016-04-14T00:00:00.000","63","QUINDIO","63001","ARMENIA","0.004","KILOGRAMO"
"2016-04-13T00:00:00.000","52","NARIÑO","52356","IPIALES","18.4","KILOGRAMO"
"2016-04-13T00:00:00.000","76","VALLE DEL CAUCA","76248","EL CERRITO","0.003","KILOGRAMO"
"2016-04-13T00:00:00.000","76","VALLE DEL CAUCA","76147","CARTAGO","0.024","KILOGRAMO"
"2016-04-13T00:00:00.000","76","VALLE DEL CAUCA","76001","CALI","0.33","KILOGRAMO"
"2016-04-12T00:00:00.000","76","VALLE DEL CAUCA","76248","EL CERRITO","0.003","KILOGRAMO"
"2016-04-12T00:00:00.000","76","VALLE DEL CAUCA","76147","CARTAGO","0.034","KILOGRAMO"
"2016-04-12T00:00:00.000","76","VALLE DEL CAUCA","76001","CALI","0.002","KILOGRAMO"
"2016-04-12T00:00:00.000","76","VALLE DEL CAUCA","76364","JAMUNDI","0.018","KILOGRAMO"
"2016-04-11T00:00:00.000","76","VALLE DEL CAUCA","76248","EL CERRITO","0.002","KILOGRAMO"
"2016-04-11T00:00:00.000","76","VALLE DEL CAUCA","76834","TULUA","0.002","KILOGRAMO"
"2016-04-11T00:00:00.000","05","ANTIOQUIA","05360","ITAGUI","0.005","KILOGRAMO"
"2016-04-11T00:00:00.000","08","ATLANTICO","08001","BARRANQUILLA","0.005","KILOGRAMO"
"2016-04-11T00:00:00.000","76","VALLE DEL CAUCA","76147","CARTAGO","0.029","KILOGRAMO"
"2016-04-10T00:00:00.000","76","VALLE DEL CAUCA","76248","EL CERRITO","0.003","KILOGRAMO"
"2016-04-10T00:00:00.000","76","VALLE DEL CAUCA","76001","CALI","0.051","KILOGRAMO"
"2016-04-10T00:00:00.000","08","ATLANTICO","08001","BARRANQUILLA","0.008","KILOGRAMO"
"2016-04-09T00:00:00.000","52","NARIÑO","52258","EL TABLON DE GOMEZ","98.5","KILOGRAMO"
"2016-04-09T00:00:00.000","76","VALLE DEL CAUCA","76248","EL CERRITO","0.011","KILOGRAMO"
"2016-04-09T00:00:00.000","76","VALLE DEL CAUCA","76845","ULLOA","0.001","KILOGRAMO"
"2016-04-08T00:00:00.000","76","VALLE DEL CAUCA","76834","TULUA","0.002","KILOGRAMO"
"2016-04-08T00:00:00.000","76","VALLE DEL CAUCA","76109","BUENAVENTURA","0.002","KILOGRAMO"
"2016-04-08T00:00:00.000","76","VALLE DEL CAUCA","76147","CARTAGO","0.007","KILOGRAMO"
"2016-04-08T00:00:00.000","05","ANTIOQUIA","05001","MEDELLIN","0.009","KILOGRAMO"
"2016-04-08T00:00:00.000","76","VALLE DEL CAUCA","76248","EL CERRITO","0.015","KILOGRAMO"
"2016-04-07T00:00:00.000","76","VALLE DEL CAUCA","76834","TULUA","0.003","KILOGRAMO"
"2016-04-07T00:00:00.000","63","QUINDIO","63401","LA TEBAIDA","0.05","KILOGRAMO"
"2016-04-07T00:00:00.000","76","VALLE DEL CAUCA","76248","EL CERRITO","0.016","KILOGRAMO"
"2016-04-07T00:00:00.000","76","VALLE DEL CAUCA","76147","CARTAGO","0.002","KILOGRAMO"
"2016-04-06T00:00:00.000","76","VALLE DEL CAUCA","76147","CARTAGO","0.04","KILOGRAMO"
"2016-04-06T00:00:00.000","63","QUINDIO","63001","ARMENIA","0.002","KILOGRAMO"
"2016-04-06T00:00:00.000","76","VALLE DEL CAUCA","76111","GUADALAJARA DE BUGA","0.006","KILOGRAMO"
"2016-04-06T00:00:00.000","05","ANTIOQUIA","05212","COPACABANA","0.007","KILOGRAMO"
"2016-04-06T00:00:00.000","73","TOLIMA","73001","IBAGUE","1.3","KILOGRAMO"
"2016-04-06T00:00:00.000","76","VALLE DEL CAUCA","76248","EL CERRITO","0.014","KILOGRAMO"
"2016-04-05T00:00:00.000","76","VALLE DEL CAUCA","76845","ULLOA","0.002","KILOGRAMO"
"2016-04-05T00:00:00.000","76","VALLE DEL CAUCA","76248","EL CERRITO","0.014","KILOGRAMO"
"2016-04-05T00:00:00.000","76","VALLE DEL CAUCA","76834","TULUA","0.011","KILOGRAMO"
"2016-04-04T00:00:00.000","76","VALLE DEL CAUCA","76111","GUADALAJARA DE BUGA","0.003","KILOGRAMO"
"2016-04-04T00:00:00.000","76","VALLE DEL CAUCA","76834","TULUA","0.002","KILOGRAMO"
"2016-04-04T00:00:00.000","08","ATLANTICO","08685","SANTO TOMAS","0.005","KILOGRAMO"
"2016-04-04T00:00:00.000","76","VALLE DEL CAUCA","76248","EL CERRITO","0.011","KILOGRAMO"
"2016-04-04T00:00:00.000","05","ANTIOQUIA","05129","CALDAS","0.005","KILOGRAMO"
"2016-04-04T00:00:00.000","76","VALLE DEL CAUCA","76622","ROLDANILLO","0.005","KILOGRAMO"
"2016-04-03T00:00:00.000","76","VALLE DEL CAUCA","76248","EL CERRITO","0.013","KILOGRAMO"
"2016-04-03T00:00:00.000","76","VALLE DEL CAUCA","76001","CALI","0.001","KILOGRAMO"
"2016-04-03T00:00:00.000","50","META","50001","VILLAVICENCIO","0.001","KILOGRAMO"
"2016-04-02T00:00:00.000","76","VALLE DEL CAUCA","76248","EL CERRITO","0.012","KILOGRAMO"
"2016-04-02T00:00:00.000","76","VALLE DEL CAUCA","76111","GUADALAJARA DE BUGA","0.004","KILOGRAMO"
"2016-04-02T00:00:00.000","11","BOGOTA D.C.","11001","BOGOTA D.C.","1.578","KILOGRAMO"
"2016-04-01T00:00:00.000","76","VALLE DEL CAUCA","76248","EL CERRITO","0.01","KILOGRAMO"
"2016-03-31T00:00:00.000","11","BOGOTA D.C.","11001","BOGOTA D.C.","0.373","KILOGRAMO"
"2016-03-31T00:00:00.000","76","VALLE DEL CAUCA","76001","CALI","0.002","KILOGRAMO"
"2016-03-31T00:00:00.000","05","ANTIOQUIA","05001","MEDELLIN","0.112","KILOGRAMO"
"2016-03-31T00:00:00.000","08","ATLANTICO","08634","SABANAGRANDE","0.002","KILOGRAMO"
"2016-03-30T00:00:00.000","05","ANTIOQUIA","05001","MEDELLIN","0.025","KILOGRAMO"
"2016-03-30T00:00:00.000","76","VALLE DEL CAUCA","76147","CARTAGO","0.022","KILOGRAMO"
"2016-03-30T00:00:00.000","13","BOLIVAR","13001","CARTAGENA DE INDIAS","6","KILOGRAMO"
"2016-03-29T00:00:00.000","52","NARIÑO","52788","TANGUA","18.65","KILOGRAMO"
"2016-03-29T00:00:00.000","76","VALLE DEL CAUCA","76001","CALI","0.121","KILOGRAMO"
"2016-03-29T00:00:00.000","76","VALLE DEL CAUCA","76834","TULUA","0.002","KILOGRAMO"
"2016-03-29T00:00:00.000","76","VALLE DEL CAUCA","76364","JAMUNDI","0.02","KILOGRAMO"
"2016-03-29T00:00:00.000","08","ATLANTICO","08573","PUERTO COLOMBIA","0.021","KILOGRAMO"
"2016-03-28T00:00:00.000","63","QUINDIO","63001","ARMENIA","0.057","KILOGRAMO"
"2016-03-28T00:00:00.000","76","VALLE DEL CAUCA","76606","RESTREPO","0.001","KILOGRAMO"
"2016-03-28T00:00:00.000","54","NORTE DE SANTANDER","54001","CUCUTA","0.006","KILOGRAMO"
"2016-03-28T00:00:00.000","76","VALLE DEL CAUCA","76001","CALI","0.001","KILOGRAMO"
"2016-03-26T00:00:00.000","76","VALLE DEL CAUCA","76001","CALI","0.001","KILOGRAMO"
"2016-03-26T00:00:00.000","63","QUINDIO","63001","ARMENIA","0.034","KILOGRAMO"
"2016-03-26T00:00:00.000","66","RISARALDA","66170","DOSQUEBRADAS","0.004","KILOGRAMO"
"2016-03-26T00:00:00.000","05","ANTIOQUIA","05001","MEDELLIN","0.008","KILOGRAMO"
"2016-03-25T00:00:00.000","76","VALLE DEL CAUCA","76111","GUADALAJARA DE BUGA","0.005","KILOGRAMO"
"2016-03-25T00:00:00.000","20","CESAR","20001","VALLEDUPAR","0.001","KILOGRAMO"
"2016-03-24T00:00:00.000","76","VALLE DEL CAUCA","76001","CALI","0.001","KILOGRAMO"
"2016-03-24T00:00:00.000","76","VALLE DEL CAUCA","76306","GINEBRA","0.001","KILOGRAMO"
"2016-03-24T00:00:00.000","05","ANTIOQUIA","05308","GIRARDOTA","0.001","KILOGRAMO"
"2016-03-23T00:00:00.000","52","NARIÑO","52378","LA CRUZ","0.007","KILOGRAMO"
"2016-03-23T00:00:00.000","54","NORTE DE SANTANDER","54001","CUCUTA","0.001","KILOGRAMO"
"2016-03-23T00:00:00.000","76","VALLE DEL CAUCA","76001","CALI","0.001","KILOGRAMO"
"2016-03-23T00:00:00.000","76","VALLE DEL CAUCA","76036","ANDALUCIA","0.008","KILOGRAMO"
"2016-03-23T00:00:00.000","17","CALDAS","17001","MANIZALES","0.006","KILOGRAMO"
"2016-03-22T00:00:00.000","11","BOGOTA D.C.","11001","BOGOTA D.C.","2.726","KILOGRAMO"
"2016-03-22T00:00:00.000","05","ANTIOQUIA","05001","MEDELLIN","0.07","KILOGRAMO"
"2016-03-21T00:00:00.000","76","VALLE DEL CAUCA","76147","CARTAGO","0.021","KILOGRAMO"
"2016-03-21T00:00:00.000","81","ARAUCA","81001","ARAUCA","0.002","KILOGRAMO"
"2016-03-21T00:00:00.000","76","VALLE DEL CAUCA","76001","CALI","0.007","KILOGRAMO"
"2016-03-19T00:00:00.000","81","ARAUCA","81001","ARAUCA","0.057","KILOGRAMO"
"2016-03-19T00:00:00.000","05","ANTIOQUIA","05887","YARUMAL","0.002","KILOGRAMO"
"2016-03-19T00:00:00.000","76","VALLE DEL CAUCA","76111","GUADALAJARA DE BUGA","0.003","KILOGRAMO"
"2016-03-19T00:00:00.000","76","VALLE DEL CAUCA","76001","CALI","0.001","KILOGRAMO"
"2016-03-18T00:00:00.000","76","VALLE DEL CAUCA","76736","SEVILLA","0.002","KILOGRAMO"
"2016-03-18T00:00:00.000","76","VALLE DEL CAUCA","76147","CARTAGO","0.023","KILOGRAMO"
"2016-03-17T00:00:00.000","76","VALLE DEL CAUCA","76001","CALI","0.002","KILOGRAMO"
"2016-03-17T00:00:00.000","08","ATLANTICO","08001","BARRANQUILLA","0.05","KILOGRAMO"
"2016-03-17T00:00:00.000","76","VALLE DEL CAUCA","76845","ULLOA","0.001","KILOGRAMO"
"2016-03-17T00:00:00.000","76","VALLE DEL CAUCA","76246","EL CAIRO","0.001","KILOGRAMO"
"2016-03-16T00:00:00.000","66","RISARALDA","66682","SANTA ROSA DE CABAL","0.011","KILOGRAMO"
"2016-03-16T00:00:00.000","76","VALLE DEL CAUCA","76834","TULUA","0.004","KILOGRAMO"
"2016-03-16T00:00:00.000","76","VALLE DEL CAUCA","76616","RIOFRIO","0.002","KILOGRAMO"
"2016-03-15T00:00:00.000","76","VALLE DEL CAUCA","76001","CALI","0.002","KILOGRAMO"
"2016-03-15T00:00:00.000","76","VALLE DEL CAUCA","76147","CARTAGO","0.024","KILOGRAMO"
"2016-03-14T00:00:00.000","76","VALLE DEL CAUCA","76001","CALI","0.002","KILOGRAMO"
"2016-03-14T00:00:00.000","05","ANTIOQUIA","05120","CACERES","0.01","KILOGRAMO"
"2016-03-14T00:00:00.000","08","ATLANTICO","08001","BARRANQUILLA","0.015","KILOGRAMO"
"2016-03-13T00:00:00.000","11","BOGOTA D.C.","11001","BOGOTA D.C.","0.115","KILOGRAMO"
"2016-03-12T00:00:00.000","66","RISARALDA","66001","PEREIRA","1.046","KILOGRAMO"
"2016-03-12T00:00:00.000","11","BOGOTA D.C.","11001","BOGOTA D.C.","0.004","KILOGRAMO"
"2016-03-12T00:00:00.000","76","VALLE DEL CAUCA","76001","CALI","0.062","KILOGRAMO"
"2016-03-11T00:00:00.000","54","NORTE DE SANTANDER","54001","CUCUTA","0.007","KILOGRAMO"
"2016-03-11T00:00:00.000","76","VALLE DEL CAUCA","76364","JAMUNDI","0.04","KILOGRAMO"
"2016-03-11T00:00:00.000","76","VALLE DEL CAUCA","76001","CALI","0.001","KILOGRAMO"
"2016-03-11T00:00:00.000","76","VALLE DEL CAUCA","76147","CARTAGO","0.004","KILOGRAMO"
"2016-03-10T00:00:00.000","76","VALLE DEL CAUCA","76736","SEVILLA","0.001","KILOGRAMO"
"2016-03-09T00:00:00.000","54","NORTE DE SANTANDER","54001","CUCUTA","0.002","KILOGRAMO"
"2016-03-09T00:00:00.000","05","ANTIOQUIA","05266","ENVIGADO","0.026","KILOGRAMO"
"2016-03-08T00:00:00.000","66","RISARALDA","66001","PEREIRA","0.001","KILOGRAMO"
"2016-03-08T00:00:00.000","76","VALLE DEL CAUCA","76246","EL CAIRO","0.001","KILOGRAMO"
"2016-03-08T00:00:00.000","76","VALLE DEL CAUCA","76001","CALI","0.004","KILOGRAMO"
"2016-03-08T00:00:00.000","76","VALLE DEL CAUCA","76147","CARTAGO","0.019","KILOGRAMO"
"2016-03-07T00:00:00.000","76","VALLE DEL CAUCA","76834","TULUA","0.047","KILOGRAMO"
"2016-03-07T00:00:00.000","76","VALLE DEL CAUCA","76845","ULLOA","0.001","KILOGRAMO"
"2016-03-06T00:00:00.000","76","VALLE DEL CAUCA","76001","CALI","0.002","KILOGRAMO"
"2016-03-05T00:00:00.000","08","ATLANTICO","08001","BARRANQUILLA","0.04","KILOGRAMO"
"2016-03-05T00:00:00.000","76","VALLE DEL CAUCA","76001","CALI","0.007","KILOGRAMO"
"2016-03-04T00:00:00.000","76","VALLE DEL CAUCA","76845","ULLOA","0.001","KILOGRAMO"
"2016-03-04T00:00:00.000","76","VALLE DEL CAUCA","76834","TULUA","0.01","KILOGRAMO"
"2016-03-04T00:00:00.000","11","BOGOTA D.C.","11001","BOGOTA D.C.","5.05","KILOGRAMO"
"2016-03-04T00:00:00.000","73","TOLIMA","73268","ESPINAL","1.119","KILOGRAMO"
"2016-03-04T00:00:00.000","54","NORTE DE SANTANDER","54001","CUCUTA","0.0213","KILOGRAMO"
"2016-03-04T00:00:00.000","76","VALLE DEL CAUCA","76147","CARTAGO","0.01","KILOGRAMO"
"2016-03-04T00:00:00.000","20","CESAR","20228","CURUMANI","0.009","KILOGRAMO"
"2016-03-03T00:00:00.000","76","VALLE DEL CAUCA","76834","TULUA","0.017","KILOGRAMO"
"2016-03-03T00:00:00.000","76","VALLE DEL CAUCA","76130","CANDELARIA","0.001","KILOGRAMO"
"2016-03-03T00:00:00.000","76","VALLE DEL CAUCA","76147","CARTAGO","0.015","KILOGRAMO"
"2016-03-02T00:00:00.000","05","ANTIOQUIA","05001","MEDELLIN","0.005","KILOGRAMO"
"2016-03-02T00:00:00.000","76","VALLE DEL CAUCA","76001","CALI","0.001","KILOGRAMO"
"2016-03-02T00:00:00.000","54","NORTE DE SANTANDER","54001","CUCUTA","0.0117","KILOGRAMO"
"2016-03-02T00:00:00.000","08","ATLANTICO","08001","BARRANQUILLA","0.044","KILOGRAMO"
"2016-03-01T00:00:00.000","76","VALLE DEL CAUCA","76147","CARTAGO","0.003","KILOGRAMO"
"2016-03-01T00:00:00.000","05","ANTIOQUIA","05001","MEDELLIN","0.01","KILOGRAMO"
"2016-03-01T00:00:00.000","76","VALLE DEL CAUCA","76001","CALI","0.001","KILOGRAMO"
"2016-02-29T00:00:00.000","76","VALLE DEL CAUCA","76834","TULUA","0.012","KILOGRAMO"
"2016-02-29T00:00:00.000","76","VALLE DEL CAUCA","76041","ANSERMANUEVO","0.001","KILOGRAMO"
"2016-02-29T00:00:00.000","76","VALLE DEL CAUCA","76147","CARTAGO","0.006","KILOGRAMO"
"2016-02-28T00:00:00.000","76","VALLE DEL CAUCA","76001","CALI","0.001","KILOGRAMO"
"2016-02-27T00:00:00.000","76","VALLE DEL CAUCA","76001","CALI","0.003","KILOGRAMO"
"2016-02-27T00:00:00.000","63","QUINDIO","63001","ARMENIA","0.318","KILOGRAMO"
"2016-02-27T00:00:00.000","19","CAUCA","19698","SANTANDER DE QUILICHAO","0.005","KILOGRAMO"
"2016-02-26T00:00:00.000","76","VALLE DEL CAUCA","76001","CALI","0.006","KILOGRAMO"
"2016-02-26T00:00:00.000","63","QUINDIO","63001","ARMENIA","0.001","KILOGRAMO"
"2016-02-26T00:00:00.000","76","VALLE DEL CAUCA","76147","CARTAGO","0.018","KILOGRAMO"
"2016-02-26T00:00:00.000","76","VALLE DEL CAUCA","76111","GUADALAJARA DE BUGA","0.01","KILOGRAMO"
"2016-02-26T00:00:00.000","76","VALLE DEL CAUCA","76041","ANSERMANUEVO","0.001","KILOGRAMO"
"2016-02-25T00:00:00.000","76","VALLE DEL CAUCA","76147","CARTAGO","0.013","KILOGRAMO"
"2016-02-25T00:00:00.000","76","VALLE DEL CAUCA","76834","TULUA","0.009","KILOGRAMO"
"2016-02-25T00:00:00.000","76","VALLE DEL CAUCA","76001","CALI","0.003","KILOGRAMO"
"2016-02-25T00:00:00.000","76","VALLE DEL CAUCA","76041","ANSERMANUEVO","0.002","KILOGRAMO"
"2016-02-24T00:00:00.000","08","ATLANTICO","08001","BARRANQUILLA","0.045","KILOGRAMO"
"2016-02-24T00:00:00.000","76","VALLE DEL CAUCA","76834","TULUA","0.014","KILOGRAMO"
"2016-02-24T00:00:00.000","76","VALLE DEL CAUCA","76001","CALI","0.007","KILOGRAMO"
"2016-02-24T00:00:00.000","76","VALLE DEL CAUCA","76147","CARTAGO","0.005","KILOGRAMO"
"2016-02-23T00:00:00.000","76","VALLE DEL CAUCA","76834","TULUA","0.011","KILOGRAMO"
"2016-02-23T00:00:00.000","05","ANTIOQUIA","05001","MEDELLIN","0.001","KILOGRAMO"
"2016-02-23T00:00:00.000","76","VALLE DEL CAUCA","76054","ARGELIA","0.002","KILOGRAMO"
"2016-02-23T00:00:00.000","76","VALLE DEL CAUCA","76109","BUENAVENTURA","0.002","KILOGRAMO"
"2016-02-23T00:00:00.000","08","ATLANTICO","08001","BARRANQUILLA","0.045","KILOGRAMO"
"2016-02-23T00:00:00.000","76","VALLE DEL CAUCA","76001","CALI","0.005","KILOGRAMO"
"2016-02-23T00:00:00.000","05","ANTIOQUIA","05380","LA ESTRELLA","0.01","KILOGRAMO"
"2016-02-22T00:00:00.000","68","SANTANDER","68547","PIEDECUESTA","0.011","KILOGRAMO"
"2016-02-22T00:00:00.000","76","VALLE DEL CAUCA","76126","CALIMA","0.001","KILOGRAMO"
"2016-02-21T00:00:00.000","76","VALLE DEL CAUCA","76001","CALI","0.004","KILOGRAMO"
"2016-02-20T00:00:00.000","05","ANTIOQUIA","05615","RIONEGRO","0.459","KILOGRAMO"
"2016-02-20T00:00:00.000","76","VALLE DEL CAUCA","76001","CALI","0.053","KILOGRAMO"
"2016-02-20T00:00:00.000","76","VALLE DEL CAUCA","76147","CARTAGO","0.003","KILOGRAMO"
"2016-02-20T00:00:00.000","54","NORTE DE SANTANDER","54001","CUCUTA","0.0082","KILOGRAMO"
"2016-02-20T00:00:00.000","05","ANTIOQUIA","05001","MEDELLIN","0.093","KILOGRAMO"
"2016-02-19T00:00:00.000","11","BOGOTA D.C.","11001","BOGOTA D.C.","2.007","KILOGRAMO"
"2016-02-19T00:00:00.000","76","VALLE DEL CAUCA","76147","CARTAGO","0.004","KILOGRAMO"
"2016-02-19T00:00:00.000","76","VALLE DEL CAUCA","76001","CALI","0.001","KILOGRAMO"
"2016-02-19T00:00:00.000","76","VALLE DEL CAUCA","76834","TULUA","0.005","KILOGRAMO"
"2016-02-19T00:00:00.000","05","ANTIOQUIA","05318","GUARNE","0.1","KILOGRAMO"
"2016-02-18T00:00:00.000","54","NORTE DE SANTANDER","54001","CUCUTA","0.006","KILOGRAMO"
"2016-02-18T00:00:00.000","76","VALLE DEL CAUCA","76113","BUGALAGRANDE","0.001","KILOGRAMO"
"2016-02-18T00:00:00.000","76","VALLE DEL CAUCA","76001","CALI","0.021","KILOGRAMO"
"2016-02-18T00:00:00.000","76","VALLE DEL CAUCA","76834","TULUA","0.003","KILOGRAMO"
"2016-02-17T00:00:00.000","76","VALLE DEL CAUCA","76109","BUENAVENTURA","0.002","KILOGRAMO"
"2016-02-17T00:00:00.000","76","VALLE DEL CAUCA","76020","ALCALA","0.003","KILOGRAMO"
"2016-02-17T00:00:00.000","76","VALLE DEL CAUCA","76001","CALI","0.013","KILOGRAMO"
"2016-02-17T00:00:00.000","05","ANTIOQUIA","05001","MEDELLIN","0.005","KILOGRAMO"
"2016-02-16T00:00:00.000","76","VALLE DEL CAUCA","76001","CALI","0.012","KILOGRAMO"
"2016-02-16T00:00:00.000","05","ANTIOQUIA","05001","MEDELLIN","0.004","KILOGRAMO"
"2016-02-16T00:00:00.000","08","ATLANTICO","08001","BARRANQUILLA","0.075","KILOGRAMO"
"2016-02-16T00:00:00.000","76","VALLE DEL CAUCA","76834","TULUA","0.002","KILOGRAMO"
"2016-02-16T00:00:00.000","63","QUINDIO","63001","ARMENIA","0.017","KILOGRAMO"
"2016-02-15T00:00:00.000","76","VALLE DEL CAUCA","76001","CALI","0.003","KILOGRAMO"
"2016-02-15T00:00:00.000","76","VALLE DEL CAUCA","76834","TULUA","0.003","KILOGRAMO"
"2016-02-15T00:00:00.000","76","VALLE DEL CAUCA","76248","EL CERRITO","0.003","KILOGRAMO"
"2016-02-15T00:00:00.000","63","QUINDIO","63001","ARMENIA","0.009","KILOGRAMO"
"2016-02-14T00:00:00.000","63","QUINDIO","63001","ARMENIA","0.003","KILOGRAMO"
"2016-02-14T00:00:00.000","52","NARIÑO","52838","TUQUERRES","0.014","KILOGRAMO"
"2016-02-13T00:00:00.000","63","QUINDIO","63001","ARMENIA","0.006","KILOGRAMO"
"2016-02-12T00:00:00.000","52","NARIÑO","52356","IPIALES","16.5","KILOGRAMO"
"2016-02-12T00:00:00.000","81","ARAUCA","81001","ARAUCA","0.004","KILOGRAMO"
"2016-02-12T00:00:00.000","76","VALLE DEL CAUCA","76147","CARTAGO","0.006","KILOGRAMO"
"2016-02-12T00:00:00.000","08","ATLANTICO","08685","SANTO TOMAS","0.003","KILOGRAMO"
"2016-02-12T00:00:00.000","11","BOGOTA D.C.","11001","BOGOTA D.C.","0.945","KILOGRAMO"
"2016-02-12T00:00:00.000","76","VALLE DEL CAUCA","76001","CALI","0.005","KILOGRAMO"
"2016-02-12T00:00:00.000","66","RISARALDA","66170","DOSQUEBRADAS","0.001","KILOGRAMO"
"2016-02-11T00:00:00.000","66","RISARALDA","66001","PEREIRA","6.735","KILOGRAMO"
"2016-02-11T00:00:00.000","05","ANTIOQUIA","05001","MEDELLIN","0.044","KILOGRAMO"
"2016-02-11T00:00:00.000","66","RISARALDA","66170","DOSQUEBRADAS","0.02","KILOGRAMO"
"2016-02-11T00:00:00.000","54","NORTE DE SANTANDER","54001","CUCUTA","0.004","KILOGRAMO"
"2016-02-11T00:00:00.000","76","VALLE DEL CAUCA","76497","OBANDO","0.004","KILOGRAMO"
"2016-02-11T00:00:00.000","76","VALLE DEL CAUCA","76834","TULUA","0.003","KILOGRAMO"
"2016-02-11T00:00:00.000","76","VALLE DEL CAUCA","76001","CALI","0.008","KILOGRAMO"
"2016-02-10T00:00:00.000","05","ANTIOQUIA","05001","MEDELLIN","0.004","KILOGRAMO"
"2016-02-10T00:00:00.000","19","CAUCA","19455","MIRANDA","0.011","KILOGRAMO"
"2016-02-10T00:00:00.000","76","VALLE DEL CAUCA","76834","TULUA","0.001","KILOGRAMO"
"2016-02-10T00:00:00.000","76","VALLE DEL CAUCA","76147","CARTAGO","0.013","KILOGRAMO"
"2016-02-10T00:00:00.000","66","RISARALDA","66170","DOSQUEBRADAS","1.005","KILOGRAMO"
"2016-02-10T00:00:00.000","76","VALLE DEL CAUCA","76497","OBANDO","0.004","KILOGRAMO"
"2016-02-09T00:00:00.000","05","ANTIOQUIA","05129","CALDAS","0.013","KILOGRAMO"
"2016-02-09T00:00:00.000","76","VALLE DEL CAUCA","76001","CALI","0.005","KILOGRAMO"
"2016-02-09T00:00:00.000","11","BOGOTA D.C.","11001","BOGOTA D.C.","2.06","KILOGRAMO"
"2016-02-08T00:00:00.000","76","VALLE DEL CAUCA","76001","CALI","0.045","KILOGRAMO"
"2016-02-08T00:00:00.000","63","QUINDIO","63001","ARMENIA","0.006","KILOGRAMO"
"2016-02-08T00:00:00.000","05","ANTIOQUIA","05001","MEDELLIN","0.009","KILOGRAMO"
"2016-02-08T00:00:00.000","54","NORTE DE SANTANDER","54001","CUCUTA","0.002","KILOGRAMO"
"2016-02-08T00:00:00.000","76","VALLE DEL CAUCA","76834","TULUA","0.001","KILOGRAMO"
"2016-02-08T00:00:00.000","76","VALLE DEL CAUCA","76109","BUENAVENTURA","0.002","KILOGRAMO"
"2016-02-08T00:00:00.000","76","VALLE DEL CAUCA","76147","CARTAGO","0.006","KILOGRAMO"
"2016-02-07T00:00:00.000","76","VALLE DEL CAUCA","76001","CALI","0.206","KILOGRAMO"
"2016-02-07T00:00:00.000","76","VALLE DEL CAUCA","76054","ARGELIA","0.002","KILOGRAMO"
"2016-02-06T00:00:00.000","76","VALLE DEL CAUCA","76147","CARTAGO","0.007","KILOGRAMO"
"2016-02-06T00:00:00.000","76","VALLE DEL CAUCA","76041","ANSERMANUEVO","0.001","KILOGRAMO"
"2016-02-06T00:00:00.000","76","VALLE DEL CAUCA","76001","CALI","0.011","KILOGRAMO"
"2016-02-06T00:00:00.000","63","QUINDIO","63001","ARMENIA","0.004","KILOGRAMO"
"2016-02-05T00:00:00.000","54","NORTE DE SANTANDER","54001","CUCUTA","0.001","KILOGRAMO"
"2016-02-05T00:00:00.000","76","VALLE DEL CAUCA","76109","BUENAVENTURA","0.002","KILOGRAMO"
"2016-02-05T00:00:00.000","76","VALLE DEL CAUCA","76001","CALI","0.002","KILOGRAMO"
"2016-02-05T00:00:00.000","63","QUINDIO","63001","ARMENIA","0.001","KILOGRAMO"
"2016-02-05T00:00:00.000","76","VALLE DEL CAUCA","76147","CARTAGO","0.014","KILOGRAMO"
"2016-02-04T00:00:00.000","76","VALLE DEL CAUCA","76147","CARTAGO","0.001","KILOGRAMO"
"2016-02-04T00:00:00.000","76","VALLE DEL CAUCA","76111","GUADALAJARA DE BUGA","0.001","KILOGRAMO"
"2016-02-04T00:00:00.000","76","VALLE DEL CAUCA","76001","CALI","0.013","KILOGRAMO"
"2016-02-03T00:00:00.000","76","VALLE DEL CAUCA","76834","TULUA","0.004","KILOGRAMO"
"2016-02-03T00:00:00.000","05","ANTIOQUIA","05001","MEDELLIN","0.003","KILOGRAMO"
"2016-02-03T00:00:00.000","76","VALLE DEL CAUCA","76622","ROLDANILLO","0.002","KILOGRAMO"
"2016-02-03T00:00:00.000","76","VALLE DEL CAUCA","76147","CARTAGO","0.014","KILOGRAMO"
"2016-02-03T00:00:00.000","76","VALLE DEL CAUCA","76111","GUADALAJARA DE BUGA","0.001","KILOGRAMO"
"2016-02-03T00:00:00.000","76","VALLE DEL CAUCA","76233","DAGUA","0.032","KILOGRAMO"
"2016-02-03T00:00:00.000","76","VALLE DEL CAUCA","76001","CALI","0.004","KILOGRAMO"
"2016-02-02T00:00:00.000","76","VALLE DEL CAUCA","76147","CARTAGO","0.002","KILOGRAMO"
"2016-02-02T00:00:00.000","76","VALLE DEL CAUCA","76520","PALMIRA","2.784","KILOGRAMO"
"2016-02-02T00:00:00.000","76","VALLE DEL CAUCA","76001","CALI","0.001","KILOGRAMO"
"2016-02-02T00:00:00.000","76","VALLE DEL CAUCA","76109","BUENAVENTURA","0.002","KILOGRAMO"
"2016-02-01T00:00:00.000","54","NORTE DE SANTANDER","54001","CUCUTA","0.0015","KILOGRAMO"
"2016-02-01T00:00:00.000","76","VALLE DEL CAUCA","76834","TULUA","0.001","KILOGRAMO"
"2016-02-01T00:00:00.000","76","VALLE DEL CAUCA","76147","CARTAGO","0.006","KILOGRAMO"
"2016-02-01T00:00:00.000","76","VALLE DEL CAUCA","76001","CALI","0.001","KILOGRAMO"
"2016-02-01T00:00:00.000","66","RISARALDA","66001","PEREIRA","0.008","KILOGRAMO"
"2016-01-31T00:00:00.000","63","QUINDIO","63001","ARMENIA","0.006","KILOGRAMO"
"2016-01-31T00:00:00.000","54","NORTE DE SANTANDER","54001","CUCUTA","0.0032","KILOGRAMO"
"2016-01-31T00:00:00.000","08","ATLANTICO","08001","BARRANQUILLA","0.006","KILOGRAMO"
"2016-01-31T00:00:00.000","76","VALLE DEL CAUCA","76001","CALI","0.005","KILOGRAMO"
"2016-01-30T00:00:00.000","76","VALLE DEL CAUCA","76001","CALI","0.001","KILOGRAMO"
"2016-01-30T00:00:00.000","11","BOGOTA D.C.","11001","BOGOTA D.C.","5.42","KILOGRAMO"
"2016-01-30T00:00:00.000","52","NARIÑO","52356","IPIALES","4.687","KILOGRAMO"
"2016-01-29T00:00:00.000","76","VALLE DEL CAUCA","76147","CARTAGO","0.004","KILOGRAMO"
"2016-01-29T00:00:00.000","54","NORTE DE SANTANDER","54001","CUCUTA","0.006","KILOGRAMO"
"2016-01-29T00:00:00.000","76","VALLE DEL CAUCA","76001","CALI","0.001","KILOGRAMO"
"2016-01-29T00:00:00.000","08","ATLANTICO","08001","BARRANQUILLA","0.05","KILOGRAMO"
"2016-01-29T00:00:00.000","76","VALLE DEL CAUCA","76834","TULUA","0.001","KILOGRAMO"
"2016-01-28T00:00:00.000","76","VALLE DEL CAUCA","76001","CALI","0.002","KILOGRAMO"
"2016-01-28T00:00:00.000","76","VALLE DEL CAUCA","76147","CARTAGO","0.023","KILOGRAMO"
"2016-01-28T00:00:00.000","76","VALLE DEL CAUCA","76834","TULUA","0.002","KILOGRAMO"
"2016-01-28T00:00:00.000","66","RISARALDA","66001","PEREIRA","0.001","KILOGRAMO"
"2016-01-28T00:00:00.000","76","VALLE DEL CAUCA","76109","BUENAVENTURA","0.001","KILOGRAMO"
"2016-01-27T00:00:00.000","08","ATLANTICO","08001","BARRANQUILLA","0.012","KILOGRAMO"
"2016-01-27T00:00:00.000","63","QUINDIO","63001","ARMENIA","0.003","KILOGRAMO"
"2016-01-27T00:00:00.000","76","VALLE DEL CAUCA","76834","TULUA","0.002","KILOGRAMO"
"2016-01-27T00:00:00.000","76","VALLE DEL CAUCA","76001","CALI","0.001","KILOGRAMO"
"2016-01-27T00:00:00.000","76","VALLE DEL CAUCA","76147","CARTAGO","0.006","KILOGRAMO"
"2016-01-27T00:00:00.000","76","VALLE DEL CAUCA","76109","BUENAVENTURA","0.007","KILOGRAMO"
"2016-01-27T00:00:00.000","05","ANTIOQUIA","05631","SABANETA","0.01","KILOGRAMO"
"2016-01-26T00:00:00.000","05","ANTIOQUIA","05615","RIONEGRO","48","KILOGRAMO"
"2016-01-26T00:00:00.000","76","VALLE DEL CAUCA","76001","CALI","0.001","KILOGRAMO"
"2016-01-25T00:00:00.000","76","VALLE DEL CAUCA","76001","CALI","0.068","KILOGRAMO"
"2016-01-25T00:00:00.000","76","VALLE DEL CAUCA","76834","TULUA","0.002","KILOGRAMO"
"2016-01-25T00:00:00.000","76","VALLE DEL CAUCA","76111","GUADALAJARA DE BUGA","0.002","KILOGRAMO"
"2016-01-25T00:00:00.000","73","TOLIMA","73861","VENADILLO","0.00030","KILOGRAMO"
"2016-01-25T00:00:00.000","54","NORTE DE SANTANDER","54001","CUCUTA","0.0015","KILOGRAMO"
"2016-01-24T00:00:00.000","05","ANTIOQUIA","05001","MEDELLIN","0.006","KILOGRAMO"
"2016-01-24T00:00:00.000","76","VALLE DEL CAUCA","76001","CALI","0.029","KILOGRAMO"
"2016-01-24T00:00:00.000","66","RISARALDA","66170","DOSQUEBRADAS","0.008","KILOGRAMO"
"2016-01-23T00:00:00.000","76","VALLE DEL CAUCA","76001","CALI","0.003","KILOGRAMO"
"2016-01-23T00:00:00.000","54","NORTE DE SANTANDER","54001","CUCUTA","0.004","KILOGRAMO"
"2016-01-23T00:00:00.000","76","VALLE DEL CAUCA","76020","ALCALA","0.005","KILOGRAMO"
"2016-01-23T00:00:00.000","76","VALLE DEL CAUCA","76497","OBANDO","0.003","KILOGRAMO"
"2016-01-22T00:00:00.000","76","VALLE DEL CAUCA","76111","GUADALAJARA DE BUGA","0.002","KILOGRAMO"
"2016-01-22T00:00:00.000","76","VALLE DEL CAUCA","76834","TULUA","0.001","KILOGRAMO"
"2016-01-22T00:00:00.000","66","RISARALDA","66170","DOSQUEBRADAS","0.001","KILOGRAMO"
"2016-01-22T00:00:00.000","19","CAUCA","19698","SANTANDER DE QUILICHAO","0.05","KILOGRAMO"
"2016-01-21T00:00:00.000","76","VALLE DEL CAUCA","76834","TULUA","0.001","KILOGRAMO"
"2016-01-20T00:00:00.000","76","VALLE DEL CAUCA","76834","TULUA","0.001","KILOGRAMO"
"2016-01-20T00:00:00.000","76","VALLE DEL CAUCA","76111","GUADALAJARA DE BUGA","0.001","KILOGRAMO"
"2016-01-20T00:00:00.000","05","ANTIOQUIA","05001","MEDELLIN","0.0039","KILOGRAMO"
"2016-01-20T00:00:00.000","76","VALLE DEL CAUCA","76001","CALI","0.003","KILOGRAMO"
"2016-01-19T00:00:00.000","05","ANTIOQUIA","05854","VALDIVIA","0.001","KILOGRAMO"
"2016-01-19T00:00:00.000","76","VALLE DEL CAUCA","76001","CALI","0.005","KILOGRAMO"
"2016-01-19T00:00:00.000","76","VALLE DEL CAUCA","76834","TULUA","0.014","KILOGRAMO"
"2016-01-19T00:00:00.000","76","VALLE DEL CAUCA","76147","CARTAGO","0.002","KILOGRAMO"
"2016-01-19T00:00:00.000","76","VALLE DEL CAUCA","76111","GUADALAJARA DE BUGA","0.004","KILOGRAMO"
"2016-01-19T00:00:00.000","08","ATLANTICO","08001","BARRANQUILLA","0.002","KILOGRAMO"
"2016-01-18T00:00:00.000","66","RISARALDA","66318","GUATICA","0.002","KILOGRAMO"
"2016-01-18T00:00:00.000","76","VALLE DEL CAUCA","76111","GUADALAJARA DE BUGA","0.002","KILOGRAMO"
"2016-01-18T00:00:00.000","76","VALLE DEL CAUCA","76834","TULUA","0.008","KILOGRAMO"
"2016-01-17T00:00:00.000","63","QUINDIO","63001","ARMENIA","0.004","KILOGRAMO"
"2016-01-17T00:00:00.000","52","NARIÑO","52079","BARBACOAS","1.02","KILOGRAMO"
"2016-01-16T00:00:00.000","54","NORTE DE SANTANDER","54001","CUCUTA","0.0024","KILOGRAMO"
"2016-01-16T00:00:00.000","19","CAUCA","19698","SANTANDER DE QUILICHAO","0.011","KILOGRAMO"
"2016-01-16T00:00:00.000","76","VALLE DEL CAUCA","76001","CALI","0.001","KILOGRAMO"
"2016-01-16T00:00:00.000","76","VALLE DEL CAUCA","76895","ZARZAL","1","KILOGRAMO"
"2016-01-16T00:00:00.000","08","ATLANTICO","08001","BARRANQUILLA","0.002","KILOGRAMO"
"2016-01-15T00:00:00.000","76","VALLE DEL CAUCA","76834","TULUA","0.003","KILOGRAMO"
"2016-01-15T00:00:00.000","52","NARIÑO","52356","IPIALES","1.02","KILOGRAMO"
"2016-01-14T00:00:00.000","05","ANTIOQUIA","05001","MEDELLIN","0.019","KILOGRAMO"
"2016-01-13T00:00:00.000","08","ATLANTICO","08001","BARRANQUILLA","0.075","KILOGRAMO"
"2016-01-12T00:00:00.000","05","ANTIOQUIA","05615","RIONEGRO","3","KILOGRAMO"
"2016-01-12T00:00:00.000","76","VALLE DEL CAUCA","76834","TULUA","0.006","KILOGRAMO"
"2016-01-12T00:00:00.000","76","VALLE DEL CAUCA","76111","GUADALAJARA DE BUGA","0.003","KILOGRAMO"
"2016-01-11T00:00:00.000","76","VALLE DEL CAUCA","76318","GUACARI","0.005","KILOGRAMO"
"2016-01-11T00:00:00.000","05","ANTIOQUIA","05001","MEDELLIN","0.01","KILOGRAMO"
"2016-01-10T00:00:00.000","76","VALLE DEL CAUCA","76147","CARTAGO","0.003","KILOGRAMO"
"2016-01-09T00:00:00.000","05","ANTIOQUIA","05615","RIONEGRO","4","KILOGRAMO"
"2016-01-09T00:00:00.000","05","ANTIOQUIA","05001","MEDELLIN","0.001","KILOGRAMO"
"2016-01-09T00:00:00.000","76","VALLE DEL CAUCA","76147","CARTAGO","0.0015","KILOGRAMO"
"2016-01-08T00:00:00.000","05","ANTIOQUIA","05318","GUARNE","0.05","KILOGRAMO"
"2016-01-08T00:00:00.000","76","VALLE DEL CAUCA","76001","CALI","0.01","KILOGRAMO"
"2016-01-08T00:00:00.000","76","VALLE DEL CAUCA","76834","TULUA","0.015","KILOGRAMO"
"2016-01-08T00:00:00.000","05","ANTIOQUIA","05001","MEDELLIN","0.023","KILOGRAMO"
"2016-01-08T00:00:00.000","05","ANTIOQUIA","05615","RIONEGRO","1","KILOGRAMO"
"2016-01-07T00:00:00.000","05","ANTIOQUIA","05615","RIONEGRO","0.743","KILOGRAMO"
"2016-01-07T00:00:00.000","76","VALLE DEL CAUCA","76147","CARTAGO","0.004","KILOGRAMO"
"2016-01-06T00:00:00.000","76","VALLE DEL CAUCA","76147","CARTAGO","0.001","KILOGRAMO"
"2016-01-06T00:00:00.000","76","VALLE DEL CAUCA","76122","CAICEDONIA","0.00098","KILOGRAMO"
"2016-01-05T00:00:00.000","19","CAUCA","19698","SANTANDER DE QUILICHAO","1.5","KILOGRAMO"
"2016-01-05T00:00:00.000","05","ANTIOQUIA","05360","ITAGUI","0.016","KILOGRAMO"
"2016-01-03T00:00:00.000","11","BOGOTA D.C.","11001","BOGOTA D.C.","0.01","KILOGRAMO"
"2016-01-01T00:00:00.000","11","BOGOTA D.C.","11001","BOGOTA D.C.","2.662","KILOGRAMO"
"2016-01-01T00:00:00.000","05","ANTIOQUIA","05001","MEDELLIN","0.0012","KILOGRAMO"
"2015-12-24T00:00:00.000","05","ANTIOQUIA","05001","MEDELLIN","0.012","KILOGRAMO"
"2015-12-23T00:00:00.000","63","QUINDIO","63001","ARMENIA","0.6","KILOGRAMO"
"2015-12-22T00:00:00.000","11","BOGOTA D.C.","11001","BOGOTA D.C.","4.473","KILOGRAMO"
"2015-12-21T00:00:00.000","76","VALLE DEL CAUCA","76834","TULUA","0.002","KILOGRAMO"
"2015-12-20T00:00:00.000","76","VALLE DEL CAUCA","76001","CALI","0.04","KILOGRAMO"
"2015-12-19T00:00:00.000","19","CAUCA","19698","SANTANDER DE QUILICHAO","0.004","KILOGRAMO"
"2015-12-18T00:00:00.000","08","ATLANTICO","08001","BARRANQUILLA","0.021","KILOGRAMO"
"2015-12-17T00:00:00.000","76","VALLE DEL CAUCA","76001","CALI","0.004","KILOGRAMO"
"2015-12-17T00:00:00.000","08","ATLANTICO","08001","BARRANQUILLA","0.003","KILOGRAMO"
"2015-12-16T00:00:00.000","19","CAUCA","19698","SANTANDER DE QUILICHAO","0.8","KILOGRAMO"
"2015-12-15T00:00:00.000","63","QUINDIO","63001","ARMENIA","0.946","KILOGRAMO"
"2015-12-15T00:00:00.000","76","VALLE DEL CAUCA","76834","TULUA","0.006","KILOGRAMO"
"2015-12-14T00:00:00.000","50","META","50001","VILLAVICENCIO","0.001","KILOGRAMO"
"2015-12-14T00:00:00.000","76","VALLE DEL CAUCA","76834","TULUA","0.003","KILOGRAMO"
"2015-12-14T00:00:00.000","76","VALLE DEL CAUCA","76147","CARTAGO","0.001","KILOGRAMO"
"2015-12-14T00:00:00.000","19","CAUCA","19698","SANTANDER DE QUILICHAO","1.7","KILOGRAMO"
"2015-12-13T00:00:00.000","52","NARIÑO","52258","EL TABLON DE GOMEZ","38.6","KILOGRAMO"
"2015-12-12T00:00:00.000","05","ANTIOQUIA","05001","MEDELLIN","0.002","KILOGRAMO"
"2015-12-12T00:00:00.000","76","VALLE DEL CAUCA","76147","CARTAGO","0.001","KILOGRAMO"
"2015-12-11T00:00:00.000","20","CESAR","20011","AGUACHICA","0.005","KILOGRAMO"
"2015-12-11T00:00:00.000","20","CESAR","20228","CURUMANI","0.001","KILOGRAMO"
"2015-12-10T00:00:00.000","76","VALLE DEL CAUCA","76147","CARTAGO","0.002","KILOGRAMO"
"2015-12-10T00:00:00.000","76","VALLE DEL CAUCA","76041","ANSERMANUEVO","0.0015","KILOGRAMO"
"2015-12-08T00:00:00.000","76","VALLE DEL CAUCA","76403","LA VICTORIA","0.2","KILOGRAMO"
"2015-12-08T00:00:00.000","76","VALLE DEL CAUCA","76147","CARTAGO","0.005","KILOGRAMO"
"2015-12-07T00:00:00.000","11","BOGOTA D.C.","11001","BOGOTA D.C.","0.005","KILOGRAMO"
"2015-12-06T00:00:00.000","05","ANTIOQUIA","05001","MEDELLIN","0.111","KILOGRAMO"
"2015-12-06T00:00:00.000","76","VALLE DEL CAUCA","76147","CARTAGO","0.005","KILOGRAMO"
"2015-12-05T00:00:00.000","52","NARIÑO","52051","ARBOLEDA","0.11","KILOGRAMO"
"2015-12-04T00:00:00.000","76","VALLE DEL CAUCA","76147","CARTAGO","0.007","KILOGRAMO"
"2015-12-02T00:00:00.000","76","VALLE DEL CAUCA","76147","CARTAGO","0.001","KILOGRAMO"
"2015-12-02T00:00:00.000","05","ANTIOQUIA","05541","PEÑOL","0.001","KILOGRAMO"
"2015-12-01T00:00:00.000","54","NORTE DE SANTANDER","54001","CUCUTA","0.005","KILOGRAMO"
"2015-11-30T00:00:00.000","05","ANTIOQUIA","05615","RIONEGRO","0.761","KILOGRAMO"
"2015-11-28T00:00:00.000","76","VALLE DEL CAUCA","76147","CARTAGO","0.005","KILOGRAMO"
"2015-11-27T00:00:00.000","76","VALLE DEL CAUCA","76147","CARTAGO","0.002","KILOGRAMO"
"2015-11-26T00:00:00.000","05","ANTIOQUIA","05001","MEDELLIN","0.005","KILOGRAMO"
"2015-11-25T00:00:00.000","76","VALLE DEL CAUCA","76001","CALI","0.001","KILOGRAMO"
"2015-11-25T00:00:00.000","76","VALLE DEL CAUCA","76147","CARTAGO","0.019","KILOGRAMO"
"2015-11-24T00:00:00.000","05","ANTIOQUIA","05380","LA ESTRELLA","0.002","KILOGRAMO"
"2015-11-23T00:00:00.000","76","VALLE DEL CAUCA","76147","CARTAGO","0.01","KILOGRAMO"
"2015-11-21T00:00:00.000","63","QUINDIO","63001","ARMENIA","0.002","KILOGRAMO"
"2015-11-20T00:00:00.000","63","QUINDIO","63001","ARMENIA","0.001","KILOGRAMO"
"2015-11-20T00:00:00.000","76","VALLE DEL CAUCA","76147","CARTAGO","0.001","KILOGRAMO"
"2015-11-20T00:00:00.000","73","TOLIMA","73616","RIOBLANCO","0.003","KILOGRAMO"
"2015-11-20T00:00:00.000","76","VALLE DEL CAUCA","76001","CALI","0.004","KILOGRAMO"
"2015-11-19T00:00:00.000","05","ANTIOQUIA","05001","MEDELLIN","0.072","KILOGRAMO"
"2015-11-19T00:00:00.000","66","RISARALDA","66088","BELEN DE UMBRIA","0.003","KILOGRAMO"
"2015-11-19T00:00:00.000","76","VALLE DEL CAUCA","76147","CARTAGO","0.002","KILOGRAMO"
"2015-11-19T00:00:00.000","13","BOLIVAR","13001","CARTAGENA DE INDIAS","1.397","KILOGRAMO"
"2015-11-18T00:00:00.000","05","ANTIOQUIA","05001","MEDELLIN","0.069","KILOGRAMO"
"2015-11-18T00:00:00.000","76","VALLE DEL CAUCA","76147","CARTAGO","0.005","KILOGRAMO"
"2015-11-17T00:00:00.000","50","META","50001","VILLAVICENCIO","0.012","KILOGRAMO"
"2015-11-17T00:00:00.000","76","VALLE DEL CAUCA","76001","CALI","2.5","KILOGRAMO"
"2015-11-17T00:00:00.000","66","RISARALDA","66001","PEREIRA","5.03","KILOGRAMO"
"2015-11-16T00:00:00.000","66","RISARALDA","66001","PEREIRA","0.002","KILOGRAMO"
"2015-11-16T00:00:00.000","19","CAUCA","19698","SANTANDER DE QUILICHAO","0.0073","KILOGRAMO"
"2015-11-14T00:00:00.000","76","VALLE DEL CAUCA","76001","CALI","0.004","KILOGRAMO"
"2015-11-13T00:00:00.000","52","NARIÑO","52788","TANGUA","3.998","KILOGRAMO"
"2015-11-13T00:00:00.000","44","LA GUAJIRA","44847","URIBIA","6.44","KILOGRAMO"
"2015-11-13T00:00:00.000","54","NORTE DE SANTANDER","54001","CUCUTA","0.027","KILOGRAMO"
"2015-11-12T00:00:00.000","18","CAQUETA","18001","FLORENCIA","0.137","KILOGRAMO"
"2015-11-09T00:00:00.000","11","BOGOTA D.C.","11001","BOGOTA D.C.","0.988","KILOGRAMO"
"2015-11-08T00:00:00.000","11","BOGOTA D.C.","11001","BOGOTA D.C.","0.469","KILOGRAMO"
"2015-11-06T00:00:00.000","76","VALLE DEL CAUCA","76147","CARTAGO","0.0048","KILOGRAMO"
"2015-11-05T00:00:00.000","05","ANTIOQUIA","05001","MEDELLIN","1.957","KILOGRAMO"
"2015-11-04T00:00:00.000","76","VALLE DEL CAUCA","76001","CALI","0.002","KILOGRAMO"
"2015-11-04T00:00:00.000","11","BOGOTA D.C.","11001","BOGOTA D.C.","0.002","KILOGRAMO"
"2015-11-04T00:00:00.000","63","QUINDIO","63001","ARMENIA","0.001","KILOGRAMO"
"2015-11-03T00:00:00.000","05","ANTIOQUIA","05854","VALDIVIA","0.001","KILOGRAMO"
"2015-10-31T00:00:00.000","11","BOGOTA D.C.","11001","BOGOTA D.C.","0.994","KILOGRAMO"
"2015-10-31T00:00:00.000","20","CESAR","20550","PELAYA","0.002","KILOGRAMO"
"2015-10-29T00:00:00.000","63","QUINDIO","63001","ARMENIA","0.008","KILOGRAMO"
"2015-10-29T00:00:00.000","41","HUILA","41001","NEIVA","1.013","KILOGRAMO"
"2015-10-28T00:00:00.000","13","BOLIVAR","13001","CARTAGENA DE INDIAS","0.288","KILOGRAMO"
"2015-10-28T00:00:00.000","05","ANTIOQUIA","05001","MEDELLIN","0.94","KILOGRAMO"
"2015-10-28T00:00:00.000","63","QUINDIO","63130","CALARCA","1.702","KILOGRAMO"
"2015-10-27T00:00:00.000","76","VALLE DEL CAUCA","76834","TULUA","0.001","KILOGRAMO"
"2015-10-27T00:00:00.000","76","VALLE DEL CAUCA","76001","CALI","0.002","KILOGRAMO"
"2015-10-25T00:00:00.000","05","ANTIOQUIA","05001","MEDELLIN","0.104","KILOGRAMO"
"2015-10-24T00:00:00.000","08","ATLANTICO","08001","BARRANQUILLA","0.01","KILOGRAMO"
"2015-10-24T00:00:00.000","11","BOGOTA D.C.","11001","BOGOTA D.C.","1.1","KILOGRAMO"
"2015-10-23T00:00:00.000","20","CESAR","20550","PELAYA","0.005","KILOGRAMO"
"2015-10-23T00:00:00.000","76","VALLE DEL CAUCA","76147","CARTAGO","0.002","KILOGRAMO"
"2015-10-21T00:00:00.000","13","BOLIVAR","13001","CARTAGENA DE INDIAS","1.04","KILOGRAMO"
"2015-10-19T00:00:00.000","63","QUINDIO","63001","ARMENIA","0.001","KILOGRAMO"
"2015-10-18T00:00:00.000","63","QUINDIO","63001","ARMENIA","0.002","KILOGRAMO"
"2015-10-17T00:00:00.000","54","NORTE DE SANTANDER","54001","CUCUTA","2.269","KILOGRAMO"
"2015-10-17T00:00:00.000","76","VALLE DEL CAUCA","76001","CALI","0.005","KILOGRAMO"
"2015-10-16T00:00:00.000","63","QUINDIO","63001","ARMENIA","0.015","KILOGRAMO"
"2015-10-16T00:00:00.000","54","NORTE DE SANTANDER","54001","CUCUTA","0.005","KILOGRAMO"
"2015-10-15T00:00:00.000","54","NORTE DE SANTANDER","54001","CUCUTA","0.009","KILOGRAMO"
"2015-10-14T00:00:00.000","05","ANTIOQUIA","05079","BARBOSA","0.005","KILOGRAMO"
"2015-10-14T00:00:00.000","63","QUINDIO","63001","ARMENIA","0.015","KILOGRAMO"
"2015-10-13T00:00:00.000","76","VALLE DEL CAUCA","76001","CALI","0.002","KILOGRAMO"
"2015-10-13T00:00:00.000","63","QUINDIO","63001","ARMENIA","0.013","KILOGRAMO"
"2015-10-12T00:00:00.000","76","VALLE DEL CAUCA","76736","SEVILLA","0.004","KILOGRAMO"
"2015-10-12T00:00:00.000","19","CAUCA","19698","SANTANDER DE QUILICHAO","0.029","KILOGRAMO"
"2015-10-11T00:00:00.000","76","VALLE DEL CAUCA","76147","CARTAGO","0.003","KILOGRAMO"
"2015-10-11T00:00:00.000","05","ANTIOQUIA","05001","MEDELLIN","0.002","KILOGRAMO"
"2015-10-10T00:00:00.000","05","ANTIOQUIA","05079","BARBOSA","0.003","KILOGRAMO"
"2015-10-10T00:00:00.000","76","VALLE DEL CAUCA","76001","CALI","0.001","KILOGRAMO"
"2015-10-10T00:00:00.000","76","VALLE DEL CAUCA","76670","SAN PEDRO","8.685","KILOGRAMO"
"2015-10-09T00:00:00.000","76","VALLE DEL CAUCA","76364","JAMUNDI","0.03","KILOGRAMO"
"2015-10-06T00:00:00.000","05","ANTIOQUIA","05001","MEDELLIN","0.002","KILOGRAMO"
"2015-10-05T00:00:00.000","76","VALLE DEL CAUCA","76736","SEVILLA","0.006","KILOGRAMO"
"2015-10-05T00:00:00.000","76","VALLE DEL CAUCA","76001","CALI","0.002","KILOGRAMO"
"2015-10-04T00:00:00.000","05","ANTIOQUIA","05001","MEDELLIN","0.015","KILOGRAMO"
"2015-10-04T00:00:00.000","08","ATLANTICO","08001","BARRANQUILLA","0.017","KILOGRAMO"
"2015-10-04T00:00:00.000","76","VALLE DEL CAUCA","76147","CARTAGO","0.005","KILOGRAMO"
"2015-10-04T00:00:00.000","66","RISARALDA","66001","PEREIRA","4.2","KILOGRAMO"
"2015-10-03T00:00:00.000","08","ATLANTICO","08001","BARRANQUILLA","0.006","KILOGRAMO"
"2015-10-03T00:00:00.000","11","BOGOTA D.C.","11001","BOGOTA D.C.","0.001","KILOGRAMO"
"2015-10-02T00:00:00.000","08","ATLANTICO","08001","BARRANQUILLA","0.003","KILOGRAMO"
"2015-10-01T00:00:00.000","08","ATLANTICO","08001","BARRANQUILLA","0.006","KILOGRAMO"
"2015-10-01T00:00:00.000","76","VALLE DEL CAUCA","76622","ROLDANILLO","0.003","KILOGRAMO"
"2015-09-30T00:00:00.000","20","CESAR","20175","CHIMICHAGUA","0.007","KILOGRAMO"
"2015-09-30T00:00:00.000","19","CAUCA","19698","SANTANDER DE QUILICHAO","0.003","KILOGRAMO"
"2015-09-30T00:00:00.000","76","VALLE DEL CAUCA","76736","SEVILLA","0.004","KILOGRAMO"
"2015-09-30T00:00:00.000","05","ANTIOQUIA","05001","MEDELLIN","0.037","KILOGRAMO"
"2015-09-30T00:00:00.000","66","RISARALDA","66088","BELEN DE UMBRIA","0.001","KILOGRAMO"
"2015-09-29T00:00:00.000","08","ATLANTICO","08001","BARRANQUILLA","0.234","KILOGRAMO"
"2015-09-28T00:00:00.000","08","ATLANTICO","08001","BARRANQUILLA","0.008","KILOGRAMO"
"2015-09-28T00:00:00.000","08","ATLANTICO","08421","LURUACO","0.001","KILOGRAMO"
"2015-09-27T00:00:00.000","76","VALLE DEL CAUCA","76622","ROLDANILLO","0.001","KILOGRAMO"
"2015-09-26T00:00:00.000","52","NARIÑO","52356","IPIALES","4.306","KILOGRAMO"
"2015-09-26T00:00:00.000","19","CAUCA","19698","SANTANDER DE QUILICHAO","0.012","KILOGRAMO"
"2015-09-26T00:00:00.000","76","VALLE DEL CAUCA","76497","OBANDO","0.002","KILOGRAMO"
"2015-09-25T00:00:00.000","08","ATLANTICO","08001","BARRANQUILLA","0.014","KILOGRAMO"
"2015-09-25T00:00:00.000","76","VALLE DEL CAUCA","76001","CALI","0.003","KILOGRAMO"
"2015-09-25T00:00:00.000","54","NORTE DE SANTANDER","54001","CUCUTA","0.05","KILOGRAMO"
"2015-09-24T00:00:00.000","76","VALLE DEL CAUCA","76001","CALI","0.002","KILOGRAMO"
"2015-09-23T00:00:00.000","76","VALLE DEL CAUCA","76001","CALI","0.003","KILOGRAMO"
"2015-09-23T00:00:00.000","05","ANTIOQUIA","05380","LA ESTRELLA","0.001","KILOGRAMO"
"2015-09-21T00:00:00.000","05","ANTIOQUIA","05376","LA CEJA","0.005","KILOGRAMO"
"2015-09-21T00:00:00.000","11","BOGOTA D.C.","11001","BOGOTA D.C.","1.143","KILOGRAMO"
"2015-09-21T00:00:00.000","76","VALLE DEL CAUCA","76001","CALI","0.002","KILOGRAMO"
"2015-09-20T00:00:00.000","05","ANTIOQUIA","05120","CACERES","0.105","KILOGRAMO"
"2015-09-18T00:00:00.000","76","VALLE DEL CAUCA","76670","SAN PEDRO","0.73","KILOGRAMO"
"2015-09-18T00:00:00.000","54","NORTE DE SANTANDER","54001","CUCUTA","0.005","KILOGRAMO"
"2015-09-18T00:00:00.000","63","QUINDIO","63001","ARMENIA","0.017","KILOGRAMO"
"2015-09-17T00:00:00.000","63","QUINDIO","63001","ARMENIA","0.014","KILOGRAMO"
"2015-09-17T00:00:00.000","66","RISARALDA","66001","PEREIRA","0.75","KILOGRAMO"
"2015-09-17T00:00:00.000","08","ATLANTICO","08634","SABANAGRANDE","0.002","KILOGRAMO"
"2015-09-17T00:00:00.000","11","BOGOTA D.C.","11001","BOGOTA D.C.","3.5","KILOGRAMO"
"2015-09-15T00:00:00.000","76","VALLE DEL CAUCA","76001","CALI","0.002","KILOGRAMO"
"2015-09-14T00:00:00.000","66","RISARALDA","66001","PEREIRA","1.143","KILOGRAMO"
"2015-09-14T00:00:00.000","73","TOLIMA","73168","CHAPARRAL","0.005","KILOGRAMO"
"2015-09-12T00:00:00.000","52","NARIÑO","52356","IPIALES","9.726","KILOGRAMO"
"2015-09-11T00:00:00.000","76","VALLE DEL CAUCA","76233","DAGUA","0.006","KILOGRAMO"
"2015-09-10T00:00:00.000","05","ANTIOQUIA","05001","MEDELLIN","0.048","KILOGRAMO"
"2015-09-10T00:00:00.000","54","NORTE DE SANTANDER","54001","CUCUTA","0.005","KILOGRAMO"
"2015-09-09T00:00:00.000","54","NORTE DE SANTANDER","54001","CUCUTA","0.001","KILOGRAMO"
"2015-09-08T00:00:00.000","66","RISARALDA","66001","PEREIRA","0.001","KILOGRAMO"
"2015-09-08T00:00:00.000","76","VALLE DEL CAUCA","76233","DAGUA","0.004","KILOGRAMO"
"2015-09-07T00:00:00.000","20","CESAR","20032","ASTREA","0.005","KILOGRAMO"
"2015-09-07T00:00:00.000","54","NORTE DE SANTANDER","54001","CUCUTA","0.002","KILOGRAMO"
"2015-09-06T00:00:00.000","76","VALLE DEL CAUCA","76147","CARTAGO","0.004","KILOGRAMO"
"2015-09-04T00:00:00.000","54","NORTE DE SANTANDER","54001","CUCUTA","0.004","KILOGRAMO"
"2015-09-04T00:00:00.000","11","BOGOTA D.C.","11001","BOGOTA D.C.","0.4","KILOGRAMO"
"2015-09-02T00:00:00.000","05","ANTIOQUIA","05001","MEDELLIN","0.035","KILOGRAMO"
"2015-09-01T00:00:00.000","54","NORTE DE SANTANDER","54001","CUCUTA","0.002","KILOGRAMO"
"2015-08-31T00:00:00.000","08","ATLANTICO","08001","BARRANQUILLA","0.015","KILOGRAMO"
"2015-08-30T00:00:00.000","11","BOGOTA D.C.","11001","BOGOTA D.C.","1.688","KILOGRAMO"
"2015-08-29T00:00:00.000","52","NARIÑO","52356","IPIALES","0.624","KILOGRAMO"
"2015-08-29T00:00:00.000","08","ATLANTICO","08001","BARRANQUILLA","0.002","KILOGRAMO"
"2015-08-29T00:00:00.000","76","VALLE DEL CAUCA","76109","BUENAVENTURA","7","KILOGRAMO"
"2015-08-29T00:00:00.000","76","VALLE DEL CAUCA","76147","CARTAGO","0.002","KILOGRAMO"
"2015-08-28T00:00:00.000","54","NORTE DE SANTANDER","54001","CUCUTA","0.004","KILOGRAMO"
"2015-08-28T00:00:00.000","76","VALLE DEL CAUCA","76001","CALI","0.008","KILOGRAMO"
"2015-08-27T00:00:00.000","76","VALLE DEL CAUCA","76834","TULUA","0.001","KILOGRAMO"
"2015-08-27T00:00:00.000","19","CAUCA","19698","SANTANDER DE QUILICHAO","0.568","KILOGRAMO"
"2015-08-27T00:00:00.000","54","NORTE DE SANTANDER","54001","CUCUTA","0.005","KILOGRAMO"
"2015-08-26T00:00:00.000","54","NORTE DE SANTANDER","54001","CUCUTA","0.003","KILOGRAMO"
"2015-08-25T00:00:00.000","54","NORTE DE SANTANDER","54001","CUCUTA","0.001","KILOGRAMO"
"2015-08-24T00:00:00.000","76","VALLE DEL CAUCA","76147","CARTAGO","0.001","KILOGRAMO"
"2015-08-24T00:00:00.000","52","NARIÑO","52354","IMUES","6.844","KILOGRAMO"
"2015-08-23T00:00:00.000","05","ANTIOQUIA","05190","CISNEROS","0.15","KILOGRAMO"
"2015-08-23T00:00:00.000","63","QUINDIO","63001","ARMENIA","0.005","KILOGRAMO"
"2015-08-23T00:00:00.000","76","VALLE DEL CAUCA","76147","CARTAGO","0.01","KILOGRAMO"
"2015-08-22T00:00:00.000","76","VALLE DEL CAUCA","76147","CARTAGO","0.002","KILOGRAMO"
"2015-08-22T00:00:00.000","76","VALLE DEL CAUCA","76233","DAGUA","0.002","KILOGRAMO"
"2015-08-21T00:00:00.000","76","VALLE DEL CAUCA","76890","YOTOCO","16.694","KILOGRAMO"
"2015-08-21T00:00:00.000","76","VALLE DEL CAUCA","76001","CALI","0.002","KILOGRAMO"
"2015-08-21T00:00:00.000","76","VALLE DEL CAUCA","76147","CARTAGO","0.001","KILOGRAMO"
"2015-08-21T00:00:00.000","11","BOGOTA D.C.","11001","BOGOTA D.C.","0.161","KILOGRAMO"
"2015-08-18T00:00:00.000","54","NORTE DE SANTANDER","54001","CUCUTA","0.005","KILOGRAMO"
"2015-08-17T00:00:00.000","76","VALLE DEL CAUCA","76001","CALI","0.004","KILOGRAMO"
"2015-08-17T00:00:00.000","54","NORTE DE SANTANDER","54001","CUCUTA","0.001","KILOGRAMO"
"2015-08-16T00:00:00.000","63","QUINDIO","63001","ARMENIA","0.002","KILOGRAMO"
"2015-08-16T00:00:00.000","19","CAUCA","19698","SANTANDER DE QUILICHAO","0.028","KILOGRAMO"
"2015-08-15T00:00:00.000","08","ATLANTICO","08001","BARRANQUILLA","0.082","KILOGRAMO"
"2015-08-15T00:00:00.000","05","ANTIOQUIA","05893","YONDO","0.003","KILOGRAMO"
"2015-08-14T00:00:00.000","08","ATLANTICO","08001","BARRANQUILLA","0.005","KILOGRAMO"
"2015-08-14T00:00:00.000","76","VALLE DEL CAUCA","76001","CALI","0.001","KILOGRAMO"
"2015-08-14T00:00:00.000","66","RISARALDA","66594","QUINCHIA","0.001","KILOGRAMO"
"2015-08-13T00:00:00.000","19","CAUCA","19845","VILLA RICA","0.001","KILOGRAMO"
"2015-08-12T00:00:00.000","52","NARIÑO","52110","BUESACO","3.492","KILOGRAMO"
"2015-08-12T00:00:00.000","11","BOGOTA D.C.","11001","BOGOTA D.C.","0.203","KILOGRAMO"
"2015-08-11T00:00:00.000","76","VALLE DEL CAUCA","76834","TULUA","0.01","KILOGRAMO"
"2015-08-11T00:00:00.000","05","ANTIOQUIA","05190","CISNEROS","0.1","KILOGRAMO"
"2015-08-11T00:00:00.000","81","ARAUCA","81001","ARAUCA","0.046","KILOGRAMO"
"2015-08-08T00:00:00.000","08","ATLANTICO","08001","BARRANQUILLA","0.005","KILOGRAMO"
"2015-08-07T00:00:00.000","08","ATLANTICO","08001","BARRANQUILLA","0.175","KILOGRAMO"
"2015-08-06T00:00:00.000","76","VALLE DEL CAUCA","76246","EL CAIRO","0.003","KILOGRAMO"
"2015-08-06T00:00:00.000","76","VALLE DEL CAUCA","76111","GUADALAJARA DE BUGA","0.002","KILOGRAMO"
"2015-08-06T00:00:00.000","76","VALLE DEL CAUCA","76834","TULUA","0.005","KILOGRAMO"
"2015-08-05T00:00:00.000","76","VALLE DEL CAUCA","76364","JAMUNDI","0.005","KILOGRAMO"
"2015-08-04T00:00:00.000","76","VALLE DEL CAUCA","76233","DAGUA","0.004","KILOGRAMO"
"2015-08-04T00:00:00.000","76","VALLE DEL CAUCA","76246","EL CAIRO","0.001","KILOGRAMO"
"2015-08-03T00:00:00.000","19","CAUCA","19698","SANTANDER DE QUILICHAO","0.085","KILOGRAMO"
"2015-08-03T00:00:00.000","76","VALLE DEL CAUCA","76834","TULUA","0.001","KILOGRAMO"
"2015-08-02T00:00:00.000","05","ANTIOQUIA","05001","MEDELLIN","0.104","KILOGRAMO"
"2015-08-01T00:00:00.000","76","VALLE DEL CAUCA","76147","CARTAGO","0.002","KILOGRAMO"
"2015-08-01T00:00:00.000","76","VALLE DEL CAUCA","76246","EL CAIRO","0.003","KILOGRAMO"
"2015-08-01T00:00:00.000","63","QUINDIO","63001","ARMENIA","0.101","KILOGRAMO"
"2015-08-01T00:00:00.000","76","VALLE DEL CAUCA","76001","CALI","0.003","KILOGRAMO"
"2015-08-01T00:00:00.000","52","NARIÑO","52240","CHACHAGÜI","0.025","KILOGRAMO"
"2015-07-31T00:00:00.000","20","CESAR","20032","ASTREA","0.005","KILOGRAMO"
"2015-07-31T00:00:00.000","08","ATLANTICO","08001","BARRANQUILLA","0.072","KILOGRAMO"
"2015-07-30T00:00:00.000","05","ANTIOQUIA","05360","ITAGUI","0.022","KILOGRAMO"
"2015-07-29T00:00:00.000","76","VALLE DEL CAUCA","76001","CALI","0.003","KILOGRAMO"
"2015-07-27T00:00:00.000","76","VALLE DEL CAUCA","76001","CALI","0.004","KILOGRAMO"
"2015-07-26T00:00:00.000","76","VALLE DEL CAUCA","76111","GUADALAJARA DE BUGA","0.002","KILOGRAMO"
"2015-07-25T00:00:00.000","76","VALLE DEL CAUCA","76111","GUADALAJARA DE BUGA","0.002","KILOGRAMO"
"2015-07-24T00:00:00.000","63","QUINDIO","63690","SALENTO","0.035","KILOGRAMO"
"2015-07-23T00:00:00.000","08","ATLANTICO","08001","BARRANQUILLA","0.004","KILOGRAMO"
"2015-07-23T00:00:00.000","76","VALLE DEL CAUCA","76001","CALI","0.004","KILOGRAMO"
"2015-07-23T00:00:00.000","08","ATLANTICO","08758","SOLEDAD","0.001","KILOGRAMO"
"2015-07-22T00:00:00.000","08","ATLANTICO","08573","PUERTO COLOMBIA","0.015","KILOGRAMO"
"2015-07-21T00:00:00.000","76","VALLE DEL CAUCA","76001","CALI","0.001","KILOGRAMO"
"2015-07-21T00:00:00.000","76","VALLE DEL CAUCA","76147","CARTAGO","0.014","KILOGRAMO"
"2015-07-21T00:00:00.000","11","BOGOTA D.C.","11001","BOGOTA D.C.","0.33","KILOGRAMO"
"2015-07-19T00:00:00.000","76","VALLE DEL CAUCA","76622","ROLDANILLO","0.002","KILOGRAMO"
"2015-07-19T00:00:00.000","54","NORTE DE SANTANDER","54001","CUCUTA","0.005","KILOGRAMO"
"2015-07-18T00:00:00.000","76","VALLE DEL CAUCA","76001","CALI","0.006","KILOGRAMO"
"2015-07-17T00:00:00.000","76","VALLE DEL CAUCA","76001","CALI","0.005","KILOGRAMO"
"2015-07-17T00:00:00.000","76","VALLE DEL CAUCA","76895","ZARZAL","0.004","KILOGRAMO"
"2015-07-17T00:00:00.000","08","ATLANTICO","08001","BARRANQUILLA","0.015","KILOGRAMO"
"2015-07-16T00:00:00.000","76","VALLE DEL CAUCA","76622","ROLDANILLO","0.002","KILOGRAMO"
"2015-07-16T00:00:00.000","76","VALLE DEL CAUCA","76895","ZARZAL","0.003","KILOGRAMO"
"2015-07-16T00:00:00.000","76","VALLE DEL CAUCA","76001","CALI","0.002","KILOGRAMO"
"2015-07-15T00:00:00.000","76","VALLE DEL CAUCA","76001","CALI","0.012","KILOGRAMO"
"2015-07-14T00:00:00.000","76","VALLE DEL CAUCA","76001","CALI","0.001","KILOGRAMO"
"2015-07-14T00:00:00.000","05","ANTIOQUIA","05001","MEDELLIN","16","KILOGRAMO"
"2015-07-13T00:00:00.000","63","QUINDIO","63001","ARMENIA","0.001","KILOGRAMO"
"2015-07-13T00:00:00.000","19","CAUCA","19845","VILLA RICA","0.001","KILOGRAMO"
"2015-07-13T00:00:00.000","76","VALLE DEL CAUCA","76497","OBANDO","0.00050","KILOGRAMO"
"2015-07-12T00:00:00.000","76","VALLE DEL CAUCA","76147","CARTAGO","0.001","KILOGRAMO"
"2015-07-12T00:00:00.000","76","VALLE DEL CAUCA","76001","CALI","0.005","KILOGRAMO"
"2015-07-11T00:00:00.000","76","VALLE DEL CAUCA","76001","CALI","0.004","KILOGRAMO"
"2015-07-10T00:00:00.000","66","RISARALDA","66001","PEREIRA","1.2","KILOGRAMO"
"2015-07-10T00:00:00.000","76","VALLE DEL CAUCA","76001","CALI","0.001","KILOGRAMO"
"2015-07-09T00:00:00.000","54","NORTE DE SANTANDER","54001","CUCUTA","0.001","KILOGRAMO"
"2015-07-09T00:00:00.000","76","VALLE DEL CAUCA","76001","CALI","0.011","KILOGRAMO"
"2015-07-09T00:00:00.000","05","ANTIOQUIA","05001","MEDELLIN","0.015","KILOGRAMO"
"2015-07-09T00:00:00.000","11","BOGOTA D.C.","11001","BOGOTA D.C.","7","KILOGRAMO"
"2015-07-09T00:00:00.000","76","VALLE DEL CAUCA","76147","CARTAGO","0.002","KILOGRAMO"
"2015-07-07T00:00:00.000","54","NORTE DE SANTANDER","54001","CUCUTA","0.001","KILOGRAMO"
"2015-07-07T00:00:00.000","05","ANTIOQUIA","05001","MEDELLIN","4","KILOGRAMO"
"2015-07-06T00:00:00.000","11","BOGOTA D.C.","11001","BOGOTA D.C.","0.615","KILOGRAMO"
"2015-07-06T00:00:00.000","76","VALLE DEL CAUCA","76001","CALI","0.009","KILOGRAMO"
"2015-07-06T00:00:00.000","76","VALLE DEL CAUCA","76126","CALIMA","0.001","KILOGRAMO"
"2015-07-06T00:00:00.000","76","VALLE DEL CAUCA","76147","CARTAGO","0.003","KILOGRAMO"
"2015-07-04T00:00:00.000","76","VALLE DEL CAUCA","76147","CARTAGO","0.005","KILOGRAMO"
"2015-07-03T00:00:00.000","05","ANTIOQUIA","05380","LA ESTRELLA","0.001","KILOGRAMO"
"2015-07-02T00:00:00.000","76","VALLE DEL CAUCA","76147","CARTAGO","0.002","KILOGRAMO"
"2015-07-02T00:00:00.000","11","BOGOTA D.C.","11001","BOGOTA D.C.","1.961","KILOGRAMO"
"2015-07-01T00:00:00.000","76","VALLE DEL CAUCA","76364","JAMUNDI","0.012","KILOGRAMO"
"2015-06-28T00:00:00.000","73","TOLIMA","73168","CHAPARRAL","0.005","KILOGRAMO"
"2015-06-28T00:00:00.000","76","VALLE DEL CAUCA","76616","RIOFRIO","0.018","KILOGRAMO"
"2015-06-28T00:00:00.000","76","VALLE DEL CAUCA","76001","CALI","0.02","KILOGRAMO"
"2015-06-27T00:00:00.000","76","VALLE DEL CAUCA","76001","CALI","0.052","KILOGRAMO"
"2015-06-27T00:00:00.000","76","VALLE DEL CAUCA","76147","CARTAGO","0.003","KILOGRAMO"
"2015-06-26T00:00:00.000","76","VALLE DEL CAUCA","76497","OBANDO","0.00050","KILOGRAMO"
"2015-06-26T00:00:00.000","76","VALLE DEL CAUCA","76001","CALI","0.006","KILOGRAMO"
"2015-06-26T00:00:00.000","76","VALLE DEL CAUCA","76113","BUGALAGRANDE","0.01","KILOGRAMO"
"2015-06-26T00:00:00.000","54","NORTE DE SANTANDER","54001","CUCUTA","0.04","KILOGRAMO"
"2015-06-26T00:00:00.000","05","ANTIOQUIA","05120","CACERES","0.001","KILOGRAMO"
"2015-06-25T00:00:00.000","76","VALLE DEL CAUCA","76113","BUGALAGRANDE","0.012","KILOGRAMO"
"2015-06-25T00:00:00.000","76","VALLE DEL CAUCA","76001","CALI","0.002","KILOGRAMO"
"2015-06-25T00:00:00.000","11","BOGOTA D.C.","11001","BOGOTA D.C.","0.035","KILOGRAMO"
"2015-06-25T00:00:00.000","76","VALLE DEL CAUCA","76834","TULUA","0.003","KILOGRAMO"
"2015-06-25T00:00:00.000","19","CAUCA","19698","SANTANDER DE QUILICHAO","0.002","KILOGRAMO"
"2015-06-24T00:00:00.000","66","RISARALDA","66001","PEREIRA","0.016","KILOGRAMO"
"2015-06-24T00:00:00.000","15","BOYACA","15001","TUNJA","0.006","KILOGRAMO"
"2015-06-24T00:00:00.000","11","BOGOTA D.C.","11001","BOGOTA D.C.","0.934","KILOGRAMO"
"2015-06-24T00:00:00.000","05","ANTIOQUIA","05212","COPACABANA","0.002","KILOGRAMO"
"2015-06-24T00:00:00.000","81","ARAUCA","81001","ARAUCA","0.022","KILOGRAMO"
"2015-06-23T00:00:00.000","68","SANTANDER","68001","BUCARAMANGA","0.002","KILOGRAMO"
"2015-06-23T00:00:00.000","76","VALLE DEL CAUCA","76001","CALI","0.013","KILOGRAMO"
"2015-06-22T00:00:00.000","66","RISARALDA","66001","PEREIRA","1.7","KILOGRAMO"
"2015-06-22T00:00:00.000","76","VALLE DEL CAUCA","76001","CALI","0.011","KILOGRAMO"
"2015-06-22T00:00:00.000","52","NARIÑO","52435","MALLAMA","0.005","KILOGRAMO"
"2015-06-22T00:00:00.000","54","NORTE DE SANTANDER","54001","CUCUTA","0.001","KILOGRAMO"
"2015-06-21T00:00:00.000","76","VALLE DEL CAUCA","76497","OBANDO","0.00050","KILOGRAMO"
"2015-06-21T00:00:00.000","52","NARIÑO","52240","CHACHAGÜI","0.02","KILOGRAMO"
"2015-06-20T00:00:00.000","76","VALLE DEL CAUCA","76497","OBANDO","0.005","KILOGRAMO"
"2015-06-20T00:00:00.000","66","RISARALDA","66682","SANTA ROSA DE CABAL","0.005","KILOGRAMO"
"2015-06-19T00:00:00.000","05","ANTIOQUIA","05001","MEDELLIN","0.002","KILOGRAMO"
"2015-06-19T00:00:00.000","63","QUINDIO","63001","ARMENIA","0.004","KILOGRAMO"
"2015-06-19T00:00:00.000","76","VALLE DEL CAUCA","76828","TRUJILLO","0.002","KILOGRAMO"
"2015-06-19T00:00:00.000","66","RISARALDA","66001","PEREIRA","0.003","KILOGRAMO"
"2015-06-19T00:00:00.000","76","VALLE DEL CAUCA","76834","TULUA","4","KILOGRAMO"
"2015-06-19T00:00:00.000","19","CAUCA","19698","SANTANDER DE QUILICHAO","0.007","KILOGRAMO"
"2015-06-19T00:00:00.000","76","VALLE DEL CAUCA","76036","ANDALUCIA","0.002","KILOGRAMO"
"2015-06-18T00:00:00.000","76","VALLE DEL CAUCA","76497","OBANDO","0.00050","KILOGRAMO"
"2015-06-17T00:00:00.000","08","ATLANTICO","08001","BARRANQUILLA","0.02","KILOGRAMO"
"2015-06-17T00:00:00.000","05","ANTIOQUIA","05631","SABANETA","0.003","KILOGRAMO"
"2015-06-17T00:00:00.000","76","VALLE DEL CAUCA","76113","BUGALAGRANDE","0.014","KILOGRAMO"
"2015-06-16T00:00:00.000","08","ATLANTICO","08001","BARRANQUILLA","0.03","KILOGRAMO"
"2015-06-16T00:00:00.000","76","VALLE DEL CAUCA","76147","CARTAGO","0.001","KILOGRAMO"
"2015-06-15T00:00:00.000","76","VALLE DEL CAUCA","76147","CARTAGO","0.001","KILOGRAMO"
"2015-06-15T00:00:00.000","76","VALLE DEL CAUCA","76001","CALI","0.001","KILOGRAMO"
"2015-06-14T00:00:00.000","76","VALLE DEL CAUCA","76001","CALI","0.001","KILOGRAMO"
"2015-06-13T00:00:00.000","05","ANTIOQUIA","05212","COPACABANA","0.023","KILOGRAMO"
"2015-06-13T00:00:00.000","76","VALLE DEL CAUCA","76622","ROLDANILLO","0.004","KILOGRAMO"
"2015-06-13T00:00:00.000","76","VALLE DEL CAUCA","76001","CALI","0.121","KILOGRAMO"
"2015-06-12T00:00:00.000","76","VALLE DEL CAUCA","76001","CALI","0.004","KILOGRAMO"
"2015-06-11T00:00:00.000","66","RISARALDA","66001","PEREIRA","0.001","KILOGRAMO"
"2015-06-10T00:00:00.000","76","VALLE DEL CAUCA","76001","CALI","0.01","KILOGRAMO"
"2015-06-09T00:00:00.000","76","VALLE DEL CAUCA","76147","CARTAGO","0.004","KILOGRAMO"
"2015-06-09T00:00:00.000","76","VALLE DEL CAUCA","76001","CALI","0.008","KILOGRAMO"
"2015-06-09T00:00:00.000","76","VALLE DEL CAUCA","76248","EL CERRITO","1.33","KILOGRAMO"
"2015-06-09T00:00:00.000","76","VALLE DEL CAUCA","76497","OBANDO","0.005","KILOGRAMO"
"2015-06-09T00:00:00.000","20","CESAR","20001","VALLEDUPAR","0.002","KILOGRAMO"
"2015-06-08T00:00:00.000","20","CESAR","20001","VALLEDUPAR","0.007","KILOGRAMO"
"2015-06-08T00:00:00.000","76","VALLE DEL CAUCA","76622","ROLDANILLO","0.002","KILOGRAMO"
"2015-06-07T00:00:00.000","76","VALLE DEL CAUCA","76622","ROLDANILLO","0.023","KILOGRAMO"
"2015-06-07T00:00:00.000","76","VALLE DEL CAUCA","76001","CALI","0.001","KILOGRAMO"
"2015-06-07T00:00:00.000","52","NARIÑO","52378","LA CRUZ","0.155","KILOGRAMO"
"2015-06-06T00:00:00.000","76","VALLE DEL CAUCA","76622","ROLDANILLO","0.002","KILOGRAMO"
"2015-06-06T00:00:00.000","76","VALLE DEL CAUCA","76147","CARTAGO","0.008","KILOGRAMO"
"2015-06-05T00:00:00.000","76","VALLE DEL CAUCA","76041","ANSERMANUEVO","0.002","KILOGRAMO"
"2015-06-05T00:00:00.000","05","ANTIOQUIA","05001","MEDELLIN","3","KILOGRAMO"
"2015-06-05T00:00:00.000","54","NORTE DE SANTANDER","54001","CUCUTA","0.0026","KILOGRAMO"
"2015-06-05T00:00:00.000","76","VALLE DEL CAUCA","76364","JAMUNDI","0.002","KILOGRAMO"
"2015-06-03T00:00:00.000","76","VALLE DEL CAUCA","76233","DAGUA","0.207","KILOGRAMO"
"2015-06-03T00:00:00.000","76","VALLE DEL CAUCA","76001","CALI","0.001","KILOGRAMO"
"2015-06-02T00:00:00.000","76","VALLE DEL CAUCA","76001","CALI","0.006","KILOGRAMO"
"2015-06-02T00:00:00.000","63","QUINDIO","63001","ARMENIA","0.001","KILOGRAMO"
"2015-06-02T00:00:00.000","19","CAUCA","19256","EL TAMBO","7","KILOGRAMO"
"2015-06-02T00:00:00.000","19","CAUCA","19455","MIRANDA","0.002","KILOGRAMO"
"2015-06-02T00:00:00.000","66","RISARALDA","66001","PEREIRA","1.42","KILOGRAMO"
"2015-06-01T00:00:00.000","11","BOGOTA D.C.","11001","BOGOTA D.C.","0.198","KILOGRAMO"
"2015-06-01T00:00:00.000","76","VALLE DEL CAUCA","76497","OBANDO","0.005","KILOGRAMO"
"2015-05-31T00:00:00.000","76","VALLE DEL CAUCA","76622","ROLDANILLO","0.003","KILOGRAMO"
"2015-05-30T00:00:00.000","08","ATLANTICO","08685","SANTO TOMAS","0.001","KILOGRAMO"
"2015-05-30T00:00:00.000","76","VALLE DEL CAUCA","76001","CALI","0.007","KILOGRAMO"
"2015-05-30T00:00:00.000","08","ATLANTICO","08137","CAMPO DE LA CRUZ","0.002","KILOGRAMO"
"2015-05-30T00:00:00.000","05","ANTIOQUIA","05615","RIONEGRO","0.005","KILOGRAMO"
"2015-05-30T00:00:00.000","66","RISARALDA","66001","PEREIRA","1.046","KILOGRAMO"
"2015-05-29T00:00:00.000","76","VALLE DEL CAUCA","76497","OBANDO","0.005","KILOGRAMO"
"2015-05-29T00:00:00.000","54","NORTE DE SANTANDER","54001","CUCUTA","0.003","KILOGRAMO"
"2015-05-29T00:00:00.000","76","VALLE DEL CAUCA","76001","CALI","0.011","KILOGRAMO"
"2015-05-28T00:00:00.000","76","VALLE DEL CAUCA","76497","OBANDO","0.005","KILOGRAMO"
"2015-05-28T00:00:00.000","76","VALLE DEL CAUCA","76147","CARTAGO","0.003","KILOGRAMO"
"2015-05-28T00:00:00.000","76","VALLE DEL CAUCA","76834","TULUA","0.002","KILOGRAMO"
"2015-05-28T00:00:00.000","76","VALLE DEL CAUCA","76001","CALI","0.001","KILOGRAMO"
"2015-05-28T00:00:00.000","63","QUINDIO","63001","ARMENIA","2.167","KILOGRAMO"
"2015-05-27T00:00:00.000","76","VALLE DEL CAUCA","76001","CALI","0.001","KILOGRAMO"
"2015-05-27T00:00:00.000","08","ATLANTICO","08573","PUERTO COLOMBIA","0.002","KILOGRAMO"
"2015-05-27T00:00:00.000","76","VALLE DEL CAUCA","76834","TULUA","0.001","KILOGRAMO"
"2015-05-26T00:00:00.000","76","VALLE DEL CAUCA","76001","CALI","0.001","KILOGRAMO"
"2015-05-26T00:00:00.000","08","ATLANTICO","08758","SOLEDAD","0.842","KILOGRAMO"
"2015-05-26T00:00:00.000","76","VALLE DEL CAUCA","76147","CARTAGO","0.001","KILOGRAMO"
"2015-05-26T00:00:00.000","76","VALLE DEL CAUCA","76834","TULUA","0.001","KILOGRAMO"
"2015-05-26T00:00:00.000","11","BOGOTA D.C.","11001","BOGOTA D.C.","0.165","KILOGRAMO"
"2015-05-26T00:00:00.000","08","ATLANTICO","08001","BARRANQUILLA","0.003","KILOGRAMO"
"2015-05-25T00:00:00.000","76","VALLE DEL CAUCA","76520","PALMIRA","0.524","KILOGRAMO"
"2015-05-25T00:00:00.000","76","VALLE DEL CAUCA","76147","CARTAGO","0.002","KILOGRAMO"
"2015-05-25T00:00:00.000","76","VALLE DEL CAUCA","76001","CALI","1.993","KILOGRAMO"
"2015-05-24T00:00:00.000","76","VALLE DEL CAUCA","76001","CALI","0.002","KILOGRAMO"
"2015-05-23T00:00:00.000","76","VALLE DEL CAUCA","76001","CALI","0.001","KILOGRAMO"
"2015-05-23T00:00:00.000","76","VALLE DEL CAUCA","76622","ROLDANILLO","0.003","KILOGRAMO"
"2015-05-23T00:00:00.000","52","NARIÑO","52356","IPIALES","4.091","KILOGRAMO"
"2015-05-22T00:00:00.000","08","ATLANTICO","08001","BARRANQUILLA","0.015","KILOGRAMO"
"2015-05-22T00:00:00.000","76","VALLE DEL CAUCA","76147","CARTAGO","0.002","KILOGRAMO"
"2015-05-22T00:00:00.000","54","NORTE DE SANTANDER","54001","CUCUTA","0.0079","KILOGRAMO"
"2015-05-21T00:00:00.000","76","VALLE DEL CAUCA","76041","ANSERMANUEVO","0.002","KILOGRAMO"
"2015-05-21T00:00:00.000","76","VALLE DEL CAUCA","76364","JAMUNDI","0.016","KILOGRAMO"
"2015-05-21T00:00:00.000","08","ATLANTICO","08638","SABANALARGA","0.004","KILOGRAMO"
"2015-05-20T00:00:00.000","66","RISARALDA","66001","PEREIRA","0.025","KILOGRAMO"
"2015-05-20T00:00:00.000","76","VALLE DEL CAUCA","76041","ANSERMANUEVO","0.002","KILOGRAMO"
"2015-05-20T00:00:00.000","05","ANTIOQUIA","05079","BARBOSA","0.003","KILOGRAMO"
"2015-05-20T00:00:00.000","76","VALLE DEL CAUCA","76147","CARTAGO","0.004","KILOGRAMO"
"2015-05-20T00:00:00.000","76","VALLE DEL CAUCA","76001","CALI","0.001","KILOGRAMO"
"2015-05-19T00:00:00.000","76","VALLE DEL CAUCA","76001","CALI","0.001","KILOGRAMO"
"2015-05-19T00:00:00.000","76","VALLE DEL CAUCA","76041","ANSERMANUEVO","0.001","KILOGRAMO"
"2015-05-19T00:00:00.000","76","VALLE DEL CAUCA","76736","SEVILLA","0.001","KILOGRAMO"
"2015-05-19T00:00:00.000","76","VALLE DEL CAUCA","76147","CARTAGO","0.003","KILOGRAMO"
"2015-05-18T00:00:00.000","76","VALLE DEL CAUCA","76147","CARTAGO","0.001","KILOGRAMO"
"2015-05-17T00:00:00.000","76","VALLE DEL CAUCA","76001","CALI","0.004","KILOGRAMO"
"2015-05-17T00:00:00.000","76","VALLE DEL CAUCA","76622","ROLDANILLO","0.002","KILOGRAMO"
"2015-05-17T00:00:00.000","76","VALLE DEL CAUCA","76147","CARTAGO","0.001","KILOGRAMO"
"2015-05-17T00:00:00.000","08","ATLANTICO","08001","BARRANQUILLA","0.005","KILOGRAMO"
"2015-05-16T00:00:00.000","11","BOGOTA D.C.","11001","BOGOTA D.C.","2.9","KILOGRAMO"
"2015-05-16T00:00:00.000","76","VALLE DEL CAUCA","76001","CALI","0.001","KILOGRAMO"
"2015-05-16T00:00:00.000","76","VALLE DEL CAUCA","76147","CARTAGO","0.006","KILOGRAMO"
"2015-05-16T00:00:00.000","76","VALLE DEL CAUCA","76041","ANSERMANUEVO","0.001","KILOGRAMO"
"2015-05-16T00:00:00.000","76","VALLE DEL CAUCA","76622","ROLDANILLO","0.002","KILOGRAMO"
"2015-05-15T00:00:00.000","76","VALLE DEL CAUCA","76147","CARTAGO","0.002","KILOGRAMO"
"2015-05-15T00:00:00.000","76","VALLE DEL CAUCA","76001","CALI","0.003","KILOGRAMO"
"2015-05-14T00:00:00.000","76","VALLE DEL CAUCA","76001","CALI","0.001","KILOGRAMO"
"2015-05-14T00:00:00.000","76","VALLE DEL CAUCA","76834","TULUA","0.001","KILOGRAMO"
"2015-05-14T00:00:00.000","54","NORTE DE SANTANDER","54001","CUCUTA","0.008","KILOGRAMO"
"2015-05-14T00:00:00.000","76","VALLE DEL CAUCA","76147","CARTAGO","0.002","KILOGRAMO"
"2015-05-14T00:00:00.000","76","VALLE DEL CAUCA","76497","OBANDO","0.001","KILOGRAMO"
"2015-05-13T00:00:00.000","11","BOGOTA D.C.","11001","BOGOTA D.C.","6.6","KILOGRAMO"
"2015-05-13T00:00:00.000","76","VALLE DEL CAUCA","76497","OBANDO","0.001","KILOGRAMO"
"2015-05-13T00:00:00.000","08","ATLANTICO","08433","MALAMBO","0.002","KILOGRAMO"
"2015-05-12T00:00:00.000","76","VALLE DEL CAUCA","76001","CALI","0.003","KILOGRAMO"
"2015-05-12T00:00:00.000","76","VALLE DEL CAUCA","76736","SEVILLA","0.005","KILOGRAMO"
"2015-05-12T00:00:00.000","76","VALLE DEL CAUCA","76147","CARTAGO","0.002","KILOGRAMO"
"2015-05-12T00:00:00.000","11","BOGOTA D.C.","11001","BOGOTA D.C.","0.025","KILOGRAMO"
"2015-05-11T00:00:00.000","76","VALLE DEL CAUCA","76736","SEVILLA","0.01","KILOGRAMO"
"2015-05-11T00:00:00.000","76","VALLE DEL CAUCA","76001","CALI","0.003","KILOGRAMO"
"2015-05-10T00:00:00.000","76","VALLE DEL CAUCA","76001","CALI","0.003","KILOGRAMO"
"2015-05-10T00:00:00.000","05","ANTIOQUIA","05001","MEDELLIN","0.015","KILOGRAMO"
"2015-05-10T00:00:00.000","76","VALLE DEL CAUCA","76622","ROLDANILLO","0.002","KILOGRAMO"
"2015-05-08T00:00:00.000","19","CAUCA","19698","SANTANDER DE QUILICHAO","0.073","KILOGRAMO"
"2015-05-08T00:00:00.000","76","VALLE DEL CAUCA","76147","CARTAGO","0.003","KILOGRAMO"
"2015-05-08T00:00:00.000","66","RISARALDA","66001","PEREIRA","0.001","KILOGRAMO"
"2015-05-08T00:00:00.000","76","VALLE DEL CAUCA","76622","ROLDANILLO","0.002","KILOGRAMO"
"2015-05-08T00:00:00.000","76","VALLE DEL CAUCA","76020","ALCALA","0.002","KILOGRAMO"
"2015-05-08T00:00:00.000","08","ATLANTICO","08685","SANTO TOMAS","0.001","KILOGRAMO"
"2015-05-07T00:00:00.000","50","META","50001","VILLAVICENCIO","0.005","KILOGRAMO"
"2015-05-07T00:00:00.000","76","VALLE DEL CAUCA","76111","GUADALAJARA DE BUGA","0.01","KILOGRAMO"
"2015-05-07T00:00:00.000","19","CAUCA","19212","CORINTO","0.002","KILOGRAMO"
"2015-05-07T00:00:00.000","76","VALLE DEL CAUCA","76147","CARTAGO","0.002","KILOGRAMO"
"2015-05-07T00:00:00.000","76","VALLE DEL CAUCA","76001","CALI","0.004","KILOGRAMO"
"2015-05-06T00:00:00.000","05","ANTIOQUIA","05001","MEDELLIN","0.004","KILOGRAMO"
"2015-05-06T00:00:00.000","76","VALLE DEL CAUCA","76111","GUADALAJARA DE BUGA","0.011","KILOGRAMO"
"2015-05-06T00:00:00.000","63","QUINDIO","63001","ARMENIA","0.001","KILOGRAMO"
"2015-05-06T00:00:00.000","76","VALLE DEL CAUCA","76001","CALI","0.003","KILOGRAMO"
"2015-05-05T00:00:00.000","08","ATLANTICO","08770","SUAN","0.001","KILOGRAMO"
"2015-05-05T00:00:00.000","11","BOGOTA D.C.","11001","BOGOTA D.C.","0.002","KILOGRAMO"
"2015-05-05T00:00:00.000","76","VALLE DEL CAUCA","76147","CARTAGO","0.003","KILOGRAMO"
"2015-05-05T00:00:00.000","54","NORTE DE SANTANDER","54001","CUCUTA","0.004","KILOGRAMO"
"2015-05-05T00:00:00.000","76","VALLE DEL CAUCA","76736","SEVILLA","0.008","KILOGRAMO"
"2015-05-05T00:00:00.000","76","VALLE DEL CAUCA","76497","OBANDO","0.003","KILOGRAMO"
"2015-05-05T00:00:00.000","05","ANTIOQUIA","05001","MEDELLIN","0.014","KILOGRAMO"
"2015-05-04T00:00:00.000","76","VALLE DEL CAUCA","76109","BUENAVENTURA","15","KILOGRAMO"
"2015-05-04T00:00:00.000","76","VALLE DEL CAUCA","76497","OBANDO","0.004","KILOGRAMO"
"2015-05-04T00:00:00.000","76","VALLE DEL CAUCA","76001","CALI","0.006","KILOGRAMO"
"2015-05-03T00:00:00.000","76","VALLE DEL CAUCA","76001","CALI","0.001","KILOGRAMO"
"2015-05-02T00:00:00.000","76","VALLE DEL CAUCA","76147","CARTAGO","0.005","KILOGRAMO"
"2015-05-02T00:00:00.000","19","CAUCA","19845","VILLA RICA","0.002","KILOGRAMO"
"2015-05-01T00:00:00.000","54","NORTE DE SANTANDER","54001","CUCUTA","0.0043","KILOGRAMO"
"2015-05-01T00:00:00.000","76","VALLE DEL CAUCA","76147","CARTAGO","0.006","KILOGRAMO"
"2015-05-01T00:00:00.000","76","VALLE DEL CAUCA","76001","CALI","0.005","KILOGRAMO"
"2015-05-01T00:00:00.000","08","ATLANTICO","08758","SOLEDAD","0.002","KILOGRAMO"
"2015-04-30T00:00:00.000","76","VALLE DEL CAUCA","76111","GUADALAJARA DE BUGA","0.018","KILOGRAMO"
"2015-04-30T00:00:00.000","05","ANTIOQUIA","05088","BELLO","0.003","KILOGRAMO"
"2015-04-30T00:00:00.000","54","NORTE DE SANTANDER","54001","CUCUTA","0.0107","KILOGRAMO"
"2015-04-29T00:00:00.000","76","VALLE DEL CAUCA","76147","CARTAGO","0.003","KILOGRAMO"
"2015-04-29T00:00:00.000","05","ANTIOQUIA","05001","MEDELLIN","0.026","KILOGRAMO"
"2015-04-29T00:00:00.000","11","BOGOTA D.C.","11001","BOGOTA D.C.","2.962","KILOGRAMO"
"2015-04-29T00:00:00.000","76","VALLE DEL CAUCA","76001","CALI","0.006","KILOGRAMO"
"2015-04-29T00:00:00.000","54","NORTE DE SANTANDER","54001","CUCUTA","0.02","KILOGRAMO"
"2015-04-28T00:00:00.000","76","VALLE DEL CAUCA","76001","CALI","0.003","KILOGRAMO"
"2015-04-28T00:00:00.000","05","ANTIOQUIA","05308","GIRARDOTA","0.001","KILOGRAMO"
"2015-04-28T00:00:00.000","11","BOGOTA D.C.","11001","BOGOTA D.C.","0.015","KILOGRAMO"
"2015-04-27T00:00:00.000","05","ANTIOQUIA","05001","MEDELLIN","0.013","KILOGRAMO"
"2015-04-27T00:00:00.000","76","VALLE DEL CAUCA","76001","CALI","0.003","KILOGRAMO"
"2015-04-26T00:00:00.000","76","VALLE DEL CAUCA","76147","CARTAGO","0.004","KILOGRAMO"
"2015-04-25T00:00:00.000","66","RISARALDA","66170","DOSQUEBRADAS","0.215","KILOGRAMO"
"2015-04-25T00:00:00.000","76","VALLE DEL CAUCA","76001","CALI","0.003","KILOGRAMO"
"2015-04-24T00:00:00.000","76","VALLE DEL CAUCA","76001","CALI","0.003","KILOGRAMO"
"2015-04-24T00:00:00.000","50","META","50001","VILLAVICENCIO","0.002","KILOGRAMO"
"2015-04-24T00:00:00.000","05","ANTIOQUIA","05615","RIONEGRO","2.114","KILOGRAMO"
"2015-04-24T00:00:00.000","76","VALLE DEL CAUCA","76497","OBANDO","0.001","KILOGRAMO"
"2015-04-24T00:00:00.000","76","VALLE DEL CAUCA","76147","CARTAGO","0.011","KILOGRAMO"
"2015-04-23T00:00:00.000","76","VALLE DEL CAUCA","76001","CALI","0.001","KILOGRAMO"
"2015-04-23T00:00:00.000","05","ANTIOQUIA","05001","MEDELLIN","0.006","KILOGRAMO"
"2015-04-23T00:00:00.000","76","VALLE DEL CAUCA","76834","TULUA","0.002","KILOGRAMO"
"2015-04-23T00:00:00.000","19","CAUCA","19698","SANTANDER DE QUILICHAO","0.001","KILOGRAMO"
"2015-04-22T00:00:00.000","76","VALLE DEL CAUCA","76001","CALI","0.04","KILOGRAMO"
"2015-04-22T00:00:00.000","76","VALLE DEL CAUCA","76497","OBANDO","0.002","KILOGRAMO"
"2015-04-22T00:00:00.000","76","VALLE DEL CAUCA","76834","TULUA","0.002","KILOGRAMO"
"2015-04-22T00:00:00.000","11","BOGOTA D.C.","11001","BOGOTA D.C.","0.003","KILOGRAMO"
"2015-04-21T00:00:00.000","76","VALLE DEL CAUCA","76001","CALI","0.001","KILOGRAMO"
"2015-04-21T00:00:00.000","76","VALLE DEL CAUCA","76147","CARTAGO","0.004","KILOGRAMO"
"2015-04-21T00:00:00.000","76","VALLE DEL CAUCA","76497","OBANDO","0.002","KILOGRAMO"
"2015-04-21T00:00:00.000","76","VALLE DEL CAUCA","76834","TULUA","0.003","KILOGRAMO"
"2015-04-20T00:00:00.000","76","VALLE DEL CAUCA","76834","TULUA","0.001","KILOGRAMO"
"2015-04-20T00:00:00.000","76","VALLE DEL CAUCA","76111","GUADALAJARA DE BUGA","0.001","KILOGRAMO"
"2015-04-20T00:00:00.000","54","NORTE DE SANTANDER","54001","CUCUTA","0.002","KILOGRAMO"
"2015-04-19T00:00:00.000","54","NORTE DE SANTANDER","54001","CUCUTA","0.008","KILOGRAMO"
"2015-04-19T00:00:00.000","11","BOGOTA D.C.","11001","BOGOTA D.C.","5.5","KILOGRAMO"
"2015-04-19T00:00:00.000","76","VALLE DEL CAUCA","76001","CALI","0.001","KILOGRAMO"
"2015-04-18T00:00:00.000","76","VALLE DEL CAUCA","76001","CALI","0.001","KILOGRAMO"
"2015-04-18T00:00:00.000","05","ANTIOQUIA","05212","COPACABANA","0.002","KILOGRAMO"
"2015-04-18T00:00:00.000","05","ANTIOQUIA","05380","LA ESTRELLA","0.001","KILOGRAMO"
"2015-04-18T00:00:00.000","66","RISARALDA","66170","DOSQUEBRADAS","1.975","KILOGRAMO"
"2015-04-17T00:00:00.000","76","VALLE DEL CAUCA","76111","GUADALAJARA DE BUGA","0.001","KILOGRAMO"
"2015-04-17T00:00:00.000","76","VALLE DEL CAUCA","76147","CARTAGO","0.003","KILOGRAMO"
"2015-04-17T00:00:00.000","63","QUINDIO","63001","ARMENIA","0.211","KILOGRAMO"
"2015-04-16T00:00:00.000","66","RISARALDA","66400","LA VIRGINIA","0.021","KILOGRAMO"
"2015-04-16T00:00:00.000","54","NORTE DE SANTANDER","54405","LOS PATIOS","0.005","KILOGRAMO"
"2015-04-16T00:00:00.000","05","ANTIOQUIA","05001","MEDELLIN","0.035","KILOGRAMO"
"2015-04-16T00:00:00.000","76","VALLE DEL CAUCA","76834","TULUA","0.001","KILOGRAMO"
"2015-04-16T00:00:00.000","63","QUINDIO","63001","ARMENIA","0.2","KILOGRAMO"
"2015-04-16T00:00:00.000","11","BOGOTA D.C.","11001","BOGOTA D.C.","0.005","KILOGRAMO"
"2015-04-15T00:00:00.000","76","VALLE DEL CAUCA","76001","CALI","0.001","KILOGRAMO"
"2015-04-15T00:00:00.000","76","VALLE DEL CAUCA","76111","GUADALAJARA DE BUGA","0.002","KILOGRAMO"
"2015-04-15T00:00:00.000","76","VALLE DEL CAUCA","76147","CARTAGO","0.004","KILOGRAMO"
"2015-04-15T00:00:00.000","63","QUINDIO","63001","ARMENIA","0.181","KILOGRAMO"
"2015-04-15T00:00:00.000","52","NARIÑO","52356","IPIALES","0.86","KILOGRAMO"
"2015-04-15T00:00:00.000","76","VALLE DEL CAUCA","76020","ALCALA","0.002","KILOGRAMO"
"2015-04-14T00:00:00.000","76","VALLE DEL CAUCA","76111","GUADALAJARA DE BUGA","0.002","KILOGRAMO"
"2015-04-14T00:00:00.000","63","QUINDIO","63001","ARMENIA","0.241","KILOGRAMO"
"2015-04-14T00:00:00.000","54","NORTE DE SANTANDER","54001","CUCUTA","0.005","KILOGRAMO"
"2015-04-13T00:00:00.000","08","ATLANTICO","08001","BARRANQUILLA","0.015","KILOGRAMO"
"2015-04-13T00:00:00.000","05","ANTIOQUIA","05001","MEDELLIN","0.012","KILOGRAMO"
"2015-04-13T00:00:00.000","63","QUINDIO","63001","ARMENIA","0.014","KILOGRAMO"
"2015-04-13T00:00:00.000","76","VALLE DEL CAUCA","76111","GUADALAJARA DE BUGA","0.005","KILOGRAMO"
"2015-04-13T00:00:00.000","76","VALLE DEL CAUCA","76834","TULUA","0.001","KILOGRAMO"
"2015-04-13T00:00:00.000","76","VALLE DEL CAUCA","76001","CALI","0.001","KILOGRAMO"
"2015-04-12T00:00:00.000","19","CAUCA","19845","VILLA RICA","4.993","KILOGRAMO"
"2015-04-11T00:00:00.000","76","VALLE DEL CAUCA","76001","CALI","0.003","KILOGRAMO"
"2015-04-11T00:00:00.000","63","QUINDIO","63001","ARMENIA","0.1","KILOGRAMO"
"2015-04-11T00:00:00.000","54","NORTE DE SANTANDER","54001","CUCUTA","0.0014","KILOGRAMO"
"2015-04-11T00:00:00.000","76","VALLE DEL CAUCA","76147","CARTAGO","0.004","KILOGRAMO"
"2015-04-11T00:00:00.000","76","VALLE DEL CAUCA","76845","ULLOA","0.001","KILOGRAMO"
"2015-04-10T00:00:00.000","76","VALLE DEL CAUCA","76001","CALI","0.011","KILOGRAMO"
"2015-04-10T00:00:00.000","63","QUINDIO","63001","ARMENIA","0.361","KILOGRAMO"
"2015-04-10T00:00:00.000","76","VALLE DEL CAUCA","76147","CARTAGO","0.005","KILOGRAMO"
"2015-04-09T00:00:00.000","76","VALLE DEL CAUCA","76001","CALI","0.004","KILOGRAMO"
"2015-04-09T00:00:00.000","76","VALLE DEL CAUCA","76834","TULUA","0.002","KILOGRAMO"
"2015-04-09T00:00:00.000","76","VALLE DEL CAUCA","76122","CAICEDONIA","0.01","KILOGRAMO"
"2015-04-08T00:00:00.000","76","VALLE DEL CAUCA","76147","CARTAGO","0.003","KILOGRAMO"
"2015-04-08T00:00:00.000","63","QUINDIO","63690","SALENTO","0.03925","KILOGRAMO"
"2015-04-08T00:00:00.000","76","VALLE DEL CAUCA","76834","TULUA","0.007","KILOGRAMO"
"2015-04-08T00:00:00.000","08","ATLANTICO","08001","BARRANQUILLA","0.01","KILOGRAMO"
"2015-04-08T00:00:00.000","76","VALLE DEL CAUCA","76001","CALI","0.003","KILOGRAMO"
"2015-04-08T00:00:00.000","08","ATLANTICO","08758","SOLEDAD","0.5","KILOGRAMO"
"2015-04-08T00:00:00.000","63","QUINDIO","63001","ARMENIA","0.04","KILOGRAMO"
"2015-04-08T00:00:00.000","76","VALLE DEL CAUCA","76606","RESTREPO","0.002","KILOGRAMO"
"2015-04-07T00:00:00.000","76","VALLE DEL CAUCA","76001","CALI","0.009","KILOGRAMO"
"2015-04-07T00:00:00.000","63","QUINDIO","63001","ARMENIA","0.31","KILOGRAMO"
"2015-04-07T00:00:00.000","76","VALLE DEL CAUCA","76147","CARTAGO","0.002","KILOGRAMO"
"2015-04-07T00:00:00.000","05","ANTIOQUIA","05212","COPACABANA","0.004","KILOGRAMO"
"2015-04-06T00:00:00.000","76","VALLE DEL CAUCA","76001","CALI","0.003","KILOGRAMO"
"2015-04-06T00:00:00.000","05","ANTIOQUIA","05631","SABANETA","0.001","KILOGRAMO"
"2015-04-06T00:00:00.000","54","NORTE DE SANTANDER","54001","CUCUTA","0.007","KILOGRAMO"
"2015-04-06T00:00:00.000","11","BOGOTA D.C.","11001","BOGOTA D.C.","0.6","KILOGRAMO"
"2015-04-06T00:00:00.000","76","VALLE DEL CAUCA","76147","CARTAGO","0.002","KILOGRAMO"
"2015-04-06T00:00:00.000","63","QUINDIO","63001","ARMENIA","0.036","KILOGRAMO"
"2015-04-05T00:00:00.000","76","VALLE DEL CAUCA","76622","ROLDANILLO","0.002","KILOGRAMO"
"2015-04-05T00:00:00.000","76","VALLE DEL CAUCA","76147","CARTAGO","0.001","KILOGRAMO"
"2015-04-05T00:00:00.000","76","VALLE DEL CAUCA","76001","CALI","0.004","KILOGRAMO"
"2015-04-04T00:00:00.000","05","ANTIOQUIA","05001","MEDELLIN","0.016","KILOGRAMO"
"2015-04-04T00:00:00.000","54","NORTE DE SANTANDER","54001","CUCUTA","0.005","KILOGRAMO"
"2015-04-04T00:00:00.000","76","VALLE DEL CAUCA","76497","OBANDO","0.001","KILOGRAMO"
"2015-04-04T00:00:00.000","76","VALLE DEL CAUCA","76622","ROLDANILLO","0.002","KILOGRAMO"
"2015-04-04T00:00:00.000","76","VALLE DEL CAUCA","76001","CALI","0.001","KILOGRAMO"
"2015-04-04T00:00:00.000","63","QUINDIO","63001","ARMENIA","0.011","KILOGRAMO"
"2015-04-04T00:00:00.000","76","VALLE DEL CAUCA","76147","CARTAGO","0.001","KILOGRAMO"
"2015-04-03T00:00:00.000","76","VALLE DEL CAUCA","76147","CARTAGO","0.005","KILOGRAMO"
"2015-04-03T00:00:00.000","76","VALLE DEL CAUCA","76001","CALI","0.003","KILOGRAMO"
"2015-04-02T00:00:00.000","76","VALLE DEL CAUCA","76001","CALI","0.009","KILOGRAMO"
"2015-04-02T00:00:00.000","11","BOGOTA D.C.","11001","BOGOTA D.C.","0.008","KILOGRAMO"
"2015-04-01T00:00:00.000","76","VALLE DEL CAUCA","76001","CALI","0.008","KILOGRAMO"
"2015-04-01T00:00:00.000","11","BOGOTA D.C.","11001","BOGOTA D.C.","3.013","KILOGRAMO"
"2015-04-01T00:00:00.000","76","VALLE DEL CAUCA","76147","CARTAGO","0.001","KILOGRAMO"
"2015-04-01T00:00:00.000","54","NORTE DE SANTANDER","54001","CUCUTA","0.0024","KILOGRAMO"
"2015-03-31T00:00:00.000","11","BOGOTA D.C.","11001","BOGOTA D.C.","0.005","KILOGRAMO"
"2015-03-31T00:00:00.000","76","VALLE DEL CAUCA","76001","CALI","0.001","KILOGRAMO"
"2015-03-31T00:00:00.000","08","ATLANTICO","08001","BARRANQUILLA","0.08","KILOGRAMO"
"2015-03-31T00:00:00.000","76","VALLE DEL CAUCA","76147","CARTAGO","0.06","KILOGRAMO"
"2015-03-30T00:00:00.000","76","VALLE DEL CAUCA","76113","BUGALAGRANDE","0.006","KILOGRAMO"
"2015-03-30T00:00:00.000","11","BOGOTA D.C.","11001","BOGOTA D.C.","0.001","KILOGRAMO"
"2015-03-29T00:00:00.000","76","VALLE DEL CAUCA","76001","CALI","0.001","KILOGRAMO"
"2015-03-29T00:00:00.000","76","VALLE DEL CAUCA","76497","OBANDO","0.001","KILOGRAMO"
"2015-03-28T00:00:00.000","76","VALLE DEL CAUCA","76020","ALCALA","0.001","KILOGRAMO"
"2015-03-28T00:00:00.000","20","CESAR","20710","SAN ALBERTO","0.031","KILOGRAMO"
"2015-03-28T00:00:00.000","68","SANTANDER","68001","BUCARAMANGA","0.001","KILOGRAMO"
"2015-03-27T00:00:00.000","63","QUINDIO","63001","ARMENIA","0.037","KILOGRAMO"
"2015-03-27T00:00:00.000","76","VALLE DEL CAUCA","76001","CALI","0.001","KILOGRAMO"
"2015-03-26T00:00:00.000","11","BOGOTA D.C.","11001","BOGOTA D.C.","0.336","KILOGRAMO"
"2015-03-26T00:00:00.000","76","VALLE DEL CAUCA","76001","CALI","0.003","KILOGRAMO"
"2015-03-26T00:00:00.000","54","NORTE DE SANTANDER","54001","CUCUTA","0.002","KILOGRAMO"
"2015-03-26T00:00:00.000","20","CESAR","20400","LA JAGUA DE IBIRICO","0.005","KILOGRAMO"
"2015-03-26T00:00:00.000","76","VALLE DEL CAUCA","76111","GUADALAJARA DE BUGA","0.002","KILOGRAMO"
"2015-03-26T00:00:00.000","76","VALLE DEL CAUCA","76834","TULUA","0.001","KILOGRAMO"
"2015-03-26T00:00:00.000","76","VALLE DEL CAUCA","76497","OBANDO","0.001","KILOGRAMO"
"2015-03-25T00:00:00.000","76","VALLE DEL CAUCA","76001","CALI","0.003","KILOGRAMO"
"2015-03-25T00:00:00.000","54","NORTE DE SANTANDER","54001","CUCUTA","0.064","KILOGRAMO"
"2015-03-25T00:00:00.000","76","VALLE DEL CAUCA","76497","OBANDO","0.002","KILOGRAMO"
"2015-03-24T00:00:00.000","08","ATLANTICO","08001","BARRANQUILLA","0.015","KILOGRAMO"
"2015-03-24T00:00:00.000","54","NORTE DE SANTANDER","54001","CUCUTA","0.0179","KILOGRAMO"
"2015-03-24T00:00:00.000","76","VALLE DEL CAUCA","76020","ALCALA","0.002","KILOGRAMO"
"2015-03-24T00:00:00.000","19","CAUCA","19698","SANTANDER DE QUILICHAO","0.004","KILOGRAMO"
"2015-03-24T00:00:00.000","76","VALLE DEL CAUCA","76001","CALI","0.003","KILOGRAMO"
"2015-03-24T00:00:00.000","05","ANTIOQUIA","05380","LA ESTRELLA","0.001","KILOGRAMO"
"2015-03-24T00:00:00.000","76","VALLE DEL CAUCA","76147","CARTAGO","0.006","KILOGRAMO"
"2015-03-23T00:00:00.000","54","NORTE DE SANTANDER","54001","CUCUTA","0.002","KILOGRAMO"
"2015-03-23T00:00:00.000","05","ANTIOQUIA","05001","MEDELLIN","0.001","KILOGRAMO"
"2015-03-23T00:00:00.000","76","VALLE DEL CAUCA","76400","LA UNION","0.003","KILOGRAMO"
"2015-03-23T00:00:00.000","76","VALLE DEL CAUCA","76147","CARTAGO","0.013","KILOGRAMO"
"2015-03-23T00:00:00.000","76","VALLE DEL CAUCA","76001","CALI","0.001","KILOGRAMO"
"2015-03-22T00:00:00.000","76","VALLE DEL CAUCA","76020","ALCALA","0.002","KILOGRAMO"
"2015-03-22T00:00:00.000","05","ANTIOQUIA","05001","MEDELLIN","0.012","KILOGRAMO"
"2015-03-22T00:00:00.000","11","BOGOTA D.C.","11001","BOGOTA D.C.","0.707","KILOGRAMO"
"2015-03-22T00:00:00.000","76","VALLE DEL CAUCA","76111","GUADALAJARA DE BUGA","0.004","KILOGRAMO"
"2015-03-22T00:00:00.000","76","VALLE DEL CAUCA","76147","CARTAGO","0.003","KILOGRAMO"
"2015-03-22T00:00:00.000","54","NORTE DE SANTANDER","54001","CUCUTA","0.02","KILOGRAMO"
"2015-03-22T00:00:00.000","76","VALLE DEL CAUCA","76001","CALI","0.001","KILOGRAMO"
"2015-03-21T00:00:00.000","76","VALLE DEL CAUCA","76001","CALI","0.004","KILOGRAMO"
"2015-03-21T00:00:00.000","76","VALLE DEL CAUCA","76147","CARTAGO","0.009","KILOGRAMO"
"2015-03-21T00:00:00.000","19","CAUCA","19807","TIMBIO","5.268","KILOGRAMO"
"2015-03-21T00:00:00.000","76","VALLE DEL CAUCA","76020","ALCALA","0.0012","KILOGRAMO"
"2015-03-21T00:00:00.000","76","VALLE DEL CAUCA","76497","OBANDO","0.002","KILOGRAMO"
"2015-03-20T00:00:00.000","54","NORTE DE SANTANDER","54001","CUCUTA","0.01","KILOGRAMO"
"2015-03-19T00:00:00.000","19","CAUCA","19698","SANTANDER DE QUILICHAO","0.0038","KILOGRAMO"
"2015-03-19T00:00:00.000","76","VALLE DEL CAUCA","76001","CALI","0.002","KILOGRAMO"
"2015-03-19T00:00:00.000","76","VALLE DEL CAUCA","76147","CARTAGO","0.008","KILOGRAMO"
"2015-03-19T00:00:00.000","11","BOGOTA D.C.","11001","BOGOTA D.C.","0.008","KILOGRAMO"
"2015-03-18T00:00:00.000","76","VALLE DEL CAUCA","76001","CALI","0.001","KILOGRAMO"
"2015-03-18T00:00:00.000","54","NORTE DE SANTANDER","54001","CUCUTA","0.004","KILOGRAMO"
"2015-03-18T00:00:00.000","76","VALLE DEL CAUCA","76497","OBANDO","0.001","KILOGRAMO"
"2015-03-18T00:00:00.000","76","VALLE DEL CAUCA","76845","ULLOA","0.002","KILOGRAMO"
"2015-03-17T00:00:00.000","76","VALLE DEL CAUCA","76147","CARTAGO","0.003","KILOGRAMO"
"2015-03-17T00:00:00.000","76","VALLE DEL CAUCA","76001","CALI","0.002","KILOGRAMO"
"2015-03-17T00:00:00.000","20","CESAR","20710","SAN ALBERTO","0.025","KILOGRAMO"
"2015-03-16T00:00:00.000","76","VALLE DEL CAUCA","76113","BUGALAGRANDE","0.004","KILOGRAMO"
"2015-03-16T00:00:00.000","54","NORTE DE SANTANDER","54001","CUCUTA","0.0045","KILOGRAMO"
"2015-03-16T00:00:00.000","76","VALLE DEL CAUCA","76147","CARTAGO","0.002","KILOGRAMO"
"2015-03-16T00:00:00.000","76","VALLE DEL CAUCA","76001","CALI","0.001","KILOGRAMO"
"2015-03-15T00:00:00.000","54","NORTE DE SANTANDER","54001","CUCUTA","0.007","KILOGRAMO"
"2015-03-15T00:00:00.000","76","VALLE DEL CAUCA","76497","OBANDO","0.003","KILOGRAMO"
"2015-03-15T00:00:00.000","11","BOGOTA D.C.","11001","BOGOTA D.C.","0.909","KILOGRAMO"
"2015-03-14T00:00:00.000","54","NORTE DE SANTANDER","54001","CUCUTA","0.034","KILOGRAMO"
"2015-03-14T00:00:00.000","63","QUINDIO","63001","ARMENIA","0.4","KILOGRAMO"
"2015-03-14T00:00:00.000","76","VALLE DEL CAUCA","76147","CARTAGO","0.001","KILOGRAMO"
"2015-03-13T00:00:00.000","76","VALLE DEL CAUCA","76036","ANDALUCIA","0.006","KILOGRAMO"
"2015-03-13T00:00:00.000","76","VALLE DEL CAUCA","76001","CALI","0.002","KILOGRAMO"
"2015-03-13T00:00:00.000","76","VALLE DEL CAUCA","76147","CARTAGO","0.001","KILOGRAMO"
"2015-03-13T00:00:00.000","76","VALLE DEL CAUCA","76497","OBANDO","0.003","KILOGRAMO"
"2015-03-12T00:00:00.000","76","VALLE DEL CAUCA","76233","DAGUA","0.016","KILOGRAMO"
"2015-03-12T00:00:00.000","08","ATLANTICO","08001","BARRANQUILLA","0.005","KILOGRAMO"
"2015-03-12T00:00:00.000","08","ATLANTICO","08634","SABANAGRANDE","0.003","KILOGRAMO"
"2015-03-12T00:00:00.000","19","CAUCA","19698","SANTANDER DE QUILICHAO","0.003","KILOGRAMO"
"2015-03-12T00:00:00.000","76","VALLE DEL CAUCA","76111","GUADALAJARA DE BUGA","0.001","KILOGRAMO"
"2015-03-11T00:00:00.000","76","VALLE DEL CAUCA","76147","CARTAGO","0.003","KILOGRAMO"
"2015-03-11T00:00:00.000","76","VALLE DEL CAUCA","76001","CALI","0.001","KILOGRAMO"
"2015-03-11T00:00:00.000","11","BOGOTA D.C.","11001","BOGOTA D.C.","1.934","KILOGRAMO"
"2015-03-11T00:00:00.000","76","VALLE DEL CAUCA","76233","DAGUA","0.015","KILOGRAMO"
"2015-03-10T00:00:00.000","76","VALLE DEL CAUCA","76001","CALI","0.006","KILOGRAMO"
"2015-03-10T00:00:00.000","05","ANTIOQUIA","05001","MEDELLIN","0.008","KILOGRAMO"
"2015-03-09T00:00:00.000","76","VALLE DEL CAUCA","76892","YUMBO","0.1","KILOGRAMO"
"2015-03-09T00:00:00.000","76","VALLE DEL CAUCA","76622","ROLDANILLO","0.002","KILOGRAMO"
"2015-03-09T00:00:00.000","76","VALLE DEL CAUCA","76147","CARTAGO","0.002","KILOGRAMO"
"2015-03-09T00:00:00.000","76","VALLE DEL CAUCA","76001","CALI","0.013","KILOGRAMO"
"2015-03-08T00:00:00.000","63","QUINDIO","63401","LA TEBAIDA","0.152","KILOGRAMO"
"2015-03-08T00:00:00.000","08","ATLANTICO","08137","CAMPO DE LA CRUZ","0.001","KILOGRAMO"
"2015-03-07T00:00:00.000","54","NORTE DE SANTANDER","54553","PUERTO SANTANDER","0.005","KILOGRAMO"
"2015-03-07T00:00:00.000","76","VALLE DEL CAUCA","76147","CARTAGO","0.002","KILOGRAMO"
"2015-03-06T00:00:00.000","19","CAUCA","19698","SANTANDER DE QUILICHAO","0.17","KILOGRAMO"
"2015-03-06T00:00:00.000","76","VALLE DEL CAUCA","76147","CARTAGO","0.006","KILOGRAMO"
"2015-03-06T00:00:00.000","76","VALLE DEL CAUCA","76001","CALI","0.003","KILOGRAMO"
"2015-03-06T00:00:00.000","54","NORTE DE SANTANDER","54001","CUCUTA","0.001","KILOGRAMO"
"2015-03-05T00:00:00.000","76","VALLE DEL CAUCA","76845","ULLOA","0.001","KILOGRAMO"
"2015-03-05T00:00:00.000","76","VALLE DEL CAUCA","76001","CALI","0.001","KILOGRAMO"
"2015-03-05T00:00:00.000","11","BOGOTA D.C.","11001","BOGOTA D.C.","7.002","KILOGRAMO"
"2015-03-05T00:00:00.000","76","VALLE DEL CAUCA","76147","CARTAGO","0.002","KILOGRAMO"
"2015-03-04T00:00:00.000","08","ATLANTICO","08520","PALMAR DE VARELA","0.006","KILOGRAMO"
"2015-03-04T00:00:00.000","66","RISARALDA","66001","PEREIRA","0.979","KILOGRAMO"
"2015-03-04T00:00:00.000","11","BOGOTA D.C.","11001","BOGOTA D.C.","0.011","KILOGRAMO"
"2015-03-04T00:00:00.000","76","VALLE DEL CAUCA","76147","CARTAGO","0.005","KILOGRAMO"
"2015-03-04T00:00:00.000","54","NORTE DE SANTANDER","54001","CUCUTA","0.077","KILOGRAMO"
"2015-03-03T00:00:00.000","76","VALLE DEL CAUCA","76147","CARTAGO","0.004","KILOGRAMO"
"2015-03-02T00:00:00.000","76","VALLE DEL CAUCA","76147","CARTAGO","0.013","KILOGRAMO"
"2015-03-02T00:00:00.000","63","QUINDIO","63001","ARMENIA","0.01","KILOGRAMO"
"2015-03-01T00:00:00.000","76","VALLE DEL CAUCA","76147","CARTAGO","0.007","KILOGRAMO"
"2015-03-01T00:00:00.000","63","QUINDIO","63001","ARMENIA","0.775","KILOGRAMO"
"2015-02-28T00:00:00.000","76","VALLE DEL CAUCA","76001","CALI","0.001","KILOGRAMO"
"2015-02-28T00:00:00.000","76","VALLE DEL CAUCA","76147","CARTAGO","0.04","KILOGRAMO"
"2015-02-28T00:00:00.000","54","NORTE DE SANTANDER","54001","CUCUTA","0.002","KILOGRAMO"
"2015-02-27T00:00:00.000","76","VALLE DEL CAUCA","76497","OBANDO","0.005","KILOGRAMO"
"2015-02-27T00:00:00.000","76","VALLE DEL CAUCA","76147","CARTAGO","0.005","KILOGRAMO"
"2015-02-27T00:00:00.000","76","VALLE DEL CAUCA","76616","RIOFRIO","0.001","KILOGRAMO"
"2015-02-26T00:00:00.000","54","NORTE DE SANTANDER","54001","CUCUTA","0.0022","KILOGRAMO"
"2015-02-26T00:00:00.000","05","ANTIOQUIA","05001","MEDELLIN","0.04","KILOGRAMO"
"2015-02-26T00:00:00.000","11","BOGOTA D.C.","11001","BOGOTA D.C.","0.031","KILOGRAMO"
"2015-02-26T00:00:00.000","52","NARIÑO","52110","BUESACO","60","KILOGRAMO"
"2015-02-26T00:00:00.000","54","NORTE DE SANTANDER","54874","VILLA DEL ROSARIO","0.08","KILOGRAMO"
"2015-02-25T00:00:00.000","76","VALLE DEL CAUCA","76246","EL CAIRO","0.001","KILOGRAMO"
"2015-02-25T00:00:00.000","76","VALLE DEL CAUCA","76147","CARTAGO","0.009","KILOGRAMO"
"2015-02-25T00:00:00.000","76","VALLE DEL CAUCA","76622","ROLDANILLO","0.001","KILOGRAMO"
"2015-02-25T00:00:00.000","54","NORTE DE SANTANDER","54001","CUCUTA","0.001","KILOGRAMO"
"2015-02-24T00:00:00.000","76","VALLE DEL CAUCA","76147","CARTAGO","0.002","KILOGRAMO"
"2015-02-23T00:00:00.000","08","ATLANTICO","08685","SANTO TOMAS","0.001","KILOGRAMO"
"2015-02-23T00:00:00.000","76","VALLE DEL CAUCA","76041","ANSERMANUEVO","0.002","KILOGRAMO"
"2015-02-23T00:00:00.000","76","VALLE DEL CAUCA","76001","CALI","0.054","KILOGRAMO"
"2015-02-23T00:00:00.000","76","VALLE DEL CAUCA","76497","OBANDO","0.002","KILOGRAMO"
"2015-02-23T00:00:00.000","76","VALLE DEL CAUCA","76248","EL CERRITO","0.003","KILOGRAMO"
"2015-02-22T00:00:00.000","19","CAUCA","19698","SANTANDER DE QUILICHAO","0.025","KILOGRAMO"
"2015-02-22T00:00:00.000","11","BOGOTA D.C.","11001","BOGOTA D.C.","6.05","KILOGRAMO"
"2015-02-21T00:00:00.000","76","VALLE DEL CAUCA","76834","TULUA","0.001","KILOGRAMO"
"2015-02-21T00:00:00.000","76","VALLE DEL CAUCA","76248","EL CERRITO","0.007","KILOGRAMO"
"2015-02-20T00:00:00.000","76","VALLE DEL CAUCA","76001","CALI","0.006","KILOGRAMO"
"2015-02-20T00:00:00.000","05","ANTIOQUIA","05079","BARBOSA","0.01","KILOGRAMO"
"2015-02-20T00:00:00.000","66","RISARALDA","66170","DOSQUEBRADAS","0.004","KILOGRAMO"
"2015-02-20T00:00:00.000","76","VALLE DEL CAUCA","76248","EL CERRITO","0.006","KILOGRAMO"
"2015-02-20T00:00:00.000","76","VALLE DEL CAUCA","76147","CARTAGO","0.001","KILOGRAMO"
"2015-02-19T00:00:00.000","54","NORTE DE SANTANDER","54001","CUCUTA","0.001","KILOGRAMO"
"2015-02-19T00:00:00.000","76","VALLE DEL CAUCA","76248","EL CERRITO","0.005","KILOGRAMO"
"2015-02-18T00:00:00.000","05","ANTIOQUIA","05266","ENVIGADO","0.014","KILOGRAMO"
"2015-02-18T00:00:00.000","76","VALLE DEL CAUCA","76248","EL CERRITO","0.004","KILOGRAMO"
"2015-02-18T00:00:00.000","76","VALLE DEL CAUCA","76054","ARGELIA","0.003","KILOGRAMO"
"2015-02-17T00:00:00.000","76","VALLE DEL CAUCA","76248","EL CERRITO","0.01","KILOGRAMO"
"2015-02-17T00:00:00.000","54","NORTE DE SANTANDER","54001","CUCUTA","0.003","KILOGRAMO"
"2015-02-17T00:00:00.000","11","BOGOTA D.C.","11001","BOGOTA D.C.","0.001","KILOGRAMO"
"2015-02-16T00:00:00.000","66","RISARALDA","66001","PEREIRA","0.005","KILOGRAMO"
"2015-02-16T00:00:00.000","08","ATLANTICO","08001","BARRANQUILLA","0.008","KILOGRAMO"
"2015-02-16T00:00:00.000","05","ANTIOQUIA","05360","ITAGUI","0.001","KILOGRAMO"
"2015-02-16T00:00:00.000","76","VALLE DEL CAUCA","76834","TULUA","0.017","KILOGRAMO"
"2015-02-16T00:00:00.000","76","VALLE DEL CAUCA","76248","EL CERRITO","0.002","KILOGRAMO"
"2015-02-15T00:00:00.000","63","QUINDIO","63001","ARMENIA","0.301","KILOGRAMO"
"2015-02-15T00:00:00.000","76","VALLE DEL CAUCA","76248","EL CERRITO","0.003","KILOGRAMO"
"2015-02-14T00:00:00.000","54","NORTE DE SANTANDER","54001","CUCUTA","0.0015","KILOGRAMO"
"2015-02-14T00:00:00.000","63","QUINDIO","63001","ARMENIA","0.003","KILOGRAMO"
"2015-02-14T00:00:00.000","11","BOGOTA D.C.","11001","BOGOTA D.C.","0.003","KILOGRAMO"
"2015-02-14T00:00:00.000","76","VALLE DEL CAUCA","76001","CALI","0.007","KILOGRAMO"
"2015-02-13T00:00:00.000","05","ANTIOQUIA","05001","MEDELLIN","4","KILOGRAMO"
"2015-02-13T00:00:00.000","63","QUINDIO","63001","ARMENIA","0.006","KILOGRAMO"
"2015-02-13T00:00:00.000","76","VALLE DEL CAUCA","76248","EL CERRITO","0.015","KILOGRAMO"
"2015-02-13T00:00:00.000","54","NORTE DE SANTANDER","54001","CUCUTA","0.037","KILOGRAMO"
"2015-02-12T00:00:00.000","76","VALLE DEL CAUCA","76736","SEVILLA","0.003","KILOGRAMO"
"2015-02-12T00:00:00.000","76","VALLE DEL CAUCA","76248","EL CERRITO","0.006","KILOGRAMO"
"2015-02-12T00:00:00.000","76","VALLE DEL CAUCA","76001","CALI","0.005","KILOGRAMO"
"2015-02-12T00:00:00.000","54","NORTE DE SANTANDER","54001","CUCUTA","0.0088","KILOGRAMO"
"2015-02-11T00:00:00.000","76","VALLE DEL CAUCA","76001","CALI","0.002","KILOGRAMO"
"2015-02-11T00:00:00.000","76","VALLE DEL CAUCA","76248","EL CERRITO","0.004","KILOGRAMO"
"2015-02-11T00:00:00.000","52","NARIÑO","52356","IPIALES","0.382","KILOGRAMO"
"2015-02-11T00:00:00.000","08","ATLANTICO","08685","SANTO TOMAS","0.002","KILOGRAMO"
"2015-02-10T00:00:00.000","76","VALLE DEL CAUCA","76001","CALI","0.008","KILOGRAMO"
"2015-02-10T00:00:00.000","76","VALLE DEL CAUCA","76248","EL CERRITO","0.005","KILOGRAMO"
"2015-02-10T00:00:00.000","63","QUINDIO","63001","ARMENIA","0.008","KILOGRAMO"
"2015-02-09T00:00:00.000","76","VALLE DEL CAUCA","76248","EL CERRITO","0.006","KILOGRAMO"
"2015-02-08T00:00:00.000","76","VALLE DEL CAUCA","76248","EL CERRITO","0.008","KILOGRAMO"
"2015-02-07T00:00:00.000","76","VALLE DEL CAUCA","76248","EL CERRITO","0.007","KILOGRAMO"
"2015-02-07T00:00:00.000","76","VALLE DEL CAUCA","76001","CALI","0.008","KILOGRAMO"
"2015-02-07T00:00:00.000","54","NORTE DE SANTANDER","54001","CUCUTA","0.009","KILOGRAMO"
"2015-02-06T00:00:00.000","76","VALLE DEL CAUCA","76001","CALI","0.008","KILOGRAMO"
"2015-02-06T00:00:00.000","54","NORTE DE SANTANDER","54001","CUCUTA","0.0088","KILOGRAMO"
"2015-02-06T00:00:00.000","76","VALLE DEL CAUCA","76248","EL CERRITO","0.011","KILOGRAMO"
"2015-02-05T00:00:00.000","63","QUINDIO","63001","ARMENIA","0.009","KILOGRAMO"
"2015-02-05T00:00:00.000","76","VALLE DEL CAUCA","76497","OBANDO","0.002","KILOGRAMO"
"2015-02-05T00:00:00.000","54","NORTE DE SANTANDER","54001","CUCUTA","0.006","KILOGRAMO"
"2015-02-05T00:00:00.000","17","CALDAS","17380","LA DORADA","1.8","KILOGRAMO"
"2015-02-05T00:00:00.000","76","VALLE DEL CAUCA","76001","CALI","0.03","KILOGRAMO"
"2015-02-04T00:00:00.000","66","RISARALDA","66318","GUATICA","0.001","KILOGRAMO"
"2015-02-04T00:00:00.000","68","SANTANDER","68547","PIEDECUESTA","0.01","KILOGRAMO"
"2015-02-04T00:00:00.000","08","ATLANTICO","08001","BARRANQUILLA","0.007","KILOGRAMO"
"2015-02-04T00:00:00.000","76","VALLE DEL CAUCA","76001","CALI","0.006","KILOGRAMO"
"2015-02-04T00:00:00.000","05","ANTIOQUIA","05360","ITAGUI","0.001","KILOGRAMO"
"2015-02-03T00:00:00.000","76","VALLE DEL CAUCA","76248","EL CERRITO","0.007","KILOGRAMO"
"2015-02-03T00:00:00.000","76","VALLE DEL CAUCA","76147","CARTAGO","0.002","KILOGRAMO"
"2015-02-03T00:00:00.000","54","NORTE DE SANTANDER","54001","CUCUTA","0.002","KILOGRAMO"
"2015-02-03T00:00:00.000","76","VALLE DEL CAUCA","76001","CALI","0.006","KILOGRAMO"
"2015-02-03T00:00:00.000","19","CAUCA","19698","SANTANDER DE QUILICHAO","0.004","KILOGRAMO"
"2015-02-02T00:00:00.000","54","NORTE DE SANTANDER","54001","CUCUTA","0.006","KILOGRAMO"
"2015-02-02T00:00:00.000","05","ANTIOQUIA","05380","LA ESTRELLA","0.001","KILOGRAMO"
"2015-02-02T00:00:00.000","76","VALLE DEL CAUCA","76834","TULUA","0.002","KILOGRAMO"
"2015-01-31T00:00:00.000","76","VALLE DEL CAUCA","76248","EL CERRITO","0.011","KILOGRAMO"
"2015-01-31T00:00:00.000","05","ANTIOQUIA","05001","MEDELLIN","0.003","KILOGRAMO"
"2015-01-31T00:00:00.000","76","VALLE DEL CAUCA","76001","CALI","0.006","KILOGRAMO"
"2015-01-31T00:00:00.000","76","VALLE DEL CAUCA","76497","OBANDO","0.002","KILOGRAMO"
"2015-01-31T00:00:00.000","63","QUINDIO","63001","ARMENIA","0.02","KILOGRAMO"
"2015-01-30T00:00:00.000","76","VALLE DEL CAUCA","76497","OBANDO","0.007","KILOGRAMO"
"2015-01-30T00:00:00.000","66","RISARALDA","66170","DOSQUEBRADAS","0.44","KILOGRAMO"
"2015-01-30T00:00:00.000","54","NORTE DE SANTANDER","54001","CUCUTA","4.385","KILOGRAMO"
"2015-01-30T00:00:00.000","76","VALLE DEL CAUCA","76248","EL CERRITO","0.007","KILOGRAMO"
"2015-01-30T00:00:00.000","08","ATLANTICO","08001","BARRANQUILLA","0.007","KILOGRAMO"
"2015-01-29T00:00:00.000","08","ATLANTICO","08001","BARRANQUILLA","0.093","KILOGRAMO"
"2015-01-29T00:00:00.000","76","VALLE DEL CAUCA","76834","TULUA","0.001","KILOGRAMO"
"2015-01-29T00:00:00.000","76","VALLE DEL CAUCA","76001","CALI","0.015","KILOGRAMO"
"2015-01-28T00:00:00.000","76","VALLE DEL CAUCA","76001","CALI","0.008","KILOGRAMO"
"2015-01-27T00:00:00.000","76","VALLE DEL CAUCA","76001","CALI","0.003","KILOGRAMO"
"2015-01-27T00:00:00.000","63","QUINDIO","63001","ARMENIA","0.025","KILOGRAMO"
"2015-01-27T00:00:00.000","19","CAUCA","19698","SANTANDER DE QUILICHAO","0.0045","KILOGRAMO"
"2015-01-26T00:00:00.000","76","VALLE DEL CAUCA","76001","CALI","0.004","KILOGRAMO"
"2015-01-26T00:00:00.000","63","QUINDIO","63001","ARMENIA","0.012","KILOGRAMO"
"2015-01-26T00:00:00.000","76","VALLE DEL CAUCA","76111","GUADALAJARA DE BUGA","0.001","KILOGRAMO"
"2015-01-25T00:00:00.000","76","VALLE DEL CAUCA","76248","EL CERRITO","0.006","KILOGRAMO"
"2015-01-24T00:00:00.000","76","VALLE DEL CAUCA","76147","CARTAGO","0.001","KILOGRAMO"
"2015-01-24T00:00:00.000","63","QUINDIO","63470","MONTENEGRO","0.021","KILOGRAMO"
"2015-01-24T00:00:00.000","76","VALLE DEL CAUCA","76111","GUADALAJARA DE BUGA","0.001","KILOGRAMO"
"2015-01-24T00:00:00.000","76","VALLE DEL CAUCA","76248","EL CERRITO","0.008","KILOGRAMO"
"2015-01-23T00:00:00.000","76","VALLE DEL CAUCA","76248","EL CERRITO","0.009","KILOGRAMO"
"2015-01-23T00:00:00.000","63","QUINDIO","63001","ARMENIA","0.019","KILOGRAMO"
"2015-01-23T00:00:00.000","05","ANTIOQUIA","05631","SABANETA","0.004","KILOGRAMO"
"2015-01-23T00:00:00.000","08","ATLANTICO","08001","BARRANQUILLA","0.034","KILOGRAMO"
"2015-01-22T00:00:00.000","76","VALLE DEL CAUCA","76001","CALI","0.002","KILOGRAMO"
"2015-01-22T00:00:00.000","76","VALLE DEL CAUCA","76248","EL CERRITO","0.008","KILOGRAMO"
"2015-01-21T00:00:00.000","52","NARIÑO","52435","MALLAMA","0.021","KILOGRAMO"
"2015-01-21T00:00:00.000","05","ANTIOQUIA","05129","CALDAS","0.01","KILOGRAMO"
"2015-01-21T00:00:00.000","54","NORTE DE SANTANDER","54001","CUCUTA","0.003","KILOGRAMO"
"2015-01-21T00:00:00.000","76","VALLE DEL CAUCA","76001","CALI","0.011","KILOGRAMO"
"2015-01-20T00:00:00.000","19","CAUCA","19698","SANTANDER DE QUILICHAO","0.036","KILOGRAMO"
"2015-01-20T00:00:00.000","76","VALLE DEL CAUCA","76111","GUADALAJARA DE BUGA","0.001","KILOGRAMO"
"2015-01-20T00:00:00.000","08","ATLANTICO","08001","BARRANQUILLA","0.02","KILOGRAMO"
"2015-01-20T00:00:00.000","76","VALLE DEL CAUCA","76248","EL CERRITO","0.007","KILOGRAMO"
"2015-01-19T00:00:00.000","76","VALLE DEL CAUCA","76111","GUADALAJARA DE BUGA","0.006","KILOGRAMO"
"2015-01-19T00:00:00.000","08","ATLANTICO","08001","BARRANQUILLA","0.005","KILOGRAMO"
"2015-01-19T00:00:00.000","63","QUINDIO","63001","ARMENIA","0.002","KILOGRAMO"
"2015-01-19T00:00:00.000","76","VALLE DEL CAUCA","76248","EL CERRITO","0.008","KILOGRAMO"
"2015-01-18T00:00:00.000","76","VALLE DEL CAUCA","76001","CALI","0.004","KILOGRAMO"
"2015-01-18T00:00:00.000","76","VALLE DEL CAUCA","76111","GUADALAJARA DE BUGA","0.001","KILOGRAMO"
"2015-01-18T00:00:00.000","76","VALLE DEL CAUCA","76520","PALMIRA","0.01","KILOGRAMO"
"2015-01-17T00:00:00.000","08","ATLANTICO","08001","BARRANQUILLA","0.001","KILOGRAMO"
"2015-01-17T00:00:00.000","63","QUINDIO","63001","ARMENIA","0.03","KILOGRAMO"
"2015-01-17T00:00:00.000","76","VALLE DEL CAUCA","76111","GUADALAJARA DE BUGA","0.001","KILOGRAMO"
"2015-01-16T00:00:00.000","76","VALLE DEL CAUCA","76248","EL CERRITO","0.006","KILOGRAMO"
"2015-01-16T00:00:00.000","08","ATLANTICO","08296","GALAPA","0.02","KILOGRAMO"
"2015-01-15T00:00:00.000","76","VALLE DEL CAUCA","76109","BUENAVENTURA","0.001","KILOGRAMO"
"2015-01-15T00:00:00.000","76","VALLE DEL CAUCA","76248","EL CERRITO","0.007","KILOGRAMO"
"2015-01-15T00:00:00.000","52","NARIÑO","52838","TUQUERRES","0.013","KILOGRAMO"
"2015-01-15T00:00:00.000","11","BOGOTA D.C.","11001","BOGOTA D.C.","0.3","KILOGRAMO"
"2015-01-15T00:00:00.000","19","CAUCA","19698","SANTANDER DE QUILICHAO","0.003","KILOGRAMO"
"2015-01-15T00:00:00.000","63","QUINDIO","63001","ARMENIA","0.089","KILOGRAMO"
"2015-01-15T00:00:00.000","76","VALLE DEL CAUCA","76834","TULUA","0.002","KILOGRAMO"
"2015-01-15T00:00:00.000","05","ANTIOQUIA","05001","MEDELLIN","4.393","KILOGRAMO"
"2015-01-14T00:00:00.000","54","NORTE DE SANTANDER","54001","CUCUTA","0.002","KILOGRAMO"
"2015-01-14T00:00:00.000","76","VALLE DEL CAUCA","76248","EL CERRITO","0.006","KILOGRAMO"
"2015-01-13T00:00:00.000","76","VALLE DEL CAUCA","76248","EL CERRITO","0.01","KILOGRAMO"
"2015-01-13T00:00:00.000","08","ATLANTICO","08573","PUERTO COLOMBIA","0.002","KILOGRAMO"
"2015-01-13T00:00:00.000","76","VALLE DEL CAUCA","76497","OBANDO","0.003","KILOGRAMO"
"2015-01-12T00:00:00.000","76","VALLE DEL CAUCA","76248","EL CERRITO","0.02","KILOGRAMO"
"2015-01-11T00:00:00.000","63","QUINDIO","63001","ARMENIA","0.017","KILOGRAMO"
"2015-01-09T00:00:00.000","05","ANTIOQUIA","05615","RIONEGRO","1.522","KILOGRAMO"
"2015-01-08T00:00:00.000","76","VALLE DEL CAUCA","76318","GUACARI","0.001","KILOGRAMO"
"2015-01-08T00:00:00.000","63","QUINDIO","63001","ARMENIA","0.004","KILOGRAMO"
"2015-01-08T00:00:00.000","76","VALLE DEL CAUCA","76001","CALI","0.017","KILOGRAMO"
"2015-01-07T00:00:00.000","63","QUINDIO","63001","ARMENIA","0.004","KILOGRAMO"
"2015-01-06T00:00:00.000","76","VALLE DEL CAUCA","76147","CARTAGO","0.002","KILOGRAMO"
"2015-01-06T00:00:00.000","11","BOGOTA D.C.","11001","BOGOTA D.C.","2","KILOGRAMO"
"2015-01-06T00:00:00.000","05","ANTIOQUIA","05615","RIONEGRO","19","KILOGRAMO"
"2015-01-06T00:00:00.000","63","QUINDIO","63001","ARMENIA","0.005","KILOGRAMO"
"2015-01-06T00:00:00.000","54","NORTE DE SANTANDER","54001","CUCUTA","0.0061","KILOGRAMO"
"2015-01-05T00:00:00.000","17","CALDAS","17001","MANIZALES","0.006","KILOGRAMO"
"2015-01-05T00:00:00.000","76","VALLE DEL CAUCA","76147","CARTAGO","0.001","KILOGRAMO"
"2015-01-03T00:00:00.000","76","VALLE DEL CAUCA","76147","CARTAGO","0.002","KILOGRAMO"
"2015-01-03T00:00:00.000","08","ATLANTICO","08001","BARRANQUILLA","0.034","KILOGRAMO"
"2015-01-03T00:00:00.000","54","NORTE DE SANTANDER","54001","CUCUTA","0.0025","KILOGRAMO"
"2015-01-02T00:00:00.000","54","NORTE DE SANTANDER","54874","VILLA DEL ROSARIO","0.0023","KILOGRAMO"
"2015-01-01T00:00:00.000","76","VALLE DEL CAUCA","76147","CARTAGO","0.002","KILOGRAMO"
"2014-12-28T00:00:00.000","08","ATLANTICO","08296","GALAPA","0.8","KILOGRAMO"
"2014-12-25T00:00:00.000","76","VALLE DEL CAUCA","76147","CARTAGO","0.001","KILOGRAMO"
"2014-12-24T00:00:00.000","68","SANTANDER","68547","PIEDECUESTA","0.01","KILOGRAMO"
"2014-12-24T00:00:00.000","11","BOGOTA D.C.","11001","BOGOTA D.C.","1.5","KILOGRAMO"
"2014-12-23T00:00:00.000","52","NARIÑO","52685","SAN BERNARDO","21.498","KILOGRAMO"
"2014-12-23T00:00:00.000","52","NARIÑO","52258","EL TABLON DE GOMEZ","22.569","KILOGRAMO"
"2014-12-22T00:00:00.000","05","ANTIOQUIA","05212","COPACABANA","0.022","KILOGRAMO"
"2014-12-22T00:00:00.000","11","BOGOTA D.C.","11001","BOGOTA D.C.","4.715","KILOGRAMO"
"2014-12-21T00:00:00.000","76","VALLE DEL CAUCA","76001","CALI","0.005","KILOGRAMO"
"2014-12-20T00:00:00.000","76","VALLE DEL CAUCA","76147","CARTAGO","0.001","KILOGRAMO"
"2014-12-20T00:00:00.000","63","QUINDIO","63001","ARMENIA","0.692","KILOGRAMO"
"2014-12-19T00:00:00.000","08","ATLANTICO","08758","SOLEDAD","0.05","KILOGRAMO"
"2014-12-18T00:00:00.000","76","VALLE DEL CAUCA","76147","CARTAGO","0.002","KILOGRAMO"
"2014-12-18T00:00:00.000","05","ANTIOQUIA","05001","MEDELLIN","0.004","KILOGRAMO"
"2014-12-17T00:00:00.000","11","BOGOTA D.C.","11001","BOGOTA D.C.","2.96","KILOGRAMO"
"2014-12-17T00:00:00.000","19","CAUCA","19698","SANTANDER DE QUILICHAO","0.018","KILOGRAMO"
"2014-12-17T00:00:00.000","66","RISARALDA","66170","DOSQUEBRADAS","0.15","KILOGRAMO"
"2014-12-15T00:00:00.000","76","VALLE DEL CAUCA","76147","CARTAGO","0.002","KILOGRAMO"
"2014-12-15T00:00:00.000","54","NORTE DE SANTANDER","54001","CUCUTA","0.001","KILOGRAMO"
"2014-12-14T00:00:00.000","76","VALLE DEL CAUCA","76147","CARTAGO","0.001","KILOGRAMO"
"2014-12-12T00:00:00.000","20","CESAR","20011","AGUACHICA","0.012","KILOGRAMO"
"2014-12-12T00:00:00.000","54","NORTE DE SANTANDER","54001","CUCUTA","0.009","KILOGRAMO"
"2014-12-11T00:00:00.000","63","QUINDIO","63401","LA TEBAIDA","0.012","KILOGRAMO"
"2014-12-10T00:00:00.000","11","BOGOTA D.C.","11001","BOGOTA D.C.","0.178","KILOGRAMO"
"2014-12-09T00:00:00.000","76","VALLE DEL CAUCA","76147","CARTAGO","0.002","KILOGRAMO"
"2014-12-08T00:00:00.000","63","QUINDIO","63001","ARMENIA","0.065","KILOGRAMO"
"2014-12-07T00:00:00.000","08","ATLANTICO","08001","BARRANQUILLA","0.018","KILOGRAMO"
"2014-12-05T00:00:00.000","54","NORTE DE SANTANDER","54001","CUCUTA","0.002","KILOGRAMO"
"2014-12-04T00:00:00.000","08","ATLANTICO","08001","BARRANQUILLA","0.08","KILOGRAMO"
"2014-12-03T00:00:00.000","05","ANTIOQUIA","05001","MEDELLIN","2","KILOGRAMO"
"2014-12-03T00:00:00.000","66","RISARALDA","66001","PEREIRA","0.03","KILOGRAMO"
"2014-12-01T00:00:00.000","54","NORTE DE SANTANDER","54001","CUCUTA","0.002","KILOGRAMO"
"2014-11-30T00:00:00.000","54","NORTE DE SANTANDER","54001","CUCUTA","0.004","KILOGRAMO"
"2014-11-29T00:00:00.000","54","NORTE DE SANTANDER","54001","CUCUTA","0.009","KILOGRAMO"
"2014-11-27T00:00:00.000","05","ANTIOQUIA","05380","LA ESTRELLA","0.0015","KILOGRAMO"
"2014-11-26T00:00:00.000","76","VALLE DEL CAUCA","76248","EL CERRITO","0.2","KILOGRAMO"
"2014-11-26T00:00:00.000","11","BOGOTA D.C.","11001","BOGOTA D.C.","1.93","KILOGRAMO"
"2014-11-26T00:00:00.000","76","VALLE DEL CAUCA","76001","CALI","0.002","KILOGRAMO"
"2014-11-25T00:00:00.000","52","NARIÑO","52258","EL TABLON DE GOMEZ","7.2","KILOGRAMO"
"2014-11-25T00:00:00.000","54","NORTE DE SANTANDER","54001","CUCUTA","0.01","KILOGRAMO"
"2014-11-24T00:00:00.000","05","ANTIOQUIA","05266","ENVIGADO","0.02","KILOGRAMO"
"2014-11-24T00:00:00.000","76","VALLE DEL CAUCA","76001","CALI","0.001","KILOGRAMO"
"2014-11-24T00:00:00.000","25","CUNDINAMARCA","25843","VILLA DE SAN DIEGO DE UBATE","0.001","KILOGRAMO"
"2014-11-24T00:00:00.000","54","NORTE DE SANTANDER","54001","CUCUTA","0.003","KILOGRAMO"
"2014-11-22T00:00:00.000","52","NARIÑO","52786","TAMINANGO","0.5","KILOGRAMO"
"2014-11-21T00:00:00.000","76","VALLE DEL CAUCA","76001","CALI","0.005","KILOGRAMO"
"2014-11-21T00:00:00.000","54","NORTE DE SANTANDER","54001","CUCUTA","0.0135","KILOGRAMO"
"2014-11-20T00:00:00.000","76","VALLE DEL CAUCA","76890","YOTOCO","0.003","KILOGRAMO"
"2014-11-20T00:00:00.000","66","RISARALDA","66170","DOSQUEBRADAS","0.001","KILOGRAMO"
"2014-11-17T00:00:00.000","76","VALLE DEL CAUCA","76001","CALI","0.005","KILOGRAMO"
"2014-11-15T00:00:00.000","76","VALLE DEL CAUCA","76001","CALI","0.011","KILOGRAMO"
"2014-11-14T00:00:00.000","76","VALLE DEL CAUCA","76001","CALI","0.051","KILOGRAMO"
"2014-11-12T00:00:00.000","05","ANTIOQUIA","05376","LA CEJA","0.001","KILOGRAMO"
"2014-11-11T00:00:00.000","54","NORTE DE SANTANDER","54001","CUCUTA","0.00026","KILOGRAMO"
"2014-11-11T00:00:00.000","66","RISARALDA","66001","PEREIRA","0.007","KILOGRAMO"
"2014-11-11T00:00:00.000","76","VALLE DEL CAUCA","76001","CALI","0.005","KILOGRAMO"
"2014-11-10T00:00:00.000","76","VALLE DEL CAUCA","76001","CALI","0.01","KILOGRAMO"
"2014-11-10T00:00:00.000","76","VALLE DEL CAUCA","76020","ALCALA","0.001","KILOGRAMO"
"2014-11-09T00:00:00.000","76","VALLE DEL CAUCA","76001","CALI","0.063","KILOGRAMO"
"2014-11-09T00:00:00.000","54","NORTE DE SANTANDER","54001","CUCUTA","0.002","KILOGRAMO"
"2014-11-09T00:00:00.000","66","RISARALDA","66170","DOSQUEBRADAS","0.002","KILOGRAMO"
"2014-11-08T00:00:00.000","76","VALLE DEL CAUCA","76147","CARTAGO","0.002","KILOGRAMO"
"2014-11-08T00:00:00.000","54","NORTE DE SANTANDER","54001","CUCUTA","0.007","KILOGRAMO"
"2014-11-07T00:00:00.000","76","VALLE DEL CAUCA","76001","CALI","1.005","KILOGRAMO"
"2014-11-07T00:00:00.000","54","NORTE DE SANTANDER","54001","CUCUTA","0.0123","KILOGRAMO"
"2014-11-06T00:00:00.000","76","VALLE DEL CAUCA","76111","GUADALAJARA DE BUGA","0.014","KILOGRAMO"
"2014-11-06T00:00:00.000","11","BOGOTA D.C.","11001","BOGOTA D.C.","0.005","KILOGRAMO"
"2014-11-06T00:00:00.000","76","VALLE DEL CAUCA","76147","CARTAGO","0.001","KILOGRAMO"
"2014-11-06T00:00:00.000","19","CAUCA","19001","POPAYAN","5.004","KILOGRAMO"
"2014-11-05T00:00:00.000","76","VALLE DEL CAUCA","76001","CALI","0.001","KILOGRAMO"
"2014-11-04T00:00:00.000","54","NORTE DE SANTANDER","54001","CUCUTA","0.002","KILOGRAMO"
"2014-11-03T00:00:00.000","11","BOGOTA D.C.","11001","BOGOTA D.C.","0.0038","KILOGRAMO"
"2014-11-02T00:00:00.000","76","VALLE DEL CAUCA","76001","CALI","0.008","KILOGRAMO"
"2014-11-01T00:00:00.000","76","VALLE DEL CAUCA","76001","CALI","0.011","KILOGRAMO"
"2014-10-30T00:00:00.000","63","QUINDIO","63001","ARMENIA","1.32","KILOGRAMO"
"2014-10-30T00:00:00.000","76","VALLE DEL CAUCA","76147","CARTAGO","0.003","KILOGRAMO"
"2014-10-30T00:00:00.000","66","RISARALDA","66088","BELEN DE UMBRIA","0.004","KILOGRAMO"
"2014-10-30T00:00:00.000","76","VALLE DEL CAUCA","76001","CALI","0.001","KILOGRAMO"
"2014-10-30T00:00:00.000","66","RISARALDA","66682","SANTA ROSA DE CABAL","0.0013","KILOGRAMO"
"2014-10-30T00:00:00.000","05","ANTIOQUIA","05615","RIONEGRO","3.22","KILOGRAMO"
"2014-10-29T00:00:00.000","66","RISARALDA","66170","DOSQUEBRADAS","0.035","KILOGRAMO"
"2014-10-28T00:00:00.000","66","RISARALDA","66170","DOSQUEBRADAS","0.036","KILOGRAMO"
"2014-10-27T00:00:00.000","66","RISARALDA","66170","DOSQUEBRADAS","0.025","KILOGRAMO"
"2014-10-27T00:00:00.000","63","QUINDIO","63001","ARMENIA","0.002","KILOGRAMO"
"2014-10-25T00:00:00.000","66","RISARALDA","66088","BELEN DE UMBRIA","0.002","KILOGRAMO"
"2014-10-25T00:00:00.000","54","NORTE DE SANTANDER","54001","CUCUTA","0.008","KILOGRAMO"
"2014-10-24T00:00:00.000","11","BOGOTA D.C.","11001","BOGOTA D.C.","0.45","KILOGRAMO"
"2014-10-24T00:00:00.000","76","VALLE DEL CAUCA","76147","CARTAGO","0.001","KILOGRAMO"
"2014-10-24T00:00:00.000","76","VALLE DEL CAUCA","76001","CALI","0.001","KILOGRAMO"
"2014-10-23T00:00:00.000","08","ATLANTICO","08001","BARRANQUILLA","0.006","KILOGRAMO"
"2014-10-23T00:00:00.000","54","NORTE DE SANTANDER","54001","CUCUTA","0.006","KILOGRAMO"
"2014-10-22T00:00:00.000","66","RISARALDA","66001","PEREIRA","0.001","KILOGRAMO"
"2014-10-20T00:00:00.000","11","BOGOTA D.C.","11001","BOGOTA D.C.","3.342","KILOGRAMO"
"2014-10-20T00:00:00.000","76","VALLE DEL CAUCA","76736","SEVILLA","0.001","KILOGRAMO"
"2014-10-19T00:00:00.000","66","RISARALDA","66088","BELEN DE UMBRIA","0.005","KILOGRAMO"
"2014-10-18T00:00:00.000","76","VALLE DEL CAUCA","76147","CARTAGO","0.002","KILOGRAMO"
"2014-10-18T00:00:00.000","66","RISARALDA","66001","PEREIRA","0.026","KILOGRAMO"
"2014-10-17T00:00:00.000","76","VALLE DEL CAUCA","76147","CARTAGO","0.003","KILOGRAMO"
"2014-10-16T00:00:00.000","25","CUNDINAMARCA","25394","LA PALMA","0.001","KILOGRAMO"
"2014-10-16T00:00:00.000","25","CUNDINAMARCA","25183","CHOCONTA","0.005","KILOGRAMO"
"2014-10-16T00:00:00.000","19","CAUCA","19693","SAN SEBASTIAN","7","KILOGRAMO"
"2014-10-15T00:00:00.000","76","VALLE DEL CAUCA","76147","CARTAGO","0.002","KILOGRAMO"
"2014-10-14T00:00:00.000","76","VALLE DEL CAUCA","76020","ALCALA","0.001","KILOGRAMO"
"2014-10-14T00:00:00.000","66","RISARALDA","66001","PEREIRA","0.005","KILOGRAMO"
"2014-10-12T00:00:00.000","76","VALLE DEL CAUCA","76147","CARTAGO","0.001","KILOGRAMO"
"2014-10-12T00:00:00.000","05","ANTIOQUIA","05440","MARINILLA","0.002","KILOGRAMO"
"2014-10-12T00:00:00.000","76","VALLE DEL CAUCA","76001","CALI","0.001","KILOGRAMO"
"2014-10-10T00:00:00.000","76","VALLE DEL CAUCA","76147","CARTAGO","0.001","KILOGRAMO"
"2014-10-10T00:00:00.000","66","RISARALDA","66001","PEREIRA","0.02","KILOGRAMO"
"2014-10-10T00:00:00.000","66","RISARALDA","66170","DOSQUEBRADAS","0.001","KILOGRAMO"
"2014-10-08T00:00:00.000","19","CAUCA","19698","SANTANDER DE QUILICHAO","0.007","KILOGRAMO"
"2014-10-07T00:00:00.000","54","NORTE DE SANTANDER","54001","CUCUTA","0.004","KILOGRAMO"
"2014-10-06T00:00:00.000","52","NARIÑO","52838","TUQUERRES","0.011","KILOGRAMO"
"2014-10-06T00:00:00.000","52","NARIÑO","52001","PASTO","26","KILOGRAMO"
"2014-10-06T00:00:00.000","05","ANTIOQUIA","05001","MEDELLIN","1.6","KILOGRAMO"
"2014-10-06T00:00:00.000","76","VALLE DEL CAUCA","76147","CARTAGO","0.001","KILOGRAMO"
"2014-10-04T00:00:00.000","05","ANTIOQUIA","05001","MEDELLIN","0.01","KILOGRAMO"
"2014-10-04T00:00:00.000","76","VALLE DEL CAUCA","76001","CALI","0.008","KILOGRAMO"
"2014-10-03T00:00:00.000","11","BOGOTA D.C.","11001","BOGOTA D.C.","0.247","KILOGRAMO"
"2014-10-03T00:00:00.000","76","VALLE DEL CAUCA","76147","CARTAGO","0.002","KILOGRAMO"
"2014-10-02T00:00:00.000","66","RISARALDA","66001","PEREIRA","0.02","KILOGRAMO"
"2014-10-02T00:00:00.000","08","ATLANTICO","08001","BARRANQUILLA","1","KILOGRAMO"
"2014-10-01T00:00:00.000","11","BOGOTA D.C.","11001","BOGOTA D.C.","1.099","KILOGRAMO"
"2014-10-01T00:00:00.000","08","ATLANTICO","08001","BARRANQUILLA","0.006","KILOGRAMO"
"2014-09-30T00:00:00.000","66","RISARALDA","66045","APIA","0.003","KILOGRAMO"
"2014-09-30T00:00:00.000","76","VALLE DEL CAUCA","76147","CARTAGO","0.003","KILOGRAMO"
"2014-09-29T00:00:00.000","11","BOGOTA D.C.","11001","BOGOTA D.C.","12","KILOGRAMO"
"2014-09-28T00:00:00.000","76","VALLE DEL CAUCA","76147","CARTAGO","0.002","KILOGRAMO"
"2014-09-27T00:00:00.000","25","CUNDINAMARCA","25754","SOACHA","0.001","KILOGRAMO"
"2014-09-26T00:00:00.000","11","BOGOTA D.C.","11001","BOGOTA D.C.","1.057","KILOGRAMO"
"2014-09-25T00:00:00.000","05","ANTIOQUIA","05360","ITAGUI","0.001","KILOGRAMO"
"2014-09-25T00:00:00.000","54","NORTE DE SANTANDER","54001","CUCUTA","0.004","KILOGRAMO"
"2014-09-25T00:00:00.000","66","RISARALDA","66001","PEREIRA","0.705","KILOGRAMO"
"2014-09-24T00:00:00.000","05","ANTIOQUIA","05001","MEDELLIN","0.163","KILOGRAMO"
"2014-09-24T00:00:00.000","63","QUINDIO","63190","CIRCASIA","0.006","KILOGRAMO"
"2014-09-24T00:00:00.000","25","CUNDINAMARCA","25120","CABRERA","0.002","KILOGRAMO"
"2014-09-24T00:00:00.000","20","CESAR","20175","CHIMICHAGUA","0.006","KILOGRAMO"
"2014-09-23T00:00:00.000","76","VALLE DEL CAUCA","76001","CALI","0.001","KILOGRAMO"
"2014-09-22T00:00:00.000","25","CUNDINAMARCA","25754","SOACHA","0.002","KILOGRAMO"
"2014-09-22T00:00:00.000","25","CUNDINAMARCA","25875","VILLETA","0.003","KILOGRAMO"
"2014-09-22T00:00:00.000","63","QUINDIO","63190","CIRCASIA","0.001","KILOGRAMO"
"2014-09-21T00:00:00.000","66","RISARALDA","66001","PEREIRA","0.001","KILOGRAMO"
"2014-09-21T00:00:00.000","05","ANTIOQUIA","05001","MEDELLIN","0.097","KILOGRAMO"
"2014-09-20T00:00:00.000","76","VALLE DEL CAUCA","76622","ROLDANILLO","0.002","KILOGRAMO"
"2014-09-19T00:00:00.000","54","NORTE DE SANTANDER","54001","CUCUTA","0.0031","KILOGRAMO"
"2014-09-19T00:00:00.000","76","VALLE DEL CAUCA","76001","CALI","0.003","KILOGRAMO"
"2014-09-19T00:00:00.000","76","VALLE DEL CAUCA","76250","EL DOVIO","0.002","KILOGRAMO"
"2014-09-19T00:00:00.000","66","RISARALDA","66170","DOSQUEBRADAS","0.023","KILOGRAMO"
"2014-09-19T00:00:00.000","05","ANTIOQUIA","05001","MEDELLIN","0.002","KILOGRAMO"
"2014-09-19T00:00:00.000","19","CAUCA","19698","SANTANDER DE QUILICHAO","0.0095","KILOGRAMO"
"2014-09-18T00:00:00.000","76","VALLE DEL CAUCA","76001","CALI","0.006","KILOGRAMO"
"2014-09-18T00:00:00.000","76","VALLE DEL CAUCA","76520","PALMIRA","3.005","KILOGRAMO"
"2014-09-18T00:00:00.000","11","BOGOTA D.C.","11001","BOGOTA D.C.","0.001","KILOGRAMO"
"2014-09-17T00:00:00.000","76","VALLE DEL CAUCA","76622","ROLDANILLO","0.001","KILOGRAMO"
"2014-09-17T00:00:00.000","54","NORTE DE SANTANDER","54001","CUCUTA","0.005","KILOGRAMO"
"2014-09-16T00:00:00.000","76","VALLE DEL CAUCA","76001","CALI","0.009","KILOGRAMO"
"2014-09-15T00:00:00.000","05","ANTIOQUIA","05001","MEDELLIN","0.009","KILOGRAMO"
"2014-09-14T00:00:00.000","66","RISARALDA","66001","PEREIRA","0.004","KILOGRAMO"
"2014-09-13T00:00:00.000","08","ATLANTICO","08001","BARRANQUILLA","0.008","KILOGRAMO"
"2014-09-13T00:00:00.000","76","VALLE DEL CAUCA","76250","EL DOVIO","0.002","KILOGRAMO"
"2014-09-12T00:00:00.000","76","VALLE DEL CAUCA","76147","CARTAGO","0.005","KILOGRAMO"
"2014-09-12T00:00:00.000","66","RISARALDA","66170","DOSQUEBRADAS","0.002","KILOGRAMO"
"2014-09-12T00:00:00.000","52","NARIÑO","52001","PASTO","2.35","KILOGRAMO"
"2014-09-11T00:00:00.000","76","VALLE DEL CAUCA","76001","CALI","0.003","KILOGRAMO"
"2014-09-11T00:00:00.000","08","ATLANTICO","08001","BARRANQUILLA","0.003","KILOGRAMO"
"2014-09-11T00:00:00.000","11","BOGOTA D.C.","11001","BOGOTA D.C.","1.483","KILOGRAMO"
"2014-09-11T00:00:00.000","68","SANTANDER","68190","CIMITARRA","2.1","KILOGRAMO"
"2014-09-11T00:00:00.000","63","QUINDIO","63001","ARMENIA","0.002","KILOGRAMO"
"2014-09-10T00:00:00.000","54","NORTE DE SANTANDER","54001","CUCUTA","0.05","KILOGRAMO"
"2014-09-10T00:00:00.000","76","VALLE DEL CAUCA","76001","CALI","0.006","KILOGRAMO"
"2014-09-09T00:00:00.000","76","VALLE DEL CAUCA","76001","CALI","0.006","KILOGRAMO"
"2014-09-08T00:00:00.000","08","ATLANTICO","08001","BARRANQUILLA","0.03","KILOGRAMO"
"2014-09-07T00:00:00.000","08","ATLANTICO","08001","BARRANQUILLA","0.003","KILOGRAMO"
"2014-09-06T00:00:00.000","52","NARIÑO","52435","MALLAMA","0.016","KILOGRAMO"
"2014-09-05T00:00:00.000","76","VALLE DEL CAUCA","76001","CALI","0.003","KILOGRAMO"
"2014-09-04T00:00:00.000","76","VALLE DEL CAUCA","76001","CALI","0.013","KILOGRAMO"
"2014-09-04T00:00:00.000","76","VALLE DEL CAUCA","76147","CARTAGO","0.001","KILOGRAMO"
"2014-09-03T00:00:00.000","08","ATLANTICO","08001","BARRANQUILLA","2.504","KILOGRAMO"
"2014-09-03T00:00:00.000","66","RISARALDA","66001","PEREIRA","0.835","KILOGRAMO"
"2014-09-02T00:00:00.000","08","ATLANTICO","08685","SANTO TOMAS","0.003","KILOGRAMO"
"2014-09-01T00:00:00.000","76","VALLE DEL CAUCA","76001","CALI","0.001","KILOGRAMO"
"2014-09-01T00:00:00.000","05","ANTIOQUIA","05266","ENVIGADO","0.001","KILOGRAMO"
"2014-08-31T00:00:00.000","54","NORTE DE SANTANDER","54001","CUCUTA","0.0048","KILOGRAMO"
"2014-08-31T00:00:00.000","76","VALLE DEL CAUCA","76001","CALI","0.005","KILOGRAMO"
"2014-08-30T00:00:00.000","19","CAUCA","19698","SANTANDER DE QUILICHAO","0.0123","KILOGRAMO"
"2014-08-29T00:00:00.000","19","CAUCA","19455","MIRANDA","0.002","KILOGRAMO"
"2014-08-29T00:00:00.000","11","BOGOTA D.C.","11001","BOGOTA D.C.","1.4","KILOGRAMO"
"2014-08-28T00:00:00.000","63","QUINDIO","63001","ARMENIA","0.035","KILOGRAMO"
"2014-08-28T00:00:00.000","08","ATLANTICO","08001","BARRANQUILLA","0.003","KILOGRAMO"
"2014-08-28T00:00:00.000","05","ANTIOQUIA","05376","LA CEJA","0.002","KILOGRAMO"
"2014-08-28T00:00:00.000","76","VALLE DEL CAUCA","76001","CALI","0.005","KILOGRAMO"
"2014-08-28T00:00:00.000","25","CUNDINAMARCA","25183","CHOCONTA","0.002","KILOGRAMO"
"2014-08-27T00:00:00.000","54","NORTE DE SANTANDER","54001","CUCUTA","0.002","KILOGRAMO"
"2014-08-27T00:00:00.000","76","VALLE DEL CAUCA","76100","BOLIVAR","0.001","KILOGRAMO"
"2014-08-26T00:00:00.000","05","ANTIOQUIA","05631","SABANETA","0.002","KILOGRAMO"
"2014-08-26T00:00:00.000","66","RISARALDA","66001","PEREIRA","1.18","KILOGRAMO"
"2014-08-26T00:00:00.000","11","BOGOTA D.C.","11001","BOGOTA D.C.","1.39","KILOGRAMO"
"2014-08-26T00:00:00.000","19","CAUCA","19455","MIRANDA","0.001","KILOGRAMO"
"2014-08-26T00:00:00.000","76","VALLE DEL CAUCA","76001","CALI","0.003","KILOGRAMO"
"2014-08-25T00:00:00.000","05","ANTIOQUIA","05001","MEDELLIN","0.001","KILOGRAMO"
"2014-08-25T00:00:00.000","08","ATLANTICO","08001","BARRANQUILLA","0.016","KILOGRAMO"
"2014-08-24T00:00:00.000","08","ATLANTICO","08001","BARRANQUILLA","0.016","KILOGRAMO"
"2014-08-23T00:00:00.000","08","ATLANTICO","08001","BARRANQUILLA","0.003","KILOGRAMO"
"2014-08-22T00:00:00.000","63","QUINDIO","63001","ARMENIA","0.3","KILOGRAMO"
"2014-08-22T00:00:00.000","76","VALLE DEL CAUCA","76001","CALI","0.002","KILOGRAMO"
"2014-08-22T00:00:00.000","66","RISARALDA","66001","PEREIRA","0.028","KILOGRAMO"
"2014-08-22T00:00:00.000","66","RISARALDA","66170","DOSQUEBRADAS","0.007","KILOGRAMO"
"2014-08-21T00:00:00.000","76","VALLE DEL CAUCA","76001","CALI","0.003","KILOGRAMO"
"2014-08-21T00:00:00.000","05","ANTIOQUIA","05148","EL CARMEN DE VIBORAL","0.001","KILOGRAMO"
"2014-08-20T00:00:00.000","08","ATLANTICO","08001","BARRANQUILLA","0.02","KILOGRAMO"
"2014-08-20T00:00:00.000","05","ANTIOQUIA","05001","MEDELLIN","0.075","KILOGRAMO"
"2014-08-20T00:00:00.000","66","RISARALDA","66001","PEREIRA","6.815","KILOGRAMO"
"2014-08-20T00:00:00.000","66","RISARALDA","66170","DOSQUEBRADAS","0.002","KILOGRAMO"
"2014-08-20T00:00:00.000","11","BOGOTA D.C.","11001","BOGOTA D.C.","0.096","KILOGRAMO"
"2014-08-20T00:00:00.000","76","VALLE DEL CAUCA","76001","CALI","0.003","KILOGRAMO"
"2014-08-19T00:00:00.000","08","ATLANTICO","08001","BARRANQUILLA","0.02","KILOGRAMO"
"2014-08-19T00:00:00.000","76","VALLE DEL CAUCA","76520","PALMIRA","15.5","KILOGRAMO"
"2014-08-18T00:00:00.000","11","BOGOTA D.C.","11001","BOGOTA D.C.","0.409","KILOGRAMO"
"2014-08-18T00:00:00.000","66","RISARALDA","66001","PEREIRA","0.002","KILOGRAMO"
"2014-08-18T00:00:00.000","05","ANTIOQUIA","05001","MEDELLIN","0.002","KILOGRAMO"
"2014-08-18T00:00:00.000","54","NORTE DE SANTANDER","54001","CUCUTA","0.015","KILOGRAMO"
"2014-08-16T00:00:00.000","19","CAUCA","19845","VILLA RICA","0.002","KILOGRAMO"
"2014-08-16T00:00:00.000","76","VALLE DEL CAUCA","76147","CARTAGO","0.00060","KILOGRAMO"
"2014-08-16T00:00:00.000","76","VALLE DEL CAUCA","76001","CALI","0.003","KILOGRAMO"
"2014-08-15T00:00:00.000","76","VALLE DEL CAUCA","76250","EL DOVIO","0.015","KILOGRAMO"
"2014-08-15T00:00:00.000","76","VALLE DEL CAUCA","76001","CALI","0.002","KILOGRAMO"
"2014-08-15T00:00:00.000","66","RISARALDA","66001","PEREIRA","0.001","KILOGRAMO"
"2014-08-15T00:00:00.000","19","CAUCA","19698","SANTANDER DE QUILICHAO","2.548","KILOGRAMO"
"2014-08-15T00:00:00.000","05","ANTIOQUIA","05001","MEDELLIN","0.002","KILOGRAMO"
"2014-08-14T00:00:00.000","76","VALLE DEL CAUCA","76001","CALI","0.003","KILOGRAMO"
"2014-08-14T00:00:00.000","76","VALLE DEL CAUCA","76622","ROLDANILLO","0.004","KILOGRAMO"
"2014-08-14T00:00:00.000","08","ATLANTICO","08001","BARRANQUILLA","0.05","KILOGRAMO"
"2014-08-13T00:00:00.000","76","VALLE DEL CAUCA","76622","ROLDANILLO","0.008","KILOGRAMO"
"2014-08-13T00:00:00.000","05","ANTIOQUIA","05615","RIONEGRO","0.24","KILOGRAMO"
"2014-08-13T00:00:00.000","76","VALLE DEL CAUCA","76100","BOLIVAR","0.002","KILOGRAMO"
"2014-08-13T00:00:00.000","19","CAUCA","19698","SANTANDER DE QUILICHAO","0.002","KILOGRAMO"
"2014-08-13T00:00:00.000","66","RISARALDA","66088","BELEN DE UMBRIA","0.001","KILOGRAMO"
"2014-08-13T00:00:00.000","05","ANTIOQUIA","05001","MEDELLIN","0.001","KILOGRAMO"
"2014-08-11T00:00:00.000","54","NORTE DE SANTANDER","54001","CUCUTA","0.005","KILOGRAMO"
"2014-08-11T00:00:00.000","76","VALLE DEL CAUCA","76001","CALI","0.003","KILOGRAMO"
"2014-08-09T00:00:00.000","08","ATLANTICO","08001","BARRANQUILLA","0.022","KILOGRAMO"
"2014-08-09T00:00:00.000","76","VALLE DEL CAUCA","76001","CALI","0.006","KILOGRAMO"
"2014-08-09T00:00:00.000","19","CAUCA","19573","PUERTO TEJADA","0.006","KILOGRAMO"
"2014-08-09T00:00:00.000","63","QUINDIO","63001","ARMENIA","0.002","KILOGRAMO"
"2014-08-08T00:00:00.000","76","VALLE DEL CAUCA","76001","CALI","0.003","KILOGRAMO"
"2014-08-08T00:00:00.000","05","ANTIOQUIA","05001","MEDELLIN","0.02","KILOGRAMO"
"2014-08-07T00:00:00.000","05","ANTIOQUIA","05893","YONDO","0.002","KILOGRAMO"
"2014-08-07T00:00:00.000","76","VALLE DEL CAUCA","76109","BUENAVENTURA","0.001","KILOGRAMO"
"2014-08-07T00:00:00.000","76","VALLE DEL CAUCA","76001","CALI","0.002","KILOGRAMO"
"2014-08-06T00:00:00.000","76","VALLE DEL CAUCA","76520","PALMIRA","0.007","KILOGRAMO"
"2014-08-06T00:00:00.000","66","RISARALDA","66001","PEREIRA","0.013","KILOGRAMO"
"2014-08-06T00:00:00.000","54","NORTE DE SANTANDER","54001","CUCUTA","0.0055","KILOGRAMO"
"2014-08-05T00:00:00.000","52","NARIÑO","52585","PUPIALES","0.563","KILOGRAMO"
"2014-08-05T00:00:00.000","66","RISARALDA","66001","PEREIRA","0.002","KILOGRAMO"
"2014-08-04T00:00:00.000","19","CAUCA","19698","SANTANDER DE QUILICHAO","0.006","KILOGRAMO"
"2014-08-02T00:00:00.000","76","VALLE DEL CAUCA","76001","CALI","0.004","KILOGRAMO"
"2014-08-02T00:00:00.000","76","VALLE DEL CAUCA","76147","CARTAGO","0.001","KILOGRAMO"
"2014-08-01T00:00:00.000","52","NARIÑO","52110","BUESACO","10","KILOGRAMO"
"2014-08-01T00:00:00.000","76","VALLE DEL CAUCA","76001","CALI","0.005","KILOGRAMO"
"2014-08-01T00:00:00.000","76","VALLE DEL CAUCA","76147","CARTAGO","0.002","KILOGRAMO"
"2014-08-01T00:00:00.000","66","RISARALDA","66170","DOSQUEBRADAS","0.014","KILOGRAMO"
"2014-07-31T00:00:00.000","08","ATLANTICO","08001","BARRANQUILLA","0.007","KILOGRAMO"
"2014-07-31T00:00:00.000","76","VALLE DEL CAUCA","76001","CALI","0.004","KILOGRAMO"
"2014-07-30T00:00:00.000","13","BOLIVAR","13052","ARJONA","1.925","KILOGRAMO"
"2014-07-30T00:00:00.000","76","VALLE DEL CAUCA","76001","CALI","0.001","KILOGRAMO"
"2014-07-30T00:00:00.000","52","NARIÑO","52110","BUESACO","18","KILOGRAMO"
"2014-07-30T00:00:00.000","76","VALLE DEL CAUCA","76147","CARTAGO","0.001","KILOGRAMO"
"2014-07-29T00:00:00.000","17","CALDAS","17001","MANIZALES","0.857","KILOGRAMO"
"2014-07-28T00:00:00.000","54","NORTE DE SANTANDER","54001","CUCUTA","0.0035","KILOGRAMO"
"2014-07-28T00:00:00.000","66","RISARALDA","66170","DOSQUEBRADAS","0.002","KILOGRAMO"
"2014-07-28T00:00:00.000","76","VALLE DEL CAUCA","76147","CARTAGO","0.00020","KILOGRAMO"
"2014-07-27T00:00:00.000","54","NORTE DE SANTANDER","54001","CUCUTA","0.012","KILOGRAMO"
"2014-07-26T00:00:00.000","19","CAUCA","19573","PUERTO TEJADA","0.003","KILOGRAMO"
"2014-07-26T00:00:00.000","66","RISARALDA","66170","DOSQUEBRADAS","0.001","KILOGRAMO"
"2014-07-26T00:00:00.000","76","VALLE DEL CAUCA","76497","OBANDO","0.002","KILOGRAMO"
"2014-07-25T00:00:00.000","19","CAUCA","19212","CORINTO","0.003","KILOGRAMO"
"2014-07-25T00:00:00.000","66","RISARALDA","66170","DOSQUEBRADAS","0.003","KILOGRAMO"
"2014-07-25T00:00:00.000","76","VALLE DEL CAUCA","76001","CALI","0.006","KILOGRAMO"
"2014-07-25T00:00:00.000","76","VALLE DEL CAUCA","76147","CARTAGO","0.005","KILOGRAMO"
"2014-07-24T00:00:00.000","66","RISARALDA","66170","DOSQUEBRADAS","0.045","KILOGRAMO"
"2014-07-24T00:00:00.000","05","ANTIOQUIA","05079","BARBOSA","0.025","KILOGRAMO"
"2014-07-24T00:00:00.000","08","ATLANTICO","08421","LURUACO","0.001","KILOGRAMO"
"2014-07-24T00:00:00.000","66","RISARALDA","66001","PEREIRA","0.022","KILOGRAMO"
"2014-07-24T00:00:00.000","05","ANTIOQUIA","05615","RIONEGRO","5.802","KILOGRAMO"
"2014-07-23T00:00:00.000","76","VALLE DEL CAUCA","76001","CALI","0.004","KILOGRAMO"
"2014-07-23T00:00:00.000","08","ATLANTICO","08001","BARRANQUILLA","3.25","KILOGRAMO"
"2014-07-22T00:00:00.000","63","QUINDIO","63001","ARMENIA","0.041","KILOGRAMO"
"2014-07-21T00:00:00.000","76","VALLE DEL CAUCA","76001","CALI","0.003","KILOGRAMO"
"2014-07-20T00:00:00.000","05","ANTIOQUIA","05138","CAÑASGORDAS","0.35","KILOGRAMO"
"2014-07-19T00:00:00.000","76","VALLE DEL CAUCA","76001","CALI","0.002","KILOGRAMO"
"2014-07-19T00:00:00.000","76","VALLE DEL CAUCA","76111","GUADALAJARA DE BUGA","0.001","KILOGRAMO"
"2014-07-18T00:00:00.000","05","ANTIOQUIA","05079","BARBOSA","0.007","KILOGRAMO"
"2014-07-18T00:00:00.000","66","RISARALDA","66170","DOSQUEBRADAS","0.051","KILOGRAMO"
"2014-07-18T00:00:00.000","08","ATLANTICO","08001","BARRANQUILLA","1.03","KILOGRAMO"
"2014-07-18T00:00:00.000","76","VALLE DEL CAUCA","76147","CARTAGO","0.002","KILOGRAMO"
"2014-07-17T00:00:00.000","63","QUINDIO","63001","ARMENIA","0.049","KILOGRAMO"
"2014-07-17T00:00:00.000","05","ANTIOQUIA","05001","MEDELLIN","3.5","KILOGRAMO"
"2014-07-17T00:00:00.000","76","VALLE DEL CAUCA","76001","CALI","0.003","KILOGRAMO"
"2014-07-17T00:00:00.000","52","NARIÑO","52110","BUESACO","20","KILOGRAMO"
"2014-07-16T00:00:00.000","76","VALLE DEL CAUCA","76020","ALCALA","0.005","KILOGRAMO"
"2014-07-16T00:00:00.000","76","VALLE DEL CAUCA","76001","CALI","0.011","KILOGRAMO"
"2014-07-15T00:00:00.000","81","ARAUCA","81001","ARAUCA","0.001","KILOGRAMO"
"2014-07-15T00:00:00.000","05","ANTIOQUIA","05001","MEDELLIN","0.035","KILOGRAMO"
"2014-07-15T00:00:00.000","63","QUINDIO","63001","ARMENIA","1.215","KILOGRAMO"
"2014-07-15T00:00:00.000","76","VALLE DEL CAUCA","76111","GUADALAJARA DE BUGA","0.001","KILOGRAMO"
"2014-07-14T00:00:00.000","08","ATLANTICO","08001","BARRANQUILLA","0.003","KILOGRAMO"
"2014-07-13T00:00:00.000","05","ANTIOQUIA","05490","NECOCLI","0.05","KILOGRAMO"
"2014-07-13T00:00:00.000","63","QUINDIO","63001","ARMENIA","0.175","KILOGRAMO"
"2014-07-11T00:00:00.000","63","QUINDIO","63401","LA TEBAIDA","0.01","KILOGRAMO"
"2014-07-11T00:00:00.000","63","QUINDIO","63001","ARMENIA","0.006","KILOGRAMO"
"2014-07-11T00:00:00.000","76","VALLE DEL CAUCA","76147","CARTAGO","0.009","KILOGRAMO"
"2014-07-10T00:00:00.000","66","RISARALDA","66001","PEREIRA","0.015","KILOGRAMO"
"2014-07-10T00:00:00.000","76","VALLE DEL CAUCA","76147","CARTAGO","0.003","KILOGRAMO"
"2014-07-10T00:00:00.000","76","VALLE DEL CAUCA","76001","CALI","0.002","KILOGRAMO"
"2014-07-10T00:00:00.000","76","VALLE DEL CAUCA","76497","OBANDO","0.001","KILOGRAMO"
"2014-07-10T00:00:00.000","52","NARIÑO","52001","PASTO","1.54","KILOGRAMO"
"2014-07-10T00:00:00.000","66","RISARALDA","66170","DOSQUEBRADAS","0.01","KILOGRAMO"
"2014-07-09T00:00:00.000","66","RISARALDA","66001","PEREIRA","0.005","KILOGRAMO"
"2014-07-09T00:00:00.000","63","QUINDIO","63001","ARMENIA","0.105","KILOGRAMO"
"2014-07-08T00:00:00.000","76","VALLE DEL CAUCA","76147","CARTAGO","0.009","KILOGRAMO"
"2014-07-08T00:00:00.000","76","VALLE DEL CAUCA","76001","CALI","0.002","KILOGRAMO"
"2014-07-07T00:00:00.000","13","BOLIVAR","13001","CARTAGENA DE INDIAS","3.05","KILOGRAMO"
"2014-07-07T00:00:00.000","63","QUINDIO","63001","ARMENIA","0.001","KILOGRAMO"
"2014-07-07T00:00:00.000","76","VALLE DEL CAUCA","76001","CALI","0.016","KILOGRAMO"
"2014-07-06T00:00:00.000","76","VALLE DEL CAUCA","76497","OBANDO","0.003","KILOGRAMO"
"2014-07-05T00:00:00.000","76","VALLE DEL CAUCA","76001","CALI","0.004","KILOGRAMO"
"2014-07-05T00:00:00.000","76","VALLE DEL CAUCA","76147","CARTAGO","0.003","KILOGRAMO"
"2014-07-04T00:00:00.000","11","BOGOTA D.C.","11001","BOGOTA D.C.","2.73","KILOGRAMO"
"2014-07-04T00:00:00.000","66","RISARALDA","66001","PEREIRA","0.037","KILOGRAMO"
"2014-07-03T00:00:00.000","52","NARIÑO","52540","POLICARPA","0.004","KILOGRAMO"
"2014-07-03T00:00:00.000","66","RISARALDA","66170","DOSQUEBRADAS","0.007","KILOGRAMO"
"2014-07-03T00:00:00.000","63","QUINDIO","63001","ARMENIA","0.001","KILOGRAMO"
"2014-07-03T00:00:00.000","76","VALLE DEL CAUCA","76147","CARTAGO","0.002","KILOGRAMO"
"2014-07-03T00:00:00.000","76","VALLE DEL CAUCA","76001","CALI","0.02","KILOGRAMO"
"2014-07-02T00:00:00.000","66","RISARALDA","66170","DOSQUEBRADAS","0.075","KILOGRAMO"
"2014-07-01T00:00:00.000","76","VALLE DEL CAUCA","76497","OBANDO","0.003","KILOGRAMO"
"2014-07-01T00:00:00.000","76","VALLE DEL CAUCA","76147","CARTAGO","0.002","KILOGRAMO"
"2014-06-30T00:00:00.000","68","SANTANDER","68001","BUCARAMANGA","0.002","KILOGRAMO"
"2014-06-30T00:00:00.000","76","VALLE DEL CAUCA","76001","CALI","0.002","KILOGRAMO"
"2014-06-30T00:00:00.000","66","RISARALDA","66001","PEREIRA","0.002","KILOGRAMO"
"2014-06-29T00:00:00.000","76","VALLE DEL CAUCA","76147","CARTAGO","0.005","KILOGRAMO"
"2014-06-29T00:00:00.000","19","CAUCA","19698","SANTANDER DE QUILICHAO","0.0039","KILOGRAMO"
"2014-06-29T00:00:00.000","76","VALLE DEL CAUCA","76001","CALI","0.002","KILOGRAMO"
"2014-06-28T00:00:00.000","76","VALLE DEL CAUCA","76001","CALI","0.003","KILOGRAMO"
"2014-06-28T00:00:00.000","66","RISARALDA","66001","PEREIRA","0.014","KILOGRAMO"
"2014-06-28T00:00:00.000","54","NORTE DE SANTANDER","54001","CUCUTA","0.001","KILOGRAMO"
"2014-06-27T00:00:00.000","76","VALLE DEL CAUCA","76147","CARTAGO","0.005","KILOGRAMO"
"2014-06-27T00:00:00.000","76","VALLE DEL CAUCA","76497","OBANDO","0.002","KILOGRAMO"
"2014-06-27T00:00:00.000","25","CUNDINAMARCA","25290","FUSAGASUGA","0.003","KILOGRAMO"
"2014-06-27T00:00:00.000","08","ATLANTICO","08758","SOLEDAD","0.31","KILOGRAMO"
"2014-06-27T00:00:00.000","76","VALLE DEL CAUCA","76001","CALI","0.002","KILOGRAMO"
"2014-06-26T00:00:00.000","25","CUNDINAMARCA","25438","MEDINA","0.002","KILOGRAMO"
"2014-06-24T00:00:00.000","08","ATLANTICO","08001","BARRANQUILLA","0.17","KILOGRAMO"
"2014-06-24T00:00:00.000","76","VALLE DEL CAUCA","76001","CALI","0.011","KILOGRAMO"
"2014-06-24T00:00:00.000","11","BOGOTA D.C.","11001","BOGOTA D.C.","2.64","KILOGRAMO"
"2014-06-23T00:00:00.000","76","VALLE DEL CAUCA","76147","CARTAGO","0.003","KILOGRAMO"
"2014-06-23T00:00:00.000","54","NORTE DE SANTANDER","54001","CUCUTA","2.042","KILOGRAMO"
"2014-06-23T00:00:00.000","76","VALLE DEL CAUCA","76001","CALI","0.007","KILOGRAMO"
"2014-06-23T00:00:00.000","66","RISARALDA","66170","DOSQUEBRADAS","0.005","KILOGRAMO"
"2014-06-22T00:00:00.000","05","ANTIOQUIA","05001","MEDELLIN","0.019","KILOGRAMO"
"2014-06-22T00:00:00.000","76","VALLE DEL CAUCA","76147","CARTAGO","0.005","KILOGRAMO"
"2014-06-20T00:00:00.000","66","RISARALDA","66170","DOSQUEBRADAS","0.008","KILOGRAMO"
"2014-06-20T00:00:00.000","63","QUINDIO","63001","ARMENIA","0.001","KILOGRAMO"
"2014-06-20T00:00:00.000","08","ATLANTICO","08001","BARRANQUILLA","0.011","KILOGRAMO"
"2014-06-20T00:00:00.000","76","VALLE DEL CAUCA","76001","CALI","0.002","KILOGRAMO"
"2014-06-19T00:00:00.000","66","RISARALDA","66001","PEREIRA","0.004","KILOGRAMO"
"2014-06-18T00:00:00.000","63","QUINDIO","63401","LA TEBAIDA","0.094","KILOGRAMO"
"2014-06-18T00:00:00.000","63","QUINDIO","63001","ARMENIA","0.011","KILOGRAMO"
"2014-06-18T00:00:00.000","11","BOGOTA D.C.","11001","BOGOTA D.C.","0.03","KILOGRAMO"
"2014-06-18T00:00:00.000","76","VALLE DEL CAUCA","76001","CALI","0.005","KILOGRAMO"
"2014-06-17T00:00:00.000","76","VALLE DEL CAUCA","76001","CALI","0.006","KILOGRAMO"
"2014-06-16T00:00:00.000","76","VALLE DEL CAUCA","76001","CALI","0.003","KILOGRAMO"
"2014-06-16T00:00:00.000","66","RISARALDA","66001","PEREIRA","0.012","KILOGRAMO"
"2014-06-16T00:00:00.000","08","ATLANTICO","08001","BARRANQUILLA","0.006","KILOGRAMO"
"2014-06-15T00:00:00.000","76","VALLE DEL CAUCA","76001","CALI","0.003","KILOGRAMO"
"2014-06-15T00:00:00.000","66","RISARALDA","66001","PEREIRA","0.002","KILOGRAMO"
"2014-06-14T00:00:00.000","76","VALLE DEL CAUCA","76497","OBANDO","0.002","KILOGRAMO"
"2014-06-14T00:00:00.000","66","RISARALDA","66170","DOSQUEBRADAS","0.006","KILOGRAMO"
"2014-06-14T00:00:00.000","76","VALLE DEL CAUCA","76147","CARTAGO","0.005","KILOGRAMO"
"2014-06-14T00:00:00.000","76","VALLE DEL CAUCA","76001","CALI","0.002","KILOGRAMO"
"2014-06-14T00:00:00.000","66","RISARALDA","66001","PEREIRA","0.006","KILOGRAMO"
"2014-06-13T00:00:00.000","66","RISARALDA","66170","DOSQUEBRADAS","0.01","KILOGRAMO"
"2014-06-13T00:00:00.000","76","VALLE DEL CAUCA","76001","CALI","0.004","KILOGRAMO"
"2014-06-13T00:00:00.000","76","VALLE DEL CAUCA","76497","OBANDO","0.002","KILOGRAMO"
"2014-06-12T00:00:00.000","66","RISARALDA","66170","DOSQUEBRADAS","0.015","KILOGRAMO"
"2014-06-12T00:00:00.000","05","ANTIOQUIA","05001","MEDELLIN","1.586","KILOGRAMO"
"2014-06-12T00:00:00.000","66","RISARALDA","66001","PEREIRA","1.161","KILOGRAMO"
"2014-06-12T00:00:00.000","76","VALLE DEL CAUCA","76497","OBANDO","0.003","KILOGRAMO"
"2014-06-11T00:00:00.000","08","ATLANTICO","08001","BARRANQUILLA","0.006","KILOGRAMO"
"2014-06-11T00:00:00.000","76","VALLE DEL CAUCA","76001","CALI","0.005","KILOGRAMO"
"2014-06-11T00:00:00.000","20","CESAR","20001","VALLEDUPAR","0.007","KILOGRAMO"
"2014-06-11T00:00:00.000","63","QUINDIO","63001","ARMENIA","0.198","KILOGRAMO"
"2014-06-11T00:00:00.000","66","RISARALDA","66170","DOSQUEBRADAS","0.043","KILOGRAMO"
"2014-06-10T00:00:00.000","54","NORTE DE SANTANDER","54405","LOS PATIOS","0.001","KILOGRAMO"
"2014-06-10T00:00:00.000","63","QUINDIO","63001","ARMENIA","1.936","KILOGRAMO"
"2014-06-10T00:00:00.000","76","VALLE DEL CAUCA","76001","CALI","0.004","KILOGRAMO"
"2014-06-09T00:00:00.000","54","NORTE DE SANTANDER","54001","CUCUTA","0.0011","KILOGRAMO"
"2014-06-09T00:00:00.000","76","VALLE DEL CAUCA","76001","CALI","0.004","KILOGRAMO"
"2014-06-09T00:00:00.000","66","RISARALDA","66001","PEREIRA","0.002","KILOGRAMO"
"2014-06-09T00:00:00.000","63","QUINDIO","63001","ARMENIA","0.002","KILOGRAMO"
"2014-06-08T00:00:00.000","76","VALLE DEL CAUCA","76497","OBANDO","0.003","KILOGRAMO"
"2014-06-08T00:00:00.000","76","VALLE DEL CAUCA","76001","CALI","0.002","KILOGRAMO"
"2014-06-07T00:00:00.000","76","VALLE DEL CAUCA","76001","CALI","0.004","KILOGRAMO"
"2014-06-07T00:00:00.000","08","ATLANTICO","08001","BARRANQUILLA","0.005","KILOGRAMO"
"2014-06-06T00:00:00.000","08","ATLANTICO","08520","PALMAR DE VARELA","0.001","KILOGRAMO"
"2014-06-06T00:00:00.000","76","VALLE DEL CAUCA","76497","OBANDO","0.003","KILOGRAMO"
"2014-06-06T00:00:00.000","63","QUINDIO","63001","ARMENIA","0.001","KILOGRAMO"
"2014-06-05T00:00:00.000","66","RISARALDA","66001","PEREIRA","0.016","KILOGRAMO"
"2014-06-05T00:00:00.000","54","NORTE DE SANTANDER","54001","CUCUTA","2","KILOGRAMO"
"2014-06-05T00:00:00.000","76","VALLE DEL CAUCA","76001","CALI","0.005","KILOGRAMO"
"2014-06-04T00:00:00.000","05","ANTIOQUIA","05615","RIONEGRO","6","KILOGRAMO"
"2014-06-04T00:00:00.000","76","VALLE DEL CAUCA","76001","CALI","0.003","KILOGRAMO"
"2014-06-04T00:00:00.000","08","ATLANTICO","08001","BARRANQUILLA","0.032","KILOGRAMO"
"2014-06-03T00:00:00.000","76","VALLE DEL CAUCA","76147","CARTAGO","0.022","KILOGRAMO"
"2014-06-03T00:00:00.000","76","VALLE DEL CAUCA","76001","CALI","0.007","KILOGRAMO"
"2014-06-03T00:00:00.000","66","RISARALDA","66001","PEREIRA","2","KILOGRAMO"
"2014-06-01T00:00:00.000","05","ANTIOQUIA","05212","COPACABANA","0.025","KILOGRAMO"
"2014-06-01T00:00:00.000","76","VALLE DEL CAUCA","76001","CALI","0.004","KILOGRAMO"
"2014-05-31T00:00:00.000","66","RISARALDA","66170","DOSQUEBRADAS","0.005","KILOGRAMO"
"2014-05-31T00:00:00.000","08","ATLANTICO","08001","BARRANQUILLA","0.005","KILOGRAMO"
"2014-05-31T00:00:00.000","63","QUINDIO","63001","ARMENIA","1.008","KILOGRAMO"
"2014-05-30T00:00:00.000","76","VALLE DEL CAUCA","76001","CALI","0.006","KILOGRAMO"
"2014-05-30T00:00:00.000","76","VALLE DEL CAUCA","76736","SEVILLA","0.005","KILOGRAMO"
"2014-05-30T00:00:00.000","05","ANTIOQUIA","05380","LA ESTRELLA","0.003","KILOGRAMO"
"2014-05-30T00:00:00.000","76","VALLE DEL CAUCA","76497","OBANDO","0.003","KILOGRAMO"
"2014-05-30T00:00:00.000","08","ATLANTICO","08758","SOLEDAD","0.08","KILOGRAMO"
"2014-05-30T00:00:00.000","76","VALLE DEL CAUCA","76147","CARTAGO","0.002","KILOGRAMO"
"2014-05-29T00:00:00.000","66","RISARALDA","66170","DOSQUEBRADAS","0.006","KILOGRAMO"
"2014-05-29T00:00:00.000","76","VALLE DEL CAUCA","76834","TULUA","2.4","KILOGRAMO"
"2014-05-28T00:00:00.000","54","NORTE DE SANTANDER","54001","CUCUTA","0.004","KILOGRAMO"
"2014-05-28T00:00:00.000","76","VALLE DEL CAUCA","76001","CALI","0.021","KILOGRAMO"
"2014-05-28T00:00:00.000","63","QUINDIO","63001","ARMENIA","0.15","KILOGRAMO"
"2014-05-28T00:00:00.000","66","RISARALDA","66001","PEREIRA","0.052","KILOGRAMO"
"2014-05-27T00:00:00.000","66","RISARALDA","66170","DOSQUEBRADAS","0.08","KILOGRAMO"
"2014-05-26T00:00:00.000","76","VALLE DEL CAUCA","76001","CALI","0.002","KILOGRAMO"
"2014-05-25T00:00:00.000","76","VALLE DEL CAUCA","76001","CALI","0.009","KILOGRAMO"
"2014-05-25T00:00:00.000","63","QUINDIO","63001","ARMENIA","0.002","KILOGRAMO"
"2014-05-25T00:00:00.000","54","NORTE DE SANTANDER","54001","CUCUTA","0.003","KILOGRAMO"
"2014-05-24T00:00:00.000","05","ANTIOQUIA","05001","MEDELLIN","0.02","KILOGRAMO"
"2014-05-23T00:00:00.000","76","VALLE DEL CAUCA","76001","CALI","0.001","KILOGRAMO"
"2014-05-23T00:00:00.000","76","VALLE DEL CAUCA","76736","SEVILLA","0.002","KILOGRAMO"
"2014-05-23T00:00:00.000","76","VALLE DEL CAUCA","76147","CARTAGO","0.02","KILOGRAMO"
"2014-05-22T00:00:00.000","66","RISARALDA","66170","DOSQUEBRADAS","0.003","KILOGRAMO"
"2014-05-21T00:00:00.000","08","ATLANTICO","08001","BARRANQUILLA","0.17","KILOGRAMO"
"2014-05-21T00:00:00.000","76","VALLE DEL CAUCA","76001","CALI","0.004","KILOGRAMO"
"2014-05-21T00:00:00.000","66","RISARALDA","66001","PEREIRA","0.08","KILOGRAMO"
"2014-05-20T00:00:00.000","15","BOYACA","15001","TUNJA","0.004","KILOGRAMO"
"2014-05-20T00:00:00.000","66","RISARALDA","66001","PEREIRA","0.002","KILOGRAMO"
"2014-05-20T00:00:00.000","76","VALLE DEL CAUCA","76001","CALI","0.001","KILOGRAMO"
"2014-05-20T00:00:00.000","54","NORTE DE SANTANDER","54001","CUCUTA","0.008","KILOGRAMO"
"2014-05-20T00:00:00.000","05","ANTIOQUIA","05615","RIONEGRO","0.002","KILOGRAMO"
"2014-05-19T00:00:00.000","76","VALLE DEL CAUCA","76001","CALI","0.02","KILOGRAMO"
"2014-05-19T00:00:00.000","66","RISARALDA","66170","DOSQUEBRADAS","0.04","KILOGRAMO"
"2014-05-18T00:00:00.000","66","RISARALDA","66001","PEREIRA","0.004","KILOGRAMO"
"2014-05-18T00:00:00.000","76","VALLE DEL CAUCA","76001","CALI","0.006","KILOGRAMO"
"2014-05-18T00:00:00.000","63","QUINDIO","63001","ARMENIA","0.002","KILOGRAMO"
"2014-05-17T00:00:00.000","76","VALLE DEL CAUCA","76001","CALI","0.002","KILOGRAMO"
"2014-05-17T00:00:00.000","63","QUINDIO","63001","ARMENIA","0.002","KILOGRAMO"
"2014-05-16T00:00:00.000","76","VALLE DEL CAUCA","76001","CALI","0.002","KILOGRAMO"
"2014-05-16T00:00:00.000","66","RISARALDA","66170","DOSQUEBRADAS","0.161","KILOGRAMO"
"2014-05-16T00:00:00.000","76","VALLE DEL CAUCA","76147","CARTAGO","0.002","KILOGRAMO"
"2014-05-15T00:00:00.000","76","VALLE DEL CAUCA","76147","CARTAGO","0.002","KILOGRAMO"
"2014-05-15T00:00:00.000","54","NORTE DE SANTANDER","54001","CUCUTA","0.0015","KILOGRAMO"
"2014-05-15T00:00:00.000","66","RISARALDA","66001","PEREIRA","0.076","KILOGRAMO"
"2014-05-15T00:00:00.000","05","ANTIOQUIA","05001","MEDELLIN","0.048","KILOGRAMO"
"2014-05-14T00:00:00.000","11","BOGOTA D.C.","11001","BOGOTA D.C.","0.6","KILOGRAMO"
"2014-05-14T00:00:00.000","76","VALLE DEL CAUCA","76001","CALI","0.012","KILOGRAMO"
"2014-05-14T00:00:00.000","63","QUINDIO","63001","ARMENIA","0.002","KILOGRAMO"
"2014-05-14T00:00:00.000","76","VALLE DEL CAUCA","76113","BUGALAGRANDE","1.005","KILOGRAMO"
"2014-05-13T00:00:00.000","66","RISARALDA","66001","PEREIRA","0.045","KILOGRAMO"
"2014-05-13T00:00:00.000","54","NORTE DE SANTANDER","54001","CUCUTA","0.0012","KILOGRAMO"
"2014-05-13T00:00:00.000","76","VALLE DEL CAUCA","76001","CALI","0.009","KILOGRAMO"
"2014-05-12T00:00:00.000","11","BOGOTA D.C.","11001","BOGOTA D.C.","0.001","KILOGRAMO"
"2014-05-12T00:00:00.000","76","VALLE DEL CAUCA","76497","OBANDO","0.002","KILOGRAMO"
"2014-05-12T00:00:00.000","76","VALLE DEL CAUCA","76001","CALI","0.004","KILOGRAMO"
"2014-05-12T00:00:00.000","76","VALLE DEL CAUCA","76147","CARTAGO","0.002","KILOGRAMO"
"2014-05-11T00:00:00.000","63","QUINDIO","63001","ARMENIA","0.005","KILOGRAMO"
"2014-05-11T00:00:00.000","76","VALLE DEL CAUCA","76041","ANSERMANUEVO","0.005","KILOGRAMO"
"2014-05-11T00:00:00.000","76","VALLE DEL CAUCA","76147","CARTAGO","0.002","KILOGRAMO"
"2014-05-11T00:00:00.000","05","ANTIOQUIA","05079","BARBOSA","0.005","KILOGRAMO"
"2014-05-10T00:00:00.000","76","VALLE DEL CAUCA","76147","CARTAGO","0.002","KILOGRAMO"
"2014-05-10T00:00:00.000","76","VALLE DEL CAUCA","76001","CALI","0.012","KILOGRAMO"
"2014-05-09T00:00:00.000","63","QUINDIO","63001","ARMENIA","0.005","KILOGRAMO"
"2014-05-09T00:00:00.000","11","BOGOTA D.C.","11001","BOGOTA D.C.","0.02","KILOGRAMO"
"2014-05-09T00:00:00.000","66","RISARALDA","66001","PEREIRA","0.015","KILOGRAMO"
"2014-05-09T00:00:00.000","76","VALLE DEL CAUCA","76001","CALI","0.003","KILOGRAMO"
"2014-05-09T00:00:00.000","66","RISARALDA","66170","DOSQUEBRADAS","0.008","KILOGRAMO"
"2014-05-09T00:00:00.000","76","VALLE DEL CAUCA","76147","CARTAGO","0.002","KILOGRAMO"
"2014-05-09T00:00:00.000","76","VALLE DEL CAUCA","76248","EL CERRITO","0.01","KILOGRAMO"
"2014-05-08T00:00:00.000","76","VALLE DEL CAUCA","76001","CALI","0.006","KILOGRAMO"
"2014-05-08T00:00:00.000","20","CESAR","20614","RIO DE ORO","0.013","KILOGRAMO"
"2014-05-08T00:00:00.000","52","NARIÑO","52240","CHACHAGÜI","0.1","KILOGRAMO"
"2014-05-08T00:00:00.000","66","RISARALDA","66001","PEREIRA","0.003","KILOGRAMO"
"2014-05-08T00:00:00.000","66","RISARALDA","66170","DOSQUEBRADAS","0.025","KILOGRAMO"
"2014-05-08T00:00:00.000","05","ANTIOQUIA","05079","BARBOSA","0.005","KILOGRAMO"
"2014-05-07T00:00:00.000","54","NORTE DE SANTANDER","54001","CUCUTA","0.006","KILOGRAMO"
"2014-05-07T00:00:00.000","76","VALLE DEL CAUCA","76001","CALI","0.018","KILOGRAMO"
"2014-05-07T00:00:00.000","66","RISARALDA","66001","PEREIRA","0.049","KILOGRAMO"
"2014-05-06T00:00:00.000","63","QUINDIO","63001","ARMENIA","0.05115","KILOGRAMO"
"2014-05-06T00:00:00.000","66","RISARALDA","66001","PEREIRA","0.017","KILOGRAMO"
"2014-05-06T00:00:00.000","76","VALLE DEL CAUCA","76736","SEVILLA","0.004","KILOGRAMO"
"2014-05-05T00:00:00.000","76","VALLE DEL CAUCA","76001","CALI","0.015","KILOGRAMO"
"2014-05-05T00:00:00.000","66","RISARALDA","66001","PEREIRA","0.028","KILOGRAMO"
"2014-05-05T00:00:00.000","63","QUINDIO","63001","ARMENIA","0.06","KILOGRAMO"
"2014-05-04T00:00:00.000","76","VALLE DEL CAUCA","76001","CALI","0.001","KILOGRAMO"
"2014-05-03T00:00:00.000","76","VALLE DEL CAUCA","76001","CALI","0.02","KILOGRAMO"
"2014-05-03T00:00:00.000","63","QUINDIO","63001","ARMENIA","0.001","KILOGRAMO"
"2014-05-02T00:00:00.000","66","RISARALDA","66001","PEREIRA","0.107","KILOGRAMO"
"2014-05-02T00:00:00.000","76","VALLE DEL CAUCA","76001","CALI","0.011","KILOGRAMO"
"2014-05-02T00:00:00.000","63","QUINDIO","63001","ARMENIA","2.117","KILOGRAMO"
"2014-05-02T00:00:00.000","76","VALLE DEL CAUCA","76497","OBANDO","0.004","KILOGRAMO"
"2014-05-01T00:00:00.000","76","VALLE DEL CAUCA","76001","CALI","6.849","KILOGRAMO"
"2014-04-30T00:00:00.000","66","RISARALDA","66001","PEREIRA","0.008","KILOGRAMO"
"2014-04-30T00:00:00.000","63","QUINDIO","63001","ARMENIA","0.002","KILOGRAMO"
"2014-04-30T00:00:00.000","66","RISARALDA","66170","DOSQUEBRADAS","0.025","KILOGRAMO"
"2014-04-30T00:00:00.000","08","ATLANTICO","08001","BARRANQUILLA","0.003","KILOGRAMO"
"2014-04-30T00:00:00.000","76","VALLE DEL CAUCA","76001","CALI","0.027","KILOGRAMO"
"2014-04-30T00:00:00.000","54","NORTE DE SANTANDER","54001","CUCUTA","0.0011","KILOGRAMO"
"2014-04-29T00:00:00.000","76","VALLE DEL CAUCA","76001","CALI","0.001","KILOGRAMO"
"2014-04-29T00:00:00.000","05","ANTIOQUIA","05001","MEDELLIN","0.005","KILOGRAMO"
"2014-04-29T00:00:00.000","76","VALLE DEL CAUCA","76111","GUADALAJARA DE BUGA","0.001","KILOGRAMO"
"2014-04-29T00:00:00.000","66","RISARALDA","66001","PEREIRA","0.002","KILOGRAMO"
"2014-04-29T00:00:00.000","08","ATLANTICO","08001","BARRANQUILLA","0.084","KILOGRAMO"
"2014-04-28T00:00:00.000","54","NORTE DE SANTANDER","54001","CUCUTA","0.003","KILOGRAMO"
"2014-04-28T00:00:00.000","76","VALLE DEL CAUCA","76111","GUADALAJARA DE BUGA","0.001","KILOGRAMO"
"2014-04-28T00:00:00.000","08","ATLANTICO","08758","SOLEDAD","0.02","KILOGRAMO"
"2014-04-28T00:00:00.000","76","VALLE DEL CAUCA","76001","CALI","0.018","KILOGRAMO"
"2014-04-28T00:00:00.000","76","VALLE DEL CAUCA","76497","OBANDO","0.003","KILOGRAMO"
"2014-04-27T00:00:00.000","08","ATLANTICO","08001","BARRANQUILLA","0.014","KILOGRAMO"
"2014-04-27T00:00:00.000","76","VALLE DEL CAUCA","76001","CALI","0.004","KILOGRAMO"
"2014-04-26T00:00:00.000","11","BOGOTA D.C.","11001","BOGOTA D.C.","0.005","KILOGRAMO"
"2014-04-25T00:00:00.000","76","VALLE DEL CAUCA","76736","SEVILLA","0.001","KILOGRAMO"
"2014-04-25T00:00:00.000","66","RISARALDA","66001","PEREIRA","0.142","KILOGRAMO"
"2014-04-25T00:00:00.000","63","QUINDIO","63001","ARMENIA","0.004","KILOGRAMO"
"2014-04-25T00:00:00.000","76","VALLE DEL CAUCA","76001","CALI","0.006","KILOGRAMO"
"2014-04-24T00:00:00.000","66","RISARALDA","66682","SANTA ROSA DE CABAL","0.006","KILOGRAMO"
"2014-04-24T00:00:00.000","66","RISARALDA","66001","PEREIRA","0.013","KILOGRAMO"
"2014-04-24T00:00:00.000","05","ANTIOQUIA","05001","MEDELLIN","0.005","KILOGRAMO"
"2014-04-24T00:00:00.000","76","VALLE DEL CAUCA","76111","GUADALAJARA DE BUGA","0.001","KILOGRAMO"
"2014-04-24T00:00:00.000","66","RISARALDA","66170","DOSQUEBRADAS","0.149","KILOGRAMO"
"2014-04-24T00:00:00.000","54","NORTE DE SANTANDER","54001","CUCUTA","0.002","KILOGRAMO"
"2014-04-23T00:00:00.000","76","VALLE DEL CAUCA","76001","CALI","0.01","KILOGRAMO"
"2014-04-23T00:00:00.000","76","VALLE DEL CAUCA","76497","OBANDO","0.002","KILOGRAMO"
"2014-04-23T00:00:00.000","54","NORTE DE SANTANDER","54001","CUCUTA","0.002","KILOGRAMO"
"2014-04-23T00:00:00.000","08","ATLANTICO","08573","PUERTO COLOMBIA","0.002","KILOGRAMO"
"2014-04-23T00:00:00.000","52","NARIÑO","52051","ARBOLEDA","0.108","KILOGRAMO"
"2014-04-23T00:00:00.000","08","ATLANTICO","08001","BARRANQUILLA","0.006","KILOGRAMO"
"2014-04-23T00:00:00.000","66","RISARALDA","66170","DOSQUEBRADAS","0.01","KILOGRAMO"
"2014-04-23T00:00:00.000","66","RISARALDA","66001","PEREIRA","0.001","KILOGRAMO"
"2014-04-22T00:00:00.000","76","VALLE DEL CAUCA","76111","GUADALAJARA DE BUGA","0.001","KILOGRAMO"
"2014-04-22T00:00:00.000","08","ATLANTICO","08001","BARRANQUILLA","0.003","KILOGRAMO"
"2014-04-22T00:00:00.000","76","VALLE DEL CAUCA","76497","OBANDO","0.003","KILOGRAMO"
"2014-04-22T00:00:00.000","54","NORTE DE SANTANDER","54001","CUCUTA","0.01","KILOGRAMO"
"2014-04-22T00:00:00.000","66","RISARALDA","66001","PEREIRA","0.095","KILOGRAMO"
"2014-04-22T00:00:00.000","63","QUINDIO","63001","ARMENIA","0.012","KILOGRAMO"
"2014-04-22T00:00:00.000","76","VALLE DEL CAUCA","76001","CALI","0.665","KILOGRAMO"
"2014-04-22T00:00:00.000","66","RISARALDA","66170","DOSQUEBRADAS","0.018","KILOGRAMO"
"2014-04-21T00:00:00.000","76","VALLE DEL CAUCA","76001","CALI","0.002","KILOGRAMO"
"2014-04-21T00:00:00.000","66","RISARALDA","66001","PEREIRA","0.127","KILOGRAMO"
"2014-04-21T00:00:00.000","08","ATLANTICO","08638","SABANALARGA","0.003","KILOGRAMO"
"2014-04-21T00:00:00.000","66","RISARALDA","66170","DOSQUEBRADAS","0.1","KILOGRAMO"
"2014-04-20T00:00:00.000","17","CALDAS","17614","RIOSUCIO","0.001","KILOGRAMO"
"2014-04-20T00:00:00.000","76","VALLE DEL CAUCA","76001","CALI","0.005","KILOGRAMO"
"2014-04-20T00:00:00.000","20","CESAR","20032","ASTREA","0.002","KILOGRAMO"
"2014-04-19T00:00:00.000","76","VALLE DEL CAUCA","76497","OBANDO","0.002","KILOGRAMO"
"2014-04-18T00:00:00.000","76","VALLE DEL CAUCA","76001","CALI","0.021","KILOGRAMO"
"2014-04-18T00:00:00.000","66","RISARALDA","66170","DOSQUEBRADAS","0.001","KILOGRAMO"
"2014-04-18T00:00:00.000","11","BOGOTA D.C.","11001","BOGOTA D.C.","0.035","KILOGRAMO"
"2014-04-16T00:00:00.000","11","BOGOTA D.C.","11001","BOGOTA D.C.","0.002","KILOGRAMO"
"2014-04-16T00:00:00.000","76","VALLE DEL CAUCA","76001","CALI","0.09","KILOGRAMO"
"2014-04-16T00:00:00.000","66","RISARALDA","66001","PEREIRA","0.011","KILOGRAMO"
"2014-04-16T00:00:00.000","63","QUINDIO","63001","ARMENIA","0.005","KILOGRAMO"
"2014-04-15T00:00:00.000","11","BOGOTA D.C.","11001","BOGOTA D.C.","0.035","KILOGRAMO"
"2014-04-15T00:00:00.000","76","VALLE DEL CAUCA","76497","OBANDO","0.002","KILOGRAMO"
"2014-04-15T00:00:00.000","66","RISARALDA","66001","PEREIRA","0.065","KILOGRAMO"
"2014-04-15T00:00:00.000","76","VALLE DEL CAUCA","76001","CALI","0.062","KILOGRAMO"
"2014-04-15T00:00:00.000","54","NORTE DE SANTANDER","54001","CUCUTA","0.0073","KILOGRAMO"
"2014-04-14T00:00:00.000","76","VALLE DEL CAUCA","76001","CALI","0.008","KILOGRAMO"
"2014-04-13T00:00:00.000","76","VALLE DEL CAUCA","76001","CALI","0.003","KILOGRAMO"
"2014-04-12T00:00:00.000","17","CALDAS","17777","SUPIA","0.002","KILOGRAMO"
"2014-04-12T00:00:00.000","54","NORTE DE SANTANDER","54001","CUCUTA","0.014","KILOGRAMO"
"2014-04-12T00:00:00.000","63","QUINDIO","63190","CIRCASIA","0.006","KILOGRAMO"
"2014-04-12T00:00:00.000","05","ANTIOQUIA","05129","CALDAS","0.005","KILOGRAMO"
"2014-04-11T00:00:00.000","63","QUINDIO","63001","ARMENIA","0.001","KILOGRAMO"
"2014-04-11T00:00:00.000","63","QUINDIO","63690","SALENTO","0.031","KILOGRAMO"
"2014-04-11T00:00:00.000","76","VALLE DEL CAUCA","76001","CALI","0.002","KILOGRAMO"
"2014-04-11T00:00:00.000","76","VALLE DEL CAUCA","76111","GUADALAJARA DE BUGA","0.001","KILOGRAMO"
"2014-04-10T00:00:00.000","76","VALLE DEL CAUCA","76845","ULLOA","0.002","KILOGRAMO"
"2014-04-10T00:00:00.000","11","BOGOTA D.C.","11001","BOGOTA D.C.","0.005","KILOGRAMO"
"2014-04-10T00:00:00.000","76","VALLE DEL CAUCA","76670","SAN PEDRO","0.0015","KILOGRAMO"
"2014-04-09T00:00:00.000","76","VALLE DEL CAUCA","76147","CARTAGO","0.0047","KILOGRAMO"
"2014-04-09T00:00:00.000","66","RISARALDA","66001","PEREIRA","0.009","KILOGRAMO"
"2014-04-09T00:00:00.000","05","ANTIOQUIA","05001","MEDELLIN","0.025","KILOGRAMO"
"2014-04-09T00:00:00.000","76","VALLE DEL CAUCA","76111","GUADALAJARA DE BUGA","0.001","KILOGRAMO"
"2014-04-08T00:00:00.000","20","CESAR","20032","ASTREA","0.003","KILOGRAMO"
"2014-04-08T00:00:00.000","05","ANTIOQUIA","05129","CALDAS","0.005","KILOGRAMO"
"2014-04-08T00:00:00.000","66","RISARALDA","66001","PEREIRA","0.118","KILOGRAMO"
"2014-04-08T00:00:00.000","76","VALLE DEL CAUCA","76111","GUADALAJARA DE BUGA","0.001","KILOGRAMO"
"2014-04-07T00:00:00.000","76","VALLE DEL CAUCA","76497","OBANDO","0.002","KILOGRAMO"
"2014-04-07T00:00:00.000","73","TOLIMA","73686","SANTA ISABEL","1","KILOGRAMO"
"2014-04-06T00:00:00.000","76","VALLE DEL CAUCA","76497","OBANDO","0.001","KILOGRAMO"
"2014-04-06T00:00:00.000","54","NORTE DE SANTANDER","54001","CUCUTA","0.002","KILOGRAMO"
"2014-04-06T00:00:00.000","66","RISARALDA","66001","PEREIRA","0.006","KILOGRAMO"
"2014-04-06T00:00:00.000","63","QUINDIO","63001","ARMENIA","0.01","KILOGRAMO"
"2014-04-05T00:00:00.000","76","VALLE DEL CAUCA","76001","CALI","0.004","KILOGRAMO"
"2014-04-04T00:00:00.000","76","VALLE DEL CAUCA","76122","CAICEDONIA","0.005","KILOGRAMO"
"2014-04-04T00:00:00.000","66","RISARALDA","66170","DOSQUEBRADAS","0.001","KILOGRAMO"
"2014-04-04T00:00:00.000","63","QUINDIO","63001","ARMENIA","0.039","KILOGRAMO"
"2014-04-04T00:00:00.000","66","RISARALDA","66687","SANTUARIO","0.001","KILOGRAMO"
"2014-04-04T00:00:00.000","05","ANTIOQUIA","05001","MEDELLIN","0.06","KILOGRAMO"
"2014-04-04T00:00:00.000","13","BOLIVAR","13001","CARTAGENA DE INDIAS","2.051","KILOGRAMO"
"2014-04-03T00:00:00.000","63","QUINDIO","63001","ARMENIA","0.001","KILOGRAMO"
"2014-04-03T00:00:00.000","76","VALLE DEL CAUCA","76111","GUADALAJARA DE BUGA","0.002","KILOGRAMO"
"2014-04-03T00:00:00.000","66","RISARALDA","66687","SANTUARIO","0.001","KILOGRAMO"
"2014-04-03T00:00:00.000","76","VALLE DEL CAUCA","76001","CALI","0.004","KILOGRAMO"
"2014-04-03T00:00:00.000","05","ANTIOQUIA","05001","MEDELLIN","0.056","KILOGRAMO"
"2014-04-02T00:00:00.000","66","RISARALDA","66001","PEREIRA","0.015","KILOGRAMO"
"2014-04-02T00:00:00.000","76","VALLE DEL CAUCA","76606","RESTREPO","0.001","KILOGRAMO"
"2014-04-02T00:00:00.000","20","CESAR","20550","PELAYA","0.005","KILOGRAMO"
"2014-04-02T00:00:00.000","66","RISARALDA","66687","SANTUARIO","0.001","KILOGRAMO"
"2014-04-02T00:00:00.000","11","BOGOTA D.C.","11001","BOGOTA D.C.","0.002","KILOGRAMO"
"2014-04-01T00:00:00.000","76","VALLE DEL CAUCA","76147","CARTAGO","0.0099","KILOGRAMO"
"2014-04-01T00:00:00.000","05","ANTIOQUIA","05001","MEDELLIN","1","KILOGRAMO"
"2014-04-01T00:00:00.000","81","ARAUCA","81001","ARAUCA","0.007","KILOGRAMO"
"2014-04-01T00:00:00.000","76","VALLE DEL CAUCA","76001","CALI","0.01","KILOGRAMO"
"2014-04-01T00:00:00.000","66","RISARALDA","66001","PEREIRA","0.01","KILOGRAMO"
"2014-03-31T00:00:00.000","66","RISARALDA","66001","PEREIRA","0.013","KILOGRAMO"
"2014-03-31T00:00:00.000","66","RISARALDA","66400","LA VIRGINIA","0.002","KILOGRAMO"
"2014-03-31T00:00:00.000","05","ANTIOQUIA","05360","ITAGUI","0.029","KILOGRAMO"
"2014-03-31T00:00:00.000","76","VALLE DEL CAUCA","76147","CARTAGO","0.002","KILOGRAMO"
"2014-03-30T00:00:00.000","76","VALLE DEL CAUCA","76001","CALI","0.01","KILOGRAMO"
"2014-03-30T00:00:00.000","66","RISARALDA","66687","SANTUARIO","0.001","KILOGRAMO"
"2014-03-29T00:00:00.000","66","RISARALDA","66001","PEREIRA","0.017","KILOGRAMO"
"2014-03-28T00:00:00.000","11","BOGOTA D.C.","11001","BOGOTA D.C.","0.005","KILOGRAMO"
"2014-03-28T00:00:00.000","76","VALLE DEL CAUCA","76834","TULUA","0.015","KILOGRAMO"
"2014-03-28T00:00:00.000","76","VALLE DEL CAUCA","76147","CARTAGO","0.0096","KILOGRAMO"
"2014-03-28T00:00:00.000","66","RISARALDA","66170","DOSQUEBRADAS","0.06","KILOGRAMO"
"2014-03-28T00:00:00.000","76","VALLE DEL CAUCA","76001","CALI","0.001","KILOGRAMO"
"2014-03-28T00:00:00.000","66","RISARALDA","66001","PEREIRA","0.02","KILOGRAMO"
"2014-03-27T00:00:00.000","63","QUINDIO","63001","ARMENIA","0.027","KILOGRAMO"
"2014-03-27T00:00:00.000","76","VALLE DEL CAUCA","76248","EL CERRITO","0.001","KILOGRAMO"
"2014-03-27T00:00:00.000","76","VALLE DEL CAUCA","76147","CARTAGO","0.04","KILOGRAMO"
"2014-03-27T00:00:00.000","66","RISARALDA","66001","PEREIRA","0.008","KILOGRAMO"
"2014-03-26T00:00:00.000","66","RISARALDA","66001","PEREIRA","0.028","KILOGRAMO"
"2014-03-26T00:00:00.000","66","RISARALDA","66687","SANTUARIO","0.001","KILOGRAMO"
"2014-03-26T00:00:00.000","54","NORTE DE SANTANDER","54001","CUCUTA","0.005","KILOGRAMO"
"2014-03-26T00:00:00.000","76","VALLE DEL CAUCA","76001","CALI","0.004","KILOGRAMO"
"2014-03-26T00:00:00.000","76","VALLE DEL CAUCA","76147","CARTAGO","0.02","KILOGRAMO"
"2014-03-25T00:00:00.000","76","VALLE DEL CAUCA","76147","CARTAGO","0.0084","KILOGRAMO"
"2014-03-25T00:00:00.000","66","RISARALDA","66001","PEREIRA","0.002","KILOGRAMO"
"2014-03-25T00:00:00.000","08","ATLANTICO","08001","BARRANQUILLA","3.021","KILOGRAMO"
"2014-03-25T00:00:00.000","19","CAUCA","19698","SANTANDER DE QUILICHAO","0.005","KILOGRAMO"
"2014-03-24T00:00:00.000","76","VALLE DEL CAUCA","76497","OBANDO","0.002","KILOGRAMO"
"2014-03-24T00:00:00.000","66","RISARALDA","66001","PEREIRA","0.006","KILOGRAMO"
"2014-03-24T00:00:00.000","76","VALLE DEL CAUCA","76001","CALI","0.006","KILOGRAMO"
"2014-03-24T00:00:00.000","76","VALLE DEL CAUCA","76111","GUADALAJARA DE BUGA","0.002","KILOGRAMO"
"2014-03-23T00:00:00.000","76","VALLE DEL CAUCA","76147","CARTAGO","0.001","KILOGRAMO"
"2014-03-22T00:00:00.000","11","BOGOTA D.C.","11001","BOGOTA D.C.","0.879","KILOGRAMO"
"2014-03-22T00:00:00.000","08","ATLANTICO","08001","BARRANQUILLA","0.02","KILOGRAMO"
"2014-03-22T00:00:00.000","66","RISARALDA","66001","PEREIRA","0.017","KILOGRAMO"
"2014-03-22T00:00:00.000","63","QUINDIO","63001","ARMENIA","0.005","KILOGRAMO"
"2014-03-22T00:00:00.000","15","BOYACA","15572","PUERTO BOYACA","0.002","KILOGRAMO"
"2014-03-21T00:00:00.000","76","VALLE DEL CAUCA","76834","TULUA","4.034","KILOGRAMO"
"2014-03-21T00:00:00.000","63","QUINDIO","63001","ARMENIA","0.001","KILOGRAMO"
"2014-03-21T00:00:00.000","76","VALLE DEL CAUCA","76001","CALI","0.006","KILOGRAMO"
"2014-03-21T00:00:00.000","11","BOGOTA D.C.","11001","BOGOTA D.C.","0.96","KILOGRAMO"
"2014-03-21T00:00:00.000","66","RISARALDA","66001","PEREIRA","0.004","KILOGRAMO"
"2014-03-21T00:00:00.000","54","NORTE DE SANTANDER","54001","CUCUTA","0.01","KILOGRAMO"
"2014-03-21T00:00:00.000","52","NARIÑO","52378","LA CRUZ","0.06","KILOGRAMO"
"2014-03-21T00:00:00.000","76","VALLE DEL CAUCA","76147","CARTAGO","0.001","KILOGRAMO"
"2014-03-21T00:00:00.000","05","ANTIOQUIA","05001","MEDELLIN","0.018","KILOGRAMO"
"2014-03-21T00:00:00.000","66","RISARALDA","66170","DOSQUEBRADAS","0.038","KILOGRAMO"
"2014-03-20T00:00:00.000","76","VALLE DEL CAUCA","76001","CALI","0.004","KILOGRAMO"
"2014-03-20T00:00:00.000","76","VALLE DEL CAUCA","76147","CARTAGO","0.007","KILOGRAMO"
"2014-03-20T00:00:00.000","05","ANTIOQUIA","05001","MEDELLIN","0.012","KILOGRAMO"
"2014-03-20T00:00:00.000","66","RISARALDA","66001","PEREIRA","0.009","KILOGRAMO"
"2014-03-19T00:00:00.000","76","VALLE DEL CAUCA","76001","CALI","0.01","KILOGRAMO"
"2014-03-19T00:00:00.000","76","VALLE DEL CAUCA","76736","SEVILLA","0.002","KILOGRAMO"
"2014-03-19T00:00:00.000","66","RISARALDA","66001","PEREIRA","0.002","KILOGRAMO"
"2014-03-19T00:00:00.000","76","VALLE DEL CAUCA","76147","CARTAGO","0.0057","KILOGRAMO"
"2014-03-18T00:00:00.000","76","VALLE DEL CAUCA","76001","CALI","0.032","KILOGRAMO"
"2014-03-18T00:00:00.000","76","VALLE DEL CAUCA","76111","GUADALAJARA DE BUGA","0.003","KILOGRAMO"
"2014-03-18T00:00:00.000","76","VALLE DEL CAUCA","76147","CARTAGO","0.002","KILOGRAMO"
"2014-03-18T00:00:00.000","54","NORTE DE SANTANDER","54001","CUCUTA","0.0015","KILOGRAMO"
"2014-03-18T00:00:00.000","66","RISARALDA","66001","PEREIRA","0.002","KILOGRAMO"
"2014-03-17T00:00:00.000","76","VALLE DEL CAUCA","76020","ALCALA","0.001","KILOGRAMO"
"2014-03-17T00:00:00.000","76","VALLE DEL CAUCA","76147","CARTAGO","0.007","KILOGRAMO"
"2014-03-17T00:00:00.000","66","RISARALDA","66170","DOSQUEBRADAS","0.025","KILOGRAMO"
"2014-03-17T00:00:00.000","52","NARIÑO","52378","LA CRUZ","0.02","KILOGRAMO"
"2014-03-17T00:00:00.000","76","VALLE DEL CAUCA","76001","CALI","0.037","KILOGRAMO"
"2014-03-16T00:00:00.000","66","RISARALDA","66001","PEREIRA","0.001","KILOGRAMO"
"2014-03-16T00:00:00.000","52","NARIÑO","52378","LA CRUZ","0.05","KILOGRAMO"
"2014-03-16T00:00:00.000","11","BOGOTA D.C.","11001","BOGOTA D.C.","0.01","KILOGRAMO"
"2014-03-16T00:00:00.000","08","ATLANTICO","08001","BARRANQUILLA","0.005","KILOGRAMO"
"2014-03-15T00:00:00.000","76","VALLE DEL CAUCA","76001","CALI","0.005","KILOGRAMO"
"2014-03-15T00:00:00.000","63","QUINDIO","63001","ARMENIA","0.001","KILOGRAMO"
"2014-03-14T00:00:00.000","66","RISARALDA","66170","DOSQUEBRADAS","0.001","KILOGRAMO"
"2014-03-14T00:00:00.000","76","VALLE DEL CAUCA","76001","CALI","0.001","KILOGRAMO"
"2014-03-14T00:00:00.000","11","BOGOTA D.C.","11001","BOGOTA D.C.","0.01","KILOGRAMO"
"2014-03-14T00:00:00.000","05","ANTIOQUIA","05001","MEDELLIN","0.007","KILOGRAMO"
"2014-03-14T00:00:00.000","76","VALLE DEL CAUCA","76845","ULLOA","0.001","KILOGRAMO"
"2014-03-14T00:00:00.000","76","VALLE DEL CAUCA","76147","CARTAGO","0.0047","KILOGRAMO"
"2014-03-14T00:00:00.000","76","VALLE DEL CAUCA","76497","OBANDO","0.002","KILOGRAMO"
"2014-03-13T00:00:00.000","76","VALLE DEL CAUCA","76001","CALI","0.008","KILOGRAMO"
"2014-03-13T00:00:00.000","76","VALLE DEL CAUCA","76233","DAGUA","0.03","KILOGRAMO"
"2014-03-13T00:00:00.000","66","RISARALDA","66001","PEREIRA","0.069","KILOGRAMO"
"2014-03-13T00:00:00.000","66","RISARALDA","66170","DOSQUEBRADAS","0.05","KILOGRAMO"
"2014-03-13T00:00:00.000","63","QUINDIO","63001","ARMENIA","0.809","KILOGRAMO"
"2014-03-13T00:00:00.000","05","ANTIOQUIA","05001","MEDELLIN","0.003","KILOGRAMO"
"2014-03-13T00:00:00.000","63","QUINDIO","63130","CALARCA","0.041","KILOGRAMO"
"2014-03-12T00:00:00.000","08","ATLANTICO","08001","BARRANQUILLA","0.02","KILOGRAMO"
"2014-03-12T00:00:00.000","05","ANTIOQUIA","05001","MEDELLIN","0.005","KILOGRAMO"
"2014-03-12T00:00:00.000","68","SANTANDER","68081","BARRANCABERMEJA","0.015","KILOGRAMO"
"2014-03-12T00:00:00.000","54","NORTE DE SANTANDER","54001","CUCUTA","0.002","KILOGRAMO"
"2014-03-11T00:00:00.000","66","RISARALDA","66001","PEREIRA","0.012","KILOGRAMO"
"2014-03-11T00:00:00.000","66","RISARALDA","66170","DOSQUEBRADAS","0.01","KILOGRAMO"
"2014-03-11T00:00:00.000","76","VALLE DEL CAUCA","76520","PALMIRA","1.6","KILOGRAMO"
"2014-03-11T00:00:00.000","76","VALLE DEL CAUCA","76001","CALI","0.006","KILOGRAMO"
"2014-03-11T00:00:00.000","63","QUINDIO","63001","ARMENIA","0.002","KILOGRAMO"
"2014-03-11T00:00:00.000","11","BOGOTA D.C.","11001","BOGOTA D.C.","2","KILOGRAMO"
"2014-03-11T00:00:00.000","76","VALLE DEL CAUCA","76147","CARTAGO","0.0043","KILOGRAMO"
"2014-03-10T00:00:00.000","76","VALLE DEL CAUCA","76497","OBANDO","0.001","KILOGRAMO"
"2014-03-10T00:00:00.000","76","VALLE DEL CAUCA","76111","GUADALAJARA DE BUGA","0.002","KILOGRAMO"
"2014-03-10T00:00:00.000","76","VALLE DEL CAUCA","76147","CARTAGO","0.001","KILOGRAMO"
"2014-03-09T00:00:00.000","05","ANTIOQUIA","05001","MEDELLIN","0.006","KILOGRAMO"
"2014-03-08T00:00:00.000","05","ANTIOQUIA","05001","MEDELLIN","0.005","KILOGRAMO"
"2014-03-08T00:00:00.000","76","VALLE DEL CAUCA","76001","CALI","0.013","KILOGRAMO"
"2014-03-08T00:00:00.000","66","RISARALDA","66001","PEREIRA","0.002","KILOGRAMO"
"2014-03-07T00:00:00.000","76","VALLE DEL CAUCA","76147","CARTAGO","0.003","KILOGRAMO"
"2014-03-07T00:00:00.000","76","VALLE DEL CAUCA","76250","EL DOVIO","0.003","KILOGRAMO"
"2014-03-07T00:00:00.000","47","MAGDALENA","47001","SANTA MARTA","1.011","KILOGRAMO"
"2014-03-07T00:00:00.000","76","VALLE DEL CAUCA","76001","CALI","0.003","KILOGRAMO"
"2014-03-07T00:00:00.000","66","RISARALDA","66001","PEREIRA","0.046","KILOGRAMO"
"2014-03-07T00:00:00.000","76","VALLE DEL CAUCA","76497","OBANDO","0.002","KILOGRAMO"
"2014-03-06T00:00:00.000","76","VALLE DEL CAUCA","76001","CALI","0.004","KILOGRAMO"
"2014-03-06T00:00:00.000","76","VALLE DEL CAUCA","76497","OBANDO","0.002","KILOGRAMO"
"2014-03-06T00:00:00.000","76","VALLE DEL CAUCA","76147","CARTAGO","0.001","KILOGRAMO"
"2014-03-06T00:00:00.000","66","RISARALDA","66001","PEREIRA","0.002","KILOGRAMO"
"2014-03-06T00:00:00.000","54","NORTE DE SANTANDER","54001","CUCUTA","0.001","KILOGRAMO"
"2014-03-05T00:00:00.000","76","VALLE DEL CAUCA","76001","CALI","0.004","KILOGRAMO"
"2014-03-05T00:00:00.000","76","VALLE DEL CAUCA","76111","GUADALAJARA DE BUGA","0.005","KILOGRAMO"
"2014-03-05T00:00:00.000","76","VALLE DEL CAUCA","76147","CARTAGO","0.005","KILOGRAMO"
"2014-03-04T00:00:00.000","76","VALLE DEL CAUCA","76147","CARTAGO","0.002","KILOGRAMO"
"2014-03-04T00:00:00.000","76","VALLE DEL CAUCA","76001","CALI","0.005","KILOGRAMO"
"2014-03-04T00:00:00.000","76","VALLE DEL CAUCA","76036","ANDALUCIA","0.005","KILOGRAMO"
"2014-03-03T00:00:00.000","76","VALLE DEL CAUCA","76147","CARTAGO","0.0142","KILOGRAMO"
"2014-03-02T00:00:00.000","08","ATLANTICO","08634","SABANAGRANDE","0.001","KILOGRAMO"
"2014-03-01T00:00:00.000","76","VALLE DEL CAUCA","76834","TULUA","0.001","KILOGRAMO"
"2014-03-01T00:00:00.000","66","RISARALDA","66001","PEREIRA","0.003","KILOGRAMO"
"2014-03-01T00:00:00.000","76","VALLE DEL CAUCA","76845","ULLOA","0.001","KILOGRAMO"
"2014-03-01T00:00:00.000","76","VALLE DEL CAUCA","76001","CALI","0.025","KILOGRAMO"
"2014-02-28T00:00:00.000","08","ATLANTICO","08001","BARRANQUILLA","0.033","KILOGRAMO"
"2014-02-28T00:00:00.000","81","ARAUCA","81001","ARAUCA","0.013","KILOGRAMO"
"2014-02-28T00:00:00.000","54","NORTE DE SANTANDER","54001","CUCUTA","0.002","KILOGRAMO"
"2014-02-28T00:00:00.000","76","VALLE DEL CAUCA","76001","CALI","0.005","KILOGRAMO"
"2014-02-28T00:00:00.000","66","RISARALDA","66170","DOSQUEBRADAS","0.102","KILOGRAMO"
"2014-02-28T00:00:00.000","76","VALLE DEL CAUCA","76147","CARTAGO","0.012","KILOGRAMO"
"2014-02-28T00:00:00.000","66","RISARALDA","66001","PEREIRA","0.009","KILOGRAMO"
"2014-02-28T00:00:00.000","63","QUINDIO","63001","ARMENIA","0.005","KILOGRAMO"
"2014-02-27T00:00:00.000","76","VALLE DEL CAUCA","76497","OBANDO","0.002","KILOGRAMO"
"2014-02-27T00:00:00.000","76","VALLE DEL CAUCA","76001","CALI","0.005","KILOGRAMO"
"2014-02-27T00:00:00.000","08","ATLANTICO","08520","PALMAR DE VARELA","0.005","KILOGRAMO"
"2014-02-27T00:00:00.000","76","VALLE DEL CAUCA","76147","CARTAGO","0.017","KILOGRAMO"
"2014-02-26T00:00:00.000","76","VALLE DEL CAUCA","76122","CAICEDONIA","0.003","KILOGRAMO"
"2014-02-26T00:00:00.000","66","RISARALDA","66001","PEREIRA","0.004","KILOGRAMO"
"2014-02-26T00:00:00.000","76","VALLE DEL CAUCA","76147","CARTAGO","0.006","KILOGRAMO"
"2014-02-25T00:00:00.000","76","VALLE DEL CAUCA","76233","DAGUA","0.2","KILOGRAMO"
"2014-02-25T00:00:00.000","76","VALLE DEL CAUCA","76147","CARTAGO","0.001","KILOGRAMO"
"2014-02-25T00:00:00.000","66","RISARALDA","66170","DOSQUEBRADAS","0.004","KILOGRAMO"
"2014-02-25T00:00:00.000","76","VALLE DEL CAUCA","76001","CALI","0.013","KILOGRAMO"
"2014-02-25T00:00:00.000","66","RISARALDA","66001","PEREIRA","0.015","KILOGRAMO"
"2014-02-24T00:00:00.000","76","VALLE DEL CAUCA","76497","OBANDO","0.002","KILOGRAMO"
"2014-02-24T00:00:00.000","76","VALLE DEL CAUCA","76001","CALI","0.001","KILOGRAMO"
"2014-02-23T00:00:00.000","76","VALLE DEL CAUCA","76001","CALI","0.001","KILOGRAMO"
"2014-02-23T00:00:00.000","05","ANTIOQUIA","05001","MEDELLIN","0.005","KILOGRAMO"
"2014-02-23T00:00:00.000","11","BOGOTA D.C.","11001","BOGOTA D.C.","0.005","KILOGRAMO"
"2014-02-23T00:00:00.000","54","NORTE DE SANTANDER","54405","LOS PATIOS","0.003","KILOGRAMO"
"2014-02-23T00:00:00.000","76","VALLE DEL CAUCA","76147","CARTAGO","0.02","KILOGRAMO"
"2014-02-22T00:00:00.000","76","VALLE DEL CAUCA","76113","BUGALAGRANDE","0.001","KILOGRAMO"
"2014-02-22T00:00:00.000","76","VALLE DEL CAUCA","76001","CALI","0.002","KILOGRAMO"
"2014-02-22T00:00:00.000","11","BOGOTA D.C.","11001","BOGOTA D.C.","1.001","KILOGRAMO"
"2014-02-22T00:00:00.000","76","VALLE DEL CAUCA","76147","CARTAGO","0.012","KILOGRAMO"
"2014-02-22T00:00:00.000","66","RISARALDA","66170","DOSQUEBRADAS","0.022","KILOGRAMO"
"2014-02-22T00:00:00.000","08","ATLANTICO","08634","SABANAGRANDE","0.001","KILOGRAMO"
"2014-02-21T00:00:00.000","66","RISARALDA","66001","PEREIRA","0.012","KILOGRAMO"
"2014-02-21T00:00:00.000","76","VALLE DEL CAUCA","76001","CALI","0.014","KILOGRAMO"
"2014-02-20T00:00:00.000","54","NORTE DE SANTANDER","54001","CUCUTA","0.003","KILOGRAMO"
"2014-02-19T00:00:00.000","76","VALLE DEL CAUCA","76001","CALI","0.003","KILOGRAMO"
"2014-02-19T00:00:00.000","05","ANTIOQUIA","05001","MEDELLIN","0.13","KILOGRAMO"
"2014-02-19T00:00:00.000","63","QUINDIO","63001","ARMENIA","0.002","KILOGRAMO"
"2014-02-18T00:00:00.000","76","VALLE DEL CAUCA","76001","CALI","0.009","KILOGRAMO"
"2014-02-18T00:00:00.000","08","ATLANTICO","08001","BARRANQUILLA","0.011","KILOGRAMO"
"2014-02-18T00:00:00.000","19","CAUCA","19698","SANTANDER DE QUILICHAO","0.02","KILOGRAMO"
"2014-02-18T00:00:00.000","66","RISARALDA","66001","PEREIRA","0.022","KILOGRAMO"
"2014-02-18T00:00:00.000","76","VALLE DEL CAUCA","76233","DAGUA","0.012","KILOGRAMO"
"2014-02-18T00:00:00.000","76","VALLE DEL CAUCA","76041","ANSERMANUEVO","0.001","KILOGRAMO"
"2014-02-17T00:00:00.000","76","VALLE DEL CAUCA","76001","CALI","0.005","KILOGRAMO"
"2014-02-17T00:00:00.000","66","RISARALDA","66170","DOSQUEBRADAS","0.01","KILOGRAMO"
"2014-02-16T00:00:00.000","54","NORTE DE SANTANDER","54553","PUERTO SANTANDER","0.003","KILOGRAMO"
"2014-02-16T00:00:00.000","63","QUINDIO","63001","ARMENIA","0.791","KILOGRAMO"
"2014-02-16T00:00:00.000","08","ATLANTICO","08638","SABANALARGA","0.004","KILOGRAMO"
"2014-02-15T00:00:00.000","76","VALLE DEL CAUCA","76001","CALI","0.012","KILOGRAMO"
"2014-02-15T00:00:00.000","66","RISARALDA","66170","DOSQUEBRADAS","0.24","KILOGRAMO"
"2014-02-15T00:00:00.000","63","QUINDIO","63001","ARMENIA","0.001","KILOGRAMO"
"2014-02-15T00:00:00.000","66","RISARALDA","66001","PEREIRA","0.007","KILOGRAMO"
"2014-02-15T00:00:00.000","76","VALLE DEL CAUCA","76113","BUGALAGRANDE","0.003","KILOGRAMO"
"2014-02-14T00:00:00.000","66","RISARALDA","66001","PEREIRA","0.023","KILOGRAMO"
"2014-02-14T00:00:00.000","76","VALLE DEL CAUCA","76001","CALI","0.001","KILOGRAMO"
"2014-02-14T00:00:00.000","66","RISARALDA","66170","DOSQUEBRADAS","0.1","KILOGRAMO"
"2014-02-14T00:00:00.000","76","VALLE DEL CAUCA","76113","BUGALAGRANDE","0.003","KILOGRAMO"
"2014-02-14T00:00:00.000","54","NORTE DE SANTANDER","54001","CUCUTA","0.025","KILOGRAMO"
"2014-02-13T00:00:00.000","66","RISARALDA","66001","PEREIRA","0.003","KILOGRAMO"
"2014-02-13T00:00:00.000","76","VALLE DEL CAUCA","76497","OBANDO","0.002","KILOGRAMO"
"2014-02-13T00:00:00.000","66","RISARALDA","66170","DOSQUEBRADAS","0.003","KILOGRAMO"
"2014-02-13T00:00:00.000","76","VALLE DEL CAUCA","76001","CALI","0.001","KILOGRAMO"
"2014-02-13T00:00:00.000","76","VALLE DEL CAUCA","76113","BUGALAGRANDE","0.001","KILOGRAMO"
"2014-02-13T00:00:00.000","63","QUINDIO","63001","ARMENIA","0.002","KILOGRAMO"
"2014-02-12T00:00:00.000","66","RISARALDA","66400","LA VIRGINIA","0.017","KILOGRAMO"
"2014-02-12T00:00:00.000","08","ATLANTICO","08685","SANTO TOMAS","0.001","KILOGRAMO"
"2014-02-12T00:00:00.000","76","VALLE DEL CAUCA","76147","CARTAGO","0.0057","KILOGRAMO"
"2014-02-12T00:00:00.000","66","RISARALDA","66001","PEREIRA","0.01","KILOGRAMO"
"2014-02-11T00:00:00.000","19","CAUCA","19573","PUERTO TEJADA","5.82","KILOGRAMO"
"2014-02-10T00:00:00.000","76","VALLE DEL CAUCA","76520","PALMIRA","1.5","KILOGRAMO"
"2014-02-10T00:00:00.000","76","VALLE DEL CAUCA","76001","CALI","0.001","KILOGRAMO"
"2014-02-09T00:00:00.000","54","NORTE DE SANTANDER","54001","CUCUTA","0.001","KILOGRAMO"
"2014-02-09T00:00:00.000","76","VALLE DEL CAUCA","76001","CALI","0.001","KILOGRAMO"
"2014-02-08T00:00:00.000","54","NORTE DE SANTANDER","54001","CUCUTA","0.003","KILOGRAMO"
"2014-02-08T00:00:00.000","76","VALLE DEL CAUCA","76001","CALI","0.002","KILOGRAMO"
"2014-02-08T00:00:00.000","63","QUINDIO","63001","ARMENIA","0.02","KILOGRAMO"
"2014-02-08T00:00:00.000","76","VALLE DEL CAUCA","76497","OBANDO","0.002","KILOGRAMO"
"2014-02-07T00:00:00.000","19","CAUCA","19698","SANTANDER DE QUILICHAO","1.24","KILOGRAMO"
"2014-02-07T00:00:00.000","66","RISARALDA","66001","PEREIRA","0.024","KILOGRAMO"
"2014-02-07T00:00:00.000","54","NORTE DE SANTANDER","54001","CUCUTA","0.003","KILOGRAMO"
"2014-02-07T00:00:00.000","66","RISARALDA","66170","DOSQUEBRADAS","0.152","KILOGRAMO"
"2014-02-07T00:00:00.000","11","BOGOTA D.C.","11001","BOGOTA D.C.","8.778","KILOGRAMO"
"2014-02-06T00:00:00.000","63","QUINDIO","63001","ARMENIA","0.001","KILOGRAMO"
"2014-02-06T00:00:00.000","76","VALLE DEL CAUCA","76497","OBANDO","0.002","KILOGRAMO"
"2014-02-06T00:00:00.000","05","ANTIOQUIA","05212","COPACABANA","0.003","KILOGRAMO"
"2014-02-06T00:00:00.000","76","VALLE DEL CAUCA","76001","CALI","0.004","KILOGRAMO"
"2014-02-05T00:00:00.000","63","QUINDIO","63001","ARMENIA","0.323","KILOGRAMO"
"2014-02-05T00:00:00.000","76","VALLE DEL CAUCA","76001","CALI","0.004","KILOGRAMO"
"2014-02-04T00:00:00.000","66","RISARALDA","66001","PEREIRA","0.002","KILOGRAMO"
"2014-02-04T00:00:00.000","76","VALLE DEL CAUCA","76001","CALI","0.006","KILOGRAMO"
"2014-02-02T00:00:00.000","76","VALLE DEL CAUCA","76001","CALI","0.003","KILOGRAMO"
"2014-02-02T00:00:00.000","76","VALLE DEL CAUCA","76147","CARTAGO","0.002","KILOGRAMO"
"2014-02-02T00:00:00.000","76","VALLE DEL CAUCA","76497","OBANDO","0.002","KILOGRAMO"
"2014-02-01T00:00:00.000","76","VALLE DEL CAUCA","76001","CALI","0.001","KILOGRAMO"
"2014-01-31T00:00:00.000","63","QUINDIO","63690","SALENTO","0.001","KILOGRAMO"
"2014-01-31T00:00:00.000","13","BOLIVAR","13001","CARTAGENA DE INDIAS","1.25","KILOGRAMO"
"2014-01-31T00:00:00.000","63","QUINDIO","63001","ARMENIA","0.002","KILOGRAMO"
"2014-01-31T00:00:00.000","66","RISARALDA","66170","DOSQUEBRADAS","0.003","KILOGRAMO"
"2014-01-31T00:00:00.000","76","VALLE DEL CAUCA","76001","CALI","0.013","KILOGRAMO"
"2014-01-31T00:00:00.000","05","ANTIOQUIA","05001","MEDELLIN","0.005","KILOGRAMO"
"2014-01-31T00:00:00.000","66","RISARALDA","66001","PEREIRA","0.02","KILOGRAMO"
"2014-01-30T00:00:00.000","76","VALLE DEL CAUCA","76001","CALI","0.016","KILOGRAMO"
"2014-01-30T00:00:00.000","66","RISARALDA","66170","DOSQUEBRADAS","0.145","KILOGRAMO"
"2014-01-30T00:00:00.000","52","NARIÑO","52838","TUQUERRES","0.004","KILOGRAMO"
"2014-01-30T00:00:00.000","63","QUINDIO","63001","ARMENIA","0.005","KILOGRAMO"
"2014-01-30T00:00:00.000","19","CAUCA","19001","POPAYAN","0.664","KILOGRAMO"
"2014-01-30T00:00:00.000","08","ATLANTICO","08001","BARRANQUILLA","0.034","KILOGRAMO"
"2014-01-29T00:00:00.000","66","RISARALDA","66001","PEREIRA","0.025","KILOGRAMO"
"2014-01-29T00:00:00.000","66","RISARALDA","66170","DOSQUEBRADAS","0.077","KILOGRAMO"
"2014-01-29T00:00:00.000","08","ATLANTICO","08001","BARRANQUILLA","0.01","KILOGRAMO"
"2014-01-29T00:00:00.000","76","VALLE DEL CAUCA","76001","CALI","0.012","KILOGRAMO"
"2014-01-29T00:00:00.000","63","QUINDIO","63001","ARMENIA","0.003","KILOGRAMO"
"2014-01-28T00:00:00.000","63","QUINDIO","63001","ARMENIA","0.003","KILOGRAMO"
"2014-01-28T00:00:00.000","76","VALLE DEL CAUCA","76001","CALI","0.012","KILOGRAMO"
"2014-01-27T00:00:00.000","19","CAUCA","19698","SANTANDER DE QUILICHAO","0.005","KILOGRAMO"
"2014-01-27T00:00:00.000","66","RISARALDA","66170","DOSQUEBRADAS","0.126","KILOGRAMO"
"2014-01-27T00:00:00.000","76","VALLE DEL CAUCA","76497","OBANDO","0.002","KILOGRAMO"
"2014-01-27T00:00:00.000","08","ATLANTICO","08001","BARRANQUILLA","0.007","KILOGRAMO"
"2014-01-27T00:00:00.000","76","VALLE DEL CAUCA","76001","CALI","0.001","KILOGRAMO"
"2014-01-26T00:00:00.000","76","VALLE DEL CAUCA","76001","CALI","0.004","KILOGRAMO"
"2014-01-25T00:00:00.000","52","NARIÑO","52258","EL TABLON DE GOMEZ","10","KILOGRAMO"
"2014-01-25T00:00:00.000","66","RISARALDA","66001","PEREIRA","0.016","KILOGRAMO"
"2014-01-25T00:00:00.000","63","QUINDIO","63001","ARMENIA","0.001","KILOGRAMO"
"2014-01-25T00:00:00.000","05","ANTIOQUIA","05001","MEDELLIN","0.04","KILOGRAMO"
"2014-01-25T00:00:00.000","76","VALLE DEL CAUCA","76001","CALI","0.018","KILOGRAMO"
"2014-01-24T00:00:00.000","66","RISARALDA","66170","DOSQUEBRADAS","0.002","KILOGRAMO"
"2014-01-24T00:00:00.000","76","VALLE DEL CAUCA","76001","CALI","0.01","KILOGRAMO"
"2014-01-24T00:00:00.000","63","QUINDIO","63001","ARMENIA","0.002","KILOGRAMO"
"2014-01-24T00:00:00.000","66","RISARALDA","66001","PEREIRA","0.018","KILOGRAMO"
"2014-01-24T00:00:00.000","13","BOLIVAR","13001","CARTAGENA DE INDIAS","1.228","KILOGRAMO"
"2014-01-23T00:00:00.000","76","VALLE DEL CAUCA","76001","CALI","0.012","KILOGRAMO"
"2014-01-22T00:00:00.000","54","NORTE DE SANTANDER","54001","CUCUTA","0.036","KILOGRAMO"
"2014-01-22T00:00:00.000","76","VALLE DEL CAUCA","76001","CALI","0.004","KILOGRAMO"
"2014-01-21T00:00:00.000","66","RISARALDA","66001","PEREIRA","0.01","KILOGRAMO"
"2014-01-21T00:00:00.000","63","QUINDIO","63001","ARMENIA","0.001","KILOGRAMO"
"2014-01-21T00:00:00.000","05","ANTIOQUIA","05001","MEDELLIN","0.56","KILOGRAMO"
"2014-01-21T00:00:00.000","76","VALLE DEL CAUCA","76001","CALI","0.006","KILOGRAMO"
"2014-01-20T00:00:00.000","54","NORTE DE SANTANDER","54001","CUCUTA","0.002","KILOGRAMO"
"2014-01-20T00:00:00.000","76","VALLE DEL CAUCA","76001","CALI","0.006","KILOGRAMO"
"2014-01-19T00:00:00.000","66","RISARALDA","66001","PEREIRA","0.01","KILOGRAMO"
"2014-01-18T00:00:00.000","08","ATLANTICO","08433","MALAMBO","0.001","KILOGRAMO"
"2014-01-17T00:00:00.000","05","ANTIOQUIA","05631","SABANETA","0.003","KILOGRAMO"
"2014-01-17T00:00:00.000","76","VALLE DEL CAUCA","76111","GUADALAJARA DE BUGA","0.001","KILOGRAMO"
"2014-01-17T00:00:00.000","76","VALLE DEL CAUCA","76001","CALI","0.005","KILOGRAMO"
"2014-01-17T00:00:00.000","63","QUINDIO","63001","ARMENIA","0.001","KILOGRAMO"
"2014-01-17T00:00:00.000","66","RISARALDA","66001","PEREIRA","0.002","KILOGRAMO"
"2014-01-16T00:00:00.000","66","RISARALDA","66170","DOSQUEBRADAS","0.005","KILOGRAMO"
"2014-01-16T00:00:00.000","66","RISARALDA","66001","PEREIRA","0.481","KILOGRAMO"
"2014-01-16T00:00:00.000","63","QUINDIO","63001","ARMENIA","0.003","KILOGRAMO"
"2014-01-16T00:00:00.000","76","VALLE DEL CAUCA","76111","GUADALAJARA DE BUGA","0.002","KILOGRAMO"
"2014-01-16T00:00:00.000","76","VALLE DEL CAUCA","76001","CALI","0.001","KILOGRAMO"
"2014-01-15T00:00:00.000","05","ANTIOQUIA","05001","MEDELLIN","0.005","KILOGRAMO"
"2014-01-15T00:00:00.000","76","VALLE DEL CAUCA","76001","CALI","0.004","KILOGRAMO"
"2014-01-13T00:00:00.000","63","QUINDIO","63001","ARMENIA","0.001","KILOGRAMO"
"2014-01-13T00:00:00.000","76","VALLE DEL CAUCA","76001","CALI","0.001","KILOGRAMO"
"2014-01-13T00:00:00.000","76","VALLE DEL CAUCA","76111","GUADALAJARA DE BUGA","0.001","KILOGRAMO"
"2014-01-12T00:00:00.000","76","VALLE DEL CAUCA","76001","CALI","0.002","KILOGRAMO"
"2014-01-11T00:00:00.000","08","ATLANTICO","08001","BARRANQUILLA","0.004","KILOGRAMO"
"2014-01-11T00:00:00.000","76","VALLE DEL CAUCA","76001","CALI","0.008","KILOGRAMO"
"2014-01-10T00:00:00.000","13","BOLIVAR","13001","CARTAGENA DE INDIAS","0.052","KILOGRAMO"
"2014-01-10T00:00:00.000","76","VALLE DEL CAUCA","76001","CALI","0.004","KILOGRAMO"
"2014-01-10T00:00:00.000","66","RISARALDA","66001","PEREIRA","0.01","KILOGRAMO"
"2014-01-09T00:00:00.000","76","VALLE DEL CAUCA","76001","CALI","0.001","KILOGRAMO"
"2014-01-08T00:00:00.000","05","ANTIOQUIA","05212","COPACABANA","0.001","KILOGRAMO"
"2014-01-08T00:00:00.000","76","VALLE DEL CAUCA","76001","CALI","0.009","KILOGRAMO"
"2014-01-08T00:00:00.000","63","QUINDIO","63001","ARMENIA","0.001","KILOGRAMO"
"2014-01-07T00:00:00.000","76","VALLE DEL CAUCA","76001","CALI","0.001","KILOGRAMO"
"2014-01-07T00:00:00.000","54","NORTE DE SANTANDER","54001","CUCUTA","0.001","KILOGRAMO"
"2014-01-07T00:00:00.000","63","QUINDIO","63001","ARMENIA","0.002","KILOGRAMO"
"2014-01-07T00:00:00.000","17","CALDAS","17001","MANIZALES","0.005","KILOGRAMO"
"2014-01-07T00:00:00.000","66","RISARALDA","66170","DOSQUEBRADAS","0.151","KILOGRAMO"
"2014-01-07T00:00:00.000","76","VALLE DEL CAUCA","76497","OBANDO","0.002","KILOGRAMO"
"2014-01-06T00:00:00.000","76","VALLE DEL CAUCA","76001","CALI","0.014","KILOGRAMO"
"2014-01-06T00:00:00.000","05","ANTIOQUIA","05001","MEDELLIN","0.05","KILOGRAMO"
"2014-01-05T00:00:00.000","63","QUINDIO","63001","ARMENIA","0.001","KILOGRAMO"
"2014-01-05T00:00:00.000","54","NORTE DE SANTANDER","54001","CUCUTA","0.002","KILOGRAMO"
"2014-01-04T00:00:00.000","63","QUINDIO","63001","ARMENIA","0.006","KILOGRAMO"
"2014-01-03T00:00:00.000","76","VALLE DEL CAUCA","76001","CALI","0.002","KILOGRAMO"
"2014-01-02T00:00:00.000","76","VALLE DEL CAUCA","76001","CALI","3.1","KILOGRAMO"
"2013-12-31T00:00:00.000","66","RISARALDA","66170","DOSQUEBRADAS","0.001","KILOGRAMO"
"2013-12-31T00:00:00.000","08","ATLANTICO","08296","GALAPA","0.07","KILOGRAMO"
"2013-12-30T00:00:00.000","52","NARIÑO","52835","SAN ANDRES DE TUMACO","0.008","KILOGRAMO"
"2013-12-30T00:00:00.000","76","VALLE DEL CAUCA","76001","CALI","0.001","KILOGRAMO"
"2013-12-29T00:00:00.000","76","VALLE DEL CAUCA","76001","CALI","0.001","KILOGRAMO"
"2013-12-28T00:00:00.000","08","ATLANTICO","08296","GALAPA","0.05","KILOGRAMO"
"2013-12-28T00:00:00.000","66","RISARALDA","66001","PEREIRA","0.001","KILOGRAMO"
"2013-12-27T00:00:00.000","76","VALLE DEL CAUCA","76001","CALI","0.01","KILOGRAMO"
"2013-12-27T00:00:00.000","08","ATLANTICO","08296","GALAPA","0.05","KILOGRAMO"
"2013-12-26T00:00:00.000","76","VALLE DEL CAUCA","76001","CALI","0.013","KILOGRAMO"
"2013-12-25T00:00:00.000","76","VALLE DEL CAUCA","76001","CALI","0.005","KILOGRAMO"
"2013-12-24T00:00:00.000","05","ANTIOQUIA","05001","MEDELLIN","0.03","KILOGRAMO"
"2013-12-23T00:00:00.000","54","NORTE DE SANTANDER","54001","CUCUTA","0.0076","KILOGRAMO"
"2013-12-22T00:00:00.000","63","QUINDIO","63001","ARMENIA","0.856","KILOGRAMO"
"2013-12-21T00:00:00.000","19","CAUCA","19698","SANTANDER DE QUILICHAO","0.025","KILOGRAMO"
"2013-12-20T00:00:00.000","54","NORTE DE SANTANDER","54001","CUCUTA","0.005","KILOGRAMO"
"2013-12-20T00:00:00.000","76","VALLE DEL CAUCA","76001","CALI","0.002","KILOGRAMO"
"2013-12-18T00:00:00.000","54","NORTE DE SANTANDER","54001","CUCUTA","0.004","KILOGRAMO"
"2013-12-18T00:00:00.000","76","VALLE DEL CAUCA","76001","CALI","0.018","KILOGRAMO"
"2013-12-17T00:00:00.000","05","ANTIOQUIA","05088","BELLO","0.004","KILOGRAMO"
"2013-12-17T00:00:00.000","76","VALLE DEL CAUCA","76001","CALI","0.019","KILOGRAMO"
"2013-12-17T00:00:00.000","63","QUINDIO","63190","CIRCASIA","0.00026","KILOGRAMO"
"2013-12-17T00:00:00.000","08","ATLANTICO","08001","BARRANQUILLA","0.06","KILOGRAMO"
"2013-12-16T00:00:00.000","76","VALLE DEL CAUCA","76147","CARTAGO","5.008","KILOGRAMO"
"2013-12-16T00:00:00.000","08","ATLANTICO","08001","BARRANQUILLA","0.005","KILOGRAMO"
"2013-12-16T00:00:00.000","76","VALLE DEL CAUCA","76001","CALI","0.004","KILOGRAMO"
"2013-12-15T00:00:00.000","63","QUINDIO","63190","CIRCASIA","0.003","KILOGRAMO"
"2013-12-15T00:00:00.000","76","VALLE DEL CAUCA","76001","CALI","0.005","KILOGRAMO"
"2013-12-14T00:00:00.000","76","VALLE DEL CAUCA","76001","CALI","0.005","KILOGRAMO"
"2013-12-14T00:00:00.000","63","QUINDIO","63001","ARMENIA","0.03877","KILOGRAMO"
"2013-12-13T00:00:00.000","08","ATLANTICO","08001","BARRANQUILLA","0.185","KILOGRAMO"
"2013-12-12T00:00:00.000","76","VALLE DEL CAUCA","76001","CALI","0.002","KILOGRAMO"
"2013-12-12T00:00:00.000","63","QUINDIO","63190","CIRCASIA","0.0031","KILOGRAMO"
"2013-12-12T00:00:00.000","76","VALLE DEL CAUCA","76497","OBANDO","0.002","KILOGRAMO"
"2013-12-11T00:00:00.000","63","QUINDIO","63190","CIRCASIA","0.003","KILOGRAMO"
"2013-12-11T00:00:00.000","76","VALLE DEL CAUCA","76147","CARTAGO","0.001","KILOGRAMO"
"2013-12-11T00:00:00.000","76","VALLE DEL CAUCA","76001","CALI","0.001","KILOGRAMO"
"2013-12-10T00:00:00.000","76","VALLE DEL CAUCA","76001","CALI","0.001","KILOGRAMO"
"2013-12-10T00:00:00.000","05","ANTIOQUIA","05212","COPACABANA","0.035","KILOGRAMO"
"2013-12-09T00:00:00.000","76","VALLE DEL CAUCA","76001","CALI","0.002","KILOGRAMO"
"2013-12-08T00:00:00.000","76","VALLE DEL CAUCA","76001","CALI","0.012","KILOGRAMO"
"2013-12-08T00:00:00.000","08","ATLANTICO","08001","BARRANQUILLA","0.006","KILOGRAMO"
"2013-12-07T00:00:00.000","11","BOGOTA D.C.","11001","BOGOTA D.C.","0.944","KILOGRAMO"
"2013-12-06T00:00:00.000","76","VALLE DEL CAUCA","76001","CALI","0.005","KILOGRAMO"
"2013-12-05T00:00:00.000","76","VALLE DEL CAUCA","76001","CALI","0.012","KILOGRAMO"
"2013-12-04T00:00:00.000","63","QUINDIO","63001","ARMENIA","0.06396","KILOGRAMO"
"2013-12-04T00:00:00.000","76","VALLE DEL CAUCA","76001","CALI","0.003","KILOGRAMO"
"2013-12-03T00:00:00.000","76","VALLE DEL CAUCA","76001","CALI","0.006","KILOGRAMO"
"2013-12-02T00:00:00.000","76","VALLE DEL CAUCA","76001","CALI","0.001","KILOGRAMO"
"2013-11-30T00:00:00.000","08","ATLANTICO","08001","BARRANQUILLA","0.01","KILOGRAMO"
"2013-11-30T00:00:00.000","05","ANTIOQUIA","05001","MEDELLIN","0.08","KILOGRAMO"
"2013-11-29T00:00:00.000","76","VALLE DEL CAUCA","76001","CALI","0.005","KILOGRAMO"
"2013-11-28T00:00:00.000","76","VALLE DEL CAUCA","76497","OBANDO","0.001","KILOGRAMO"
"2013-11-28T00:00:00.000","76","VALLE DEL CAUCA","76001","CALI","0.01","KILOGRAMO"
"2013-11-27T00:00:00.000","76","VALLE DEL CAUCA","76001","CALI","0.011","KILOGRAMO"
"2013-11-27T00:00:00.000","20","CESAR","20621","LA PAZ","0.205","KILOGRAMO"
"2013-11-26T00:00:00.000","76","VALLE DEL CAUCA","76001","CALI","0.014","KILOGRAMO"
"2013-11-26T00:00:00.000","76","VALLE DEL CAUCA","76147","CARTAGO","0.002","KILOGRAMO"
"2013-11-25T00:00:00.000","05","ANTIOQUIA","05001","MEDELLIN","0.015","KILOGRAMO"
"2013-11-25T00:00:00.000","76","VALLE DEL CAUCA","76001","CALI","0.004","KILOGRAMO"
"2013-11-23T00:00:00.000","76","VALLE DEL CAUCA","76001","CALI","0.007","KILOGRAMO"
"2013-11-23T00:00:00.000","66","RISARALDA","66170","DOSQUEBRADAS","0.001","KILOGRAMO"
"2013-11-22T00:00:00.000","66","RISARALDA","66001","PEREIRA","0.001","KILOGRAMO"
"2013-11-22T00:00:00.000","76","VALLE DEL CAUCA","76001","CALI","0.006","KILOGRAMO"
"2013-11-21T00:00:00.000","54","NORTE DE SANTANDER","54001","CUCUTA","6.55","KILOGRAMO"
"2013-11-21T00:00:00.000","76","VALLE DEL CAUCA","76001","CALI","0.005","KILOGRAMO"
"2013-11-20T00:00:00.000","76","VALLE DEL CAUCA","76001","CALI","0.001","KILOGRAMO"
"2013-11-20T00:00:00.000","76","VALLE DEL CAUCA","76364","JAMUNDI","0.007","KILOGRAMO"
"2013-11-20T00:00:00.000","76","VALLE DEL CAUCA","76147","CARTAGO","0.003","KILOGRAMO"
"2013-11-19T00:00:00.000","76","VALLE DEL CAUCA","76001","CALI","0.009","KILOGRAMO"
"2013-11-19T00:00:00.000","63","QUINDIO","63001","ARMENIA","0.00078","KILOGRAMO"
"2013-11-18T00:00:00.000","76","VALLE DEL CAUCA","76520","PALMIRA","4.66","KILOGRAMO"
"2013-11-16T00:00:00.000","08","ATLANTICO","08001","BARRANQUILLA","0.005","KILOGRAMO"
"2013-11-16T00:00:00.000","76","VALLE DEL CAUCA","76001","CALI","0.006","KILOGRAMO"
"2013-11-16T00:00:00.000","63","QUINDIO","63001","ARMENIA","0.00923","KILOGRAMO"
"2013-11-16T00:00:00.000","76","VALLE DEL CAUCA","76497","OBANDO","0.001","KILOGRAMO"
"2013-11-15T00:00:00.000","05","ANTIOQUIA","05001","MEDELLIN","0.08","KILOGRAMO"
"2013-11-15T00:00:00.000","76","VALLE DEL CAUCA","76111","GUADALAJARA DE BUGA","0.002","KILOGRAMO"
"2013-11-15T00:00:00.000","76","VALLE DEL CAUCA","76001","CALI","0.004","KILOGRAMO"
"2013-11-15T00:00:00.000","63","QUINDIO","63001","ARMENIA","0.00015","KILOGRAMO"
"2013-11-14T00:00:00.000","05","ANTIOQUIA","05266","ENVIGADO","0.01","KILOGRAMO"
"2013-11-14T00:00:00.000","76","VALLE DEL CAUCA","76111","GUADALAJARA DE BUGA","0.001","KILOGRAMO"
"2013-11-14T00:00:00.000","76","VALLE DEL CAUCA","76001","CALI","0.01","KILOGRAMO"
"2013-11-14T00:00:00.000","13","BOLIVAR","13001","CARTAGENA DE INDIAS","1.112","KILOGRAMO"
"2013-11-13T00:00:00.000","76","VALLE DEL CAUCA","76001","CALI","0.012","KILOGRAMO"
"2013-11-13T00:00:00.000","63","QUINDIO","63001","ARMENIA","0.001","KILOGRAMO"
"2013-11-12T00:00:00.000","76","VALLE DEL CAUCA","76001","CALI","0.001","KILOGRAMO"
"2013-11-12T00:00:00.000","54","NORTE DE SANTANDER","54001","CUCUTA","0.004","KILOGRAMO"
"2013-11-11T00:00:00.000","76","VALLE DEL CAUCA","76001","CALI","0.001","KILOGRAMO"
"2013-11-11T00:00:00.000","05","ANTIOQUIA","05887","YARUMAL","0.01","KILOGRAMO"
"2013-11-11T00:00:00.000","66","RISARALDA","66001","PEREIRA","0.004","KILOGRAMO"
"2013-11-10T00:00:00.000","76","VALLE DEL CAUCA","76001","CALI","0.001","KILOGRAMO"
"2013-11-09T00:00:00.000","76","VALLE DEL CAUCA","76001","CALI","0.003","KILOGRAMO"
"2013-11-08T00:00:00.000","11","BOGOTA D.C.","11001","BOGOTA D.C.","0.38","KILOGRAMO"
"2013-11-08T00:00:00.000","05","ANTIOQUIA","05001","MEDELLIN","0.1","KILOGRAMO"
"2013-11-08T00:00:00.000","19","CAUCA","19698","SANTANDER DE QUILICHAO","0.0214","KILOGRAMO"
"2013-11-08T00:00:00.000","76","VALLE DEL CAUCA","76001","CALI","0.005","KILOGRAMO"
"2013-11-08T00:00:00.000","63","QUINDIO","63001","ARMENIA","0.001","KILOGRAMO"
"2013-11-08T00:00:00.000","76","VALLE DEL CAUCA","76111","GUADALAJARA DE BUGA","0.001","KILOGRAMO"
"2013-11-07T00:00:00.000","63","QUINDIO","63001","ARMENIA","0.002","KILOGRAMO"
"2013-11-07T00:00:00.000","76","VALLE DEL CAUCA","76001","CALI","0.018","KILOGRAMO"
"2013-11-07T00:00:00.000","76","VALLE DEL CAUCA","76497","OBANDO","0.002","KILOGRAMO"
"2013-11-06T00:00:00.000","52","NARIÑO","52356","IPIALES","0.895","KILOGRAMO"
"2013-11-06T00:00:00.000","08","ATLANTICO","08560","PONEDERA","0.002","KILOGRAMO"
"2013-11-06T00:00:00.000","66","RISARALDA","66170","DOSQUEBRADAS","0.032","KILOGRAMO"
"2013-11-06T00:00:00.000","76","VALLE DEL CAUCA","76111","GUADALAJARA DE BUGA","0.001","KILOGRAMO"
"2013-11-06T00:00:00.000","76","VALLE DEL CAUCA","76001","CALI","0.005","KILOGRAMO"
"2013-11-06T00:00:00.000","63","QUINDIO","63001","ARMENIA","0.001","KILOGRAMO"
"2013-11-05T00:00:00.000","76","VALLE DEL CAUCA","76001","CALI","0.013","KILOGRAMO"
"2013-11-05T00:00:00.000","54","NORTE DE SANTANDER","54001","CUCUTA","0.011","KILOGRAMO"
"2013-11-04T00:00:00.000","63","QUINDIO","63001","ARMENIA","0.00014","KILOGRAMO"
"2013-11-03T00:00:00.000","76","VALLE DEL CAUCA","76001","CALI","0.003","KILOGRAMO"
"2013-11-02T00:00:00.000","76","VALLE DEL CAUCA","76001","CALI","0.037","KILOGRAMO"
"2013-11-02T00:00:00.000","76","VALLE DEL CAUCA","76111","GUADALAJARA DE BUGA","0.003","KILOGRAMO"
"2013-11-02T00:00:00.000","66","RISARALDA","66170","DOSQUEBRADAS","0.002","KILOGRAMO"
"2013-11-01T00:00:00.000","76","VALLE DEL CAUCA","76497","OBANDO","0.002","KILOGRAMO"
"2013-11-01T00:00:00.000","76","VALLE DEL CAUCA","76001","CALI","0.002","KILOGRAMO"
"2013-10-31T00:00:00.000","76","VALLE DEL CAUCA","76111","GUADALAJARA DE BUGA","0.001","KILOGRAMO"
"2013-10-31T00:00:00.000","76","VALLE DEL CAUCA","76001","CALI","0.017","KILOGRAMO"
"2013-10-30T00:00:00.000","54","NORTE DE SANTANDER","54001","CUCUTA","0.019","KILOGRAMO"
"2013-10-30T00:00:00.000","76","VALLE DEL CAUCA","76111","GUADALAJARA DE BUGA","0.001","KILOGRAMO"
"2013-10-30T00:00:00.000","76","VALLE DEL CAUCA","76001","CALI","0.024","KILOGRAMO"
"2013-10-29T00:00:00.000","91","AMAZONAS","91001","LETICIA","8.1","KILOGRAMO"
"2013-10-29T00:00:00.000","76","VALLE DEL CAUCA","76001","CALI","0.034","KILOGRAMO"
"2013-10-29T00:00:00.000","54","NORTE DE SANTANDER","54001","CUCUTA","0.004","KILOGRAMO"
"2013-10-26T00:00:00.000","66","RISARALDA","66170","DOSQUEBRADAS","0.001","KILOGRAMO"
"2013-10-26T00:00:00.000","05","ANTIOQUIA","05615","RIONEGRO","1.525","KILOGRAMO"
"2013-10-26T00:00:00.000","76","VALLE DEL CAUCA","76001","CALI","0.023","KILOGRAMO"
"2013-10-25T00:00:00.000","66","RISARALDA","66001","PEREIRA","0.001","KILOGRAMO"
"2013-10-25T00:00:00.000","76","VALLE DEL CAUCA","76001","CALI","0.002","KILOGRAMO"
"2013-10-25T00:00:00.000","63","QUINDIO","63001","ARMENIA","0.008","KILOGRAMO"
"2013-10-24T00:00:00.000","05","ANTIOQUIA","05615","RIONEGRO","12.235","KILOGRAMO"
"2013-10-24T00:00:00.000","63","QUINDIO","63001","ARMENIA","0.001","KILOGRAMO"
"2013-10-24T00:00:00.000","76","VALLE DEL CAUCA","76111","GUADALAJARA DE BUGA","0.001","KILOGRAMO"
"2013-10-24T00:00:00.000","05","ANTIOQUIA","05001","MEDELLIN","0.01","KILOGRAMO"
"2013-10-23T00:00:00.000","05","ANTIOQUIA","05615","RIONEGRO","1.665","KILOGRAMO"
"2013-10-23T00:00:00.000","11","BOGOTA D.C.","11001","BOGOTA D.C.","3.4","KILOGRAMO"
"2013-10-23T00:00:00.000","76","VALLE DEL CAUCA","76001","CALI","0.001","KILOGRAMO"
"2013-10-23T00:00:00.000","05","ANTIOQUIA","05591","PUERTO TRIUNFO","0.5","KILOGRAMO"
"2013-10-22T00:00:00.000","63","QUINDIO","63001","ARMENIA","0.004","KILOGRAMO"
"2013-10-22T00:00:00.000","76","VALLE DEL CAUCA","76111","GUADALAJARA DE BUGA","0.001","KILOGRAMO"
"2013-10-21T00:00:00.000","76","VALLE DEL CAUCA","76111","GUADALAJARA DE BUGA","0.001","KILOGRAMO"
"2013-10-21T00:00:00.000","76","VALLE DEL CAUCA","76001","CALI","0.006","KILOGRAMO"
"2013-10-20T00:00:00.000","76","VALLE DEL CAUCA","76497","OBANDO","0.002","KILOGRAMO"
"2013-10-20T00:00:00.000","76","VALLE DEL CAUCA","76001","CALI","0.002","KILOGRAMO"
"2013-10-19T00:00:00.000","76","VALLE DEL CAUCA","76001","CALI","0.011","KILOGRAMO"
"2013-10-19T00:00:00.000","66","RISARALDA","66001","PEREIRA","0.001","KILOGRAMO"
"2013-10-19T00:00:00.000","52","NARIÑO","52110","BUESACO","3","KILOGRAMO"
"2013-10-18T00:00:00.000","63","QUINDIO","63001","ARMENIA","0.001","KILOGRAMO"
"2013-10-18T00:00:00.000","76","VALLE DEL CAUCA","76001","CALI","0.001","KILOGRAMO"
"2013-10-17T00:00:00.000","52","NARIÑO","52378","LA CRUZ","0.065","KILOGRAMO"
"2013-10-17T00:00:00.000","76","VALLE DEL CAUCA","76001","CALI","0.002","KILOGRAMO"
"2013-10-16T00:00:00.000","63","QUINDIO","63001","ARMENIA","0.00126","KILOGRAMO"
"2013-10-16T00:00:00.000","76","VALLE DEL CAUCA","76001","CALI","0.01","KILOGRAMO"
"2013-10-15T00:00:00.000","63","QUINDIO","63001","ARMENIA","0.00126","KILOGRAMO"
"2013-10-15T00:00:00.000","66","RISARALDA","66001","PEREIRA","0.001","KILOGRAMO"
"2013-10-15T00:00:00.000","76","VALLE DEL CAUCA","76001","CALI","0.002","KILOGRAMO"
"2013-10-14T00:00:00.000","76","VALLE DEL CAUCA","76001","CALI","0.008","KILOGRAMO"
"2013-10-14T00:00:00.000","66","RISARALDA","66001","PEREIRA","0.003","KILOGRAMO"
"2013-10-13T00:00:00.000","76","VALLE DEL CAUCA","76001","CALI","0.003","KILOGRAMO"
"2013-10-12T00:00:00.000","11","BOGOTA D.C.","11001","BOGOTA D.C.","4.615","KILOGRAMO"
"2013-10-12T00:00:00.000","76","VALLE DEL CAUCA","76001","CALI","0.001","KILOGRAMO"
"2013-10-12T00:00:00.000","05","ANTIOQUIA","05001","MEDELLIN","0.03","KILOGRAMO"
"2013-10-11T00:00:00.000","76","VALLE DEL CAUCA","76001","CALI","0.006","KILOGRAMO"
"2013-10-11T00:00:00.000","66","RISARALDA","66170","DOSQUEBRADAS","0.095","KILOGRAMO"
"2013-10-11T00:00:00.000","63","QUINDIO","63001","ARMENIA","0.001","KILOGRAMO"
"2013-10-10T00:00:00.000","63","QUINDIO","63212","CORDOBA","0.0069","KILOGRAMO"
"2013-10-10T00:00:00.000","76","VALLE DEL CAUCA","76001","CALI","0.005","KILOGRAMO"
"2013-10-10T00:00:00.000","05","ANTIOQUIA","05001","MEDELLIN","0.021","KILOGRAMO"
"2013-10-09T00:00:00.000","76","VALLE DEL CAUCA","76001","CALI","0.008","KILOGRAMO"
"2013-10-08T00:00:00.000","76","VALLE DEL CAUCA","76001","CALI","0.001","KILOGRAMO"
"2013-10-08T00:00:00.000","63","QUINDIO","63001","ARMENIA","0.00129","KILOGRAMO"
"2013-10-07T00:00:00.000","76","VALLE DEL CAUCA","76001","CALI","6.979","KILOGRAMO"
"2013-10-07T00:00:00.000","05","ANTIOQUIA","05001","MEDELLIN","0.06","KILOGRAMO"
"2013-10-06T00:00:00.000","08","ATLANTICO","08001","BARRANQUILLA","0.01","KILOGRAMO"
"2013-10-06T00:00:00.000","63","QUINDIO","63001","ARMENIA","0.001","KILOGRAMO"
"2013-10-05T00:00:00.000","76","VALLE DEL CAUCA","76497","OBANDO","0.003","KILOGRAMO"
"2013-10-05T00:00:00.000","66","RISARALDA","66170","DOSQUEBRADAS","0.002","KILOGRAMO"
"2013-10-05T00:00:00.000","76","VALLE DEL CAUCA","76041","ANSERMANUEVO","0.003","KILOGRAMO"
"2013-10-05T00:00:00.000","76","VALLE DEL CAUCA","76020","ALCALA","0.003","KILOGRAMO"
"2013-10-05T00:00:00.000","76","VALLE DEL CAUCA","76001","CALI","0.041","KILOGRAMO"
"2013-10-04T00:00:00.000","63","QUINDIO","63001","ARMENIA","0.00020","KILOGRAMO"
"2013-10-04T00:00:00.000","76","VALLE DEL CAUCA","76001","CALI","0.002","KILOGRAMO"
"2013-10-03T00:00:00.000","66","RISARALDA","66001","PEREIRA","0.001","KILOGRAMO"
"2013-10-03T00:00:00.000","76","VALLE DEL CAUCA","76001","CALI","0.003","KILOGRAMO"
"2013-10-03T00:00:00.000","63","QUINDIO","63001","ARMENIA","0.001","KILOGRAMO"
"2013-10-02T00:00:00.000","54","NORTE DE SANTANDER","54001","CUCUTA","9.326","KILOGRAMO"
"2013-10-02T00:00:00.000","52","NARIÑO","52258","EL TABLON DE GOMEZ","4","KILOGRAMO"
"2013-10-01T00:00:00.000","52","NARIÑO","52258","EL TABLON DE GOMEZ","19","KILOGRAMO"
"2013-10-01T00:00:00.000","66","RISARALDA","66001","PEREIRA","0.009","KILOGRAMO"
"2013-10-01T00:00:00.000","76","VALLE DEL CAUCA","76001","CALI","0.001","KILOGRAMO"
"2013-09-30T00:00:00.000","63","QUINDIO","63001","ARMENIA","0.001","KILOGRAMO"
"2013-09-29T00:00:00.000","76","VALLE DEL CAUCA","76001","CALI","0.007","KILOGRAMO"
"2013-09-28T00:00:00.000","66","RISARALDA","66170","DOSQUEBRADAS","0.003","KILOGRAMO"
"2013-09-28T00:00:00.000","63","QUINDIO","63001","ARMENIA","1.625","KILOGRAMO"
"2013-09-28T00:00:00.000","76","VALLE DEL CAUCA","76001","CALI","0.003","KILOGRAMO"
"2013-09-27T00:00:00.000","11","BOGOTA D.C.","11001","BOGOTA D.C.","1","KILOGRAMO"
"2013-09-27T00:00:00.000","76","VALLE DEL CAUCA","76001","CALI","0.012","KILOGRAMO"
"2013-09-26T00:00:00.000","76","VALLE DEL CAUCA","76001","CALI","0.003","KILOGRAMO"
"2013-09-26T00:00:00.000","05","ANTIOQUIA","05001","MEDELLIN","0.01","KILOGRAMO"
"2013-09-25T00:00:00.000","76","VALLE DEL CAUCA","76001","CALI","0.006","KILOGRAMO"
"2013-09-25T00:00:00.000","63","QUINDIO","63001","ARMENIA","0.00080","KILOGRAMO"
"2013-09-24T00:00:00.000","63","QUINDIO","63001","ARMENIA","0.001","KILOGRAMO"
"2013-09-24T00:00:00.000","54","NORTE DE SANTANDER","54001","CUCUTA","0.009","KILOGRAMO"
"2013-09-22T00:00:00.000","05","ANTIOQUIA","05001","MEDELLIN","0.03","KILOGRAMO"
"2013-09-21T00:00:00.000","66","RISARALDA","66001","PEREIRA","0.71","KILOGRAMO"
"2013-09-21T00:00:00.000","63","QUINDIO","63001","ARMENIA","0.0019","KILOGRAMO"
"2013-09-20T00:00:00.000","66","RISARALDA","66170","DOSQUEBRADAS","0.001","KILOGRAMO"
"2013-09-20T00:00:00.000","11","BOGOTA D.C.","11001","BOGOTA D.C.","4.955","KILOGRAMO"
"2013-09-20T00:00:00.000","76","VALLE DEL CAUCA","76001","CALI","0.001","KILOGRAMO"
"2013-09-19T00:00:00.000","76","VALLE DEL CAUCA","76147","CARTAGO","0.0018","KILOGRAMO"
"2013-09-19T00:00:00.000","52","NARIÑO","52001","PASTO","2.03","KILOGRAMO"
"2013-09-19T00:00:00.000","11","BOGOTA D.C.","11001","BOGOTA D.C.","4.955","KILOGRAMO"
"2013-09-19T00:00:00.000","54","NORTE DE SANTANDER","54001","CUCUTA","0.021","KILOGRAMO"
"2013-09-19T00:00:00.000","76","VALLE DEL CAUCA","76001","CALI","0.002","KILOGRAMO"
"2013-09-18T00:00:00.000","63","QUINDIO","63401","LA TEBAIDA","0.0214","KILOGRAMO"
"2013-09-17T00:00:00.000","76","VALLE DEL CAUCA","76001","CALI","0.001","KILOGRAMO"
"2013-09-17T00:00:00.000","54","NORTE DE SANTANDER","54001","CUCUTA","0.007","KILOGRAMO"
"2013-09-17T00:00:00.000","66","RISARALDA","66170","DOSQUEBRADAS","0.009","KILOGRAMO"
"2013-09-17T00:00:00.000","63","QUINDIO","63001","ARMENIA","0.00038","KILOGRAMO"
"2013-09-16T00:00:00.000","63","QUINDIO","63001","ARMENIA","0.00366","KILOGRAMO"
"2013-09-16T00:00:00.000","76","VALLE DEL CAUCA","76001","CALI","0.002","KILOGRAMO"
"2013-09-15T00:00:00.000","63","QUINDIO","63001","ARMENIA","0.0018","KILOGRAMO"
"2013-09-15T00:00:00.000","76","VALLE DEL CAUCA","76001","CALI","0.006","KILOGRAMO"
"2013-09-14T00:00:00.000","76","VALLE DEL CAUCA","76001","CALI","0.005","KILOGRAMO"
"2013-09-14T00:00:00.000","76","VALLE DEL CAUCA","76497","OBANDO","0.001","KILOGRAMO"
"2013-09-14T00:00:00.000","63","QUINDIO","63190","CIRCASIA","0.005","KILOGRAMO"
"2013-09-13T00:00:00.000","05","ANTIOQUIA","05001","MEDELLIN","0.008","KILOGRAMO"
"2013-09-13T00:00:00.000","76","VALLE DEL CAUCA","76001","CALI","0.002","KILOGRAMO"
"2013-09-12T00:00:00.000","66","RISARALDA","66170","DOSQUEBRADAS","0.005","KILOGRAMO"
"2013-09-12T00:00:00.000","76","VALLE DEL CAUCA","76001","CALI","0.001","KILOGRAMO"
"2013-09-11T00:00:00.000","66","RISARALDA","66001","PEREIRA","0.01","KILOGRAMO"
"2013-09-11T00:00:00.000","05","ANTIOQUIA","05001","MEDELLIN","0.06","KILOGRAMO"
"2013-09-11T00:00:00.000","54","NORTE DE SANTANDER","54001","CUCUTA","0.007","KILOGRAMO"
"2013-09-10T00:00:00.000","76","VALLE DEL CAUCA","76520","PALMIRA","1.005","KILOGRAMO"
"2013-09-10T00:00:00.000","52","NARIÑO","52612","RICAURTE","3.12","KILOGRAMO"
"2013-09-10T00:00:00.000","08","ATLANTICO","08001","BARRANQUILLA","2","KILOGRAMO"
"2013-09-09T00:00:00.000","76","VALLE DEL CAUCA","76001","CALI","0.008","KILOGRAMO"
"2013-09-08T00:00:00.000","66","RISARALDA","66170","DOSQUEBRADAS","0.001","KILOGRAMO"
"2013-09-08T00:00:00.000","19","CAUCA","19698","SANTANDER DE QUILICHAO","0.008","KILOGRAMO"
"2013-09-08T00:00:00.000","76","VALLE DEL CAUCA","76001","CALI","0.013","KILOGRAMO"
"2013-09-07T00:00:00.000","66","RISARALDA","66001","PEREIRA","0.001","KILOGRAMO"
"2013-09-07T00:00:00.000","76","VALLE DEL CAUCA","76001","CALI","0.009","KILOGRAMO"
"2013-09-05T00:00:00.000","76","VALLE DEL CAUCA","76147","CARTAGO","0.004","KILOGRAMO"
"2013-09-05T00:00:00.000","76","VALLE DEL CAUCA","76001","CALI","0.003","KILOGRAMO"
"2013-09-04T00:00:00.000","66","RISARALDA","66170","DOSQUEBRADAS","0.004","KILOGRAMO"
"2013-09-04T00:00:00.000","76","VALLE DEL CAUCA","76001","CALI","0.005","KILOGRAMO"
"2013-09-03T00:00:00.000","05","ANTIOQUIA","05001","MEDELLIN","0.06","KILOGRAMO"
"2013-09-03T00:00:00.000","76","VALLE DEL CAUCA","76001","CALI","0.005","KILOGRAMO"
"2013-09-03T00:00:00.000","63","QUINDIO","63001","ARMENIA","0.00108","KILOGRAMO"
"2013-09-02T00:00:00.000","05","ANTIOQUIA","05001","MEDELLIN","0.1","KILOGRAMO"
"2013-09-02T00:00:00.000","66","RISARALDA","66170","DOSQUEBRADAS","0.001","KILOGRAMO"
"2013-09-01T00:00:00.000","05","ANTIOQUIA","05001","MEDELLIN","0.015","KILOGRAMO"
"2013-08-31T00:00:00.000","76","VALLE DEL CAUCA","76001","CALI","0.002","KILOGRAMO"
"2013-08-31T00:00:00.000","08","ATLANTICO","08001","BARRANQUILLA","0.032","KILOGRAMO"
"2013-08-31T00:00:00.000","05","ANTIOQUIA","05001","MEDELLIN","0.04","KILOGRAMO"
"2013-08-31T00:00:00.000","66","RISARALDA","66170","DOSQUEBRADAS","0.015","KILOGRAMO"
"2013-08-30T00:00:00.000","54","NORTE DE SANTANDER","54001","CUCUTA","0.023","KILOGRAMO"
"2013-08-30T00:00:00.000","76","VALLE DEL CAUCA","76001","CALI","0.009","KILOGRAMO"
"2013-08-29T00:00:00.000","66","RISARALDA","66001","PEREIRA","0.063","KILOGRAMO"
"2013-08-29T00:00:00.000","54","NORTE DE SANTANDER","54001","CUCUTA","0.0015","KILOGRAMO"
"2013-08-29T00:00:00.000","63","QUINDIO","63001","ARMENIA","0.003","KILOGRAMO"
"2013-08-28T00:00:00.000","05","ANTIOQUIA","05079","BARBOSA","0.004","KILOGRAMO"
"2013-08-28T00:00:00.000","54","NORTE DE SANTANDER","54001","CUCUTA","0.012","KILOGRAMO"
"2013-08-28T00:00:00.000","76","VALLE DEL CAUCA","76001","CALI","0.006","KILOGRAMO"
"2013-08-28T00:00:00.000","08","ATLANTICO","08001","BARRANQUILLA","0.05","KILOGRAMO"
"2013-08-28T00:00:00.000","66","RISARALDA","66170","DOSQUEBRADAS","0.139","KILOGRAMO"
"2013-08-28T00:00:00.000","63","QUINDIO","63001","ARMENIA","0.07795","KILOGRAMO"
"2013-08-27T00:00:00.000","66","RISARALDA","66170","DOSQUEBRADAS","0.001","KILOGRAMO"
"2013-08-27T00:00:00.000","76","VALLE DEL CAUCA","76001","CALI","0.011","KILOGRAMO"
"2013-08-26T00:00:00.000","76","VALLE DEL CAUCA","76001","CALI","0.003","KILOGRAMO"
"2013-08-26T00:00:00.000","66","RISARALDA","66001","PEREIRA","5.35","KILOGRAMO"
"2013-08-26T00:00:00.000","63","QUINDIO","63001","ARMENIA","0.001","KILOGRAMO"
"2013-08-25T00:00:00.000","54","NORTE DE SANTANDER","54001","CUCUTA","0.005","KILOGRAMO"
"2013-08-24T00:00:00.000","76","VALLE DEL CAUCA","76001","CALI","0.002","KILOGRAMO"
"2013-08-24T00:00:00.000","66","RISARALDA","66170","DOSQUEBRADAS","0.008","KILOGRAMO"
"2013-08-24T00:00:00.000","05","ANTIOQUIA","05001","MEDELLIN","0.015","KILOGRAMO"
"2013-08-23T00:00:00.000","76","VALLE DEL CAUCA","76001","CALI","0.001","KILOGRAMO"
"2013-08-23T00:00:00.000","05","ANTIOQUIA","05615","RIONEGRO","0.679","KILOGRAMO"
"2013-08-22T00:00:00.000","66","RISARALDA","66001","PEREIRA","0.017","KILOGRAMO"
"2013-08-22T00:00:00.000","76","VALLE DEL CAUCA","76001","CALI","0.001","KILOGRAMO"
"2013-08-22T00:00:00.000","05","ANTIOQUIA","05001","MEDELLIN","0.001","KILOGRAMO"
"2013-08-20T00:00:00.000","66","RISARALDA","66001","PEREIRA","0.006","KILOGRAMO"
"2013-08-20T00:00:00.000","63","QUINDIO","63001","ARMENIA","0.00313","KILOGRAMO"
"2013-08-20T00:00:00.000","76","VALLE DEL CAUCA","76497","OBANDO","0.001","KILOGRAMO"
"2013-08-19T00:00:00.000","63","QUINDIO","63001","ARMENIA","0.12341","KILOGRAMO"
"2013-08-18T00:00:00.000","76","VALLE DEL CAUCA","76834","TULUA","0.51","KILOGRAMO"
"2013-08-17T00:00:00.000","76","VALLE DEL CAUCA","76001","CALI","0.002","KILOGRAMO"
"2013-08-17T00:00:00.000","66","RISARALDA","66001","PEREIRA","0.001","KILOGRAMO"
"2013-08-16T00:00:00.000","05","ANTIOQUIA","05001","MEDELLIN","0.01","KILOGRAMO"
"2013-08-15T00:00:00.000","66","RISARALDA","66001","PEREIRA","0.019","KILOGRAMO"
"2013-08-14T00:00:00.000","66","RISARALDA","66001","PEREIRA","0.009","KILOGRAMO"
"2013-08-14T00:00:00.000","63","QUINDIO","63001","ARMENIA","0.553","KILOGRAMO"
"2013-08-14T00:00:00.000","76","VALLE DEL CAUCA","76001","CALI","0.015","KILOGRAMO"
"2013-08-13T00:00:00.000","63","QUINDIO","63001","ARMENIA","0.001","KILOGRAMO"
"2013-08-12T00:00:00.000","54","NORTE DE SANTANDER","54001","CUCUTA","0.004","KILOGRAMO"
"2013-08-12T00:00:00.000","76","VALLE DEL CAUCA","76147","CARTAGO","0.001","KILOGRAMO"
"2013-08-12T00:00:00.000","76","VALLE DEL CAUCA","76001","CALI","0.008","KILOGRAMO"
"2013-08-12T00:00:00.000","63","QUINDIO","63001","ARMENIA","0.001","KILOGRAMO"
"2013-08-11T00:00:00.000","66","RISARALDA","66001","PEREIRA","0.001","KILOGRAMO"
"2013-08-11T00:00:00.000","76","VALLE DEL CAUCA","76001","CALI","0.03","KILOGRAMO"
"2013-08-10T00:00:00.000","08","ATLANTICO","08001","BARRANQUILLA","0.005","KILOGRAMO"
"2013-08-10T00:00:00.000","66","RISARALDA","66001","PEREIRA","0.021","KILOGRAMO"
"2013-08-10T00:00:00.000","54","NORTE DE SANTANDER","54001","CUCUTA","0.005","KILOGRAMO"
"2013-08-10T00:00:00.000","76","VALLE DEL CAUCA","76001","CALI","0.001","KILOGRAMO"
"2013-08-09T00:00:00.000","76","VALLE DEL CAUCA","76001","CALI","0.002","KILOGRAMO"
"2013-08-09T00:00:00.000","66","RISARALDA","66170","DOSQUEBRADAS","0.007","KILOGRAMO"
"2013-08-09T00:00:00.000","76","VALLE DEL CAUCA","76497","OBANDO","0.001","KILOGRAMO"
"2013-08-08T00:00:00.000","19","CAUCA","19698","SANTANDER DE QUILICHAO","0.004","KILOGRAMO"
"2013-08-08T00:00:00.000","76","VALLE DEL CAUCA","76001","CALI","0.005","KILOGRAMO"
"2013-08-08T00:00:00.000","63","QUINDIO","63001","ARMENIA","0.001","KILOGRAMO"
"2013-08-08T00:00:00.000","66","RISARALDA","66170","DOSQUEBRADAS","0.037","KILOGRAMO"
"2013-08-08T00:00:00.000","66","RISARALDA","66001","PEREIRA","0.913","KILOGRAMO"
"2013-08-07T00:00:00.000","05","ANTIOQUIA","05001","MEDELLIN","0.06","KILOGRAMO"
"2013-08-07T00:00:00.000","63","QUINDIO","63001","ARMENIA","0.001","KILOGRAMO"
"2013-08-06T00:00:00.000","76","VALLE DEL CAUCA","76001","CALI","0.002","KILOGRAMO"
"2013-08-05T00:00:00.000","05","ANTIOQUIA","05079","BARBOSA","0.003","KILOGRAMO"
"2013-08-05T00:00:00.000","11","BOGOTA D.C.","11001","BOGOTA D.C.","0.03","KILOGRAMO"
"2013-08-05T00:00:00.000","84005","FLORIDA","8400501","MIAMI","1.651","KILOGRAMO"
"2013-08-05T00:00:00.000","19","CAUCA","19573","PUERTO TEJADA","0.001","KILOGRAMO"
"2013-08-04T00:00:00.000","66","RISARALDA","66170","DOSQUEBRADAS","0.002","KILOGRAMO"
"2013-08-04T00:00:00.000","66","RISARALDA","66001","PEREIRA","0.002","KILOGRAMO"
"2013-08-03T00:00:00.000","66","RISARALDA","66170","DOSQUEBRADAS","0.001","KILOGRAMO"
"2013-08-03T00:00:00.000","76","VALLE DEL CAUCA","76001","CALI","0.004","KILOGRAMO"
"2013-08-02T00:00:00.000","54","NORTE DE SANTANDER","54001","CUCUTA","0.001","KILOGRAMO"
"2013-08-02T00:00:00.000","63","QUINDIO","63001","ARMENIA","0.00152","KILOGRAMO"
"2013-08-02T00:00:00.000","76","VALLE DEL CAUCA","76001","CALI","0.002","KILOGRAMO"
"2013-08-02T00:00:00.000","66","RISARALDA","66170","DOSQUEBRADAS","0.018","KILOGRAMO"
"2013-08-01T00:00:00.000","76","VALLE DEL CAUCA","76001","CALI","0.002","KILOGRAMO"
"2013-07-31T00:00:00.000","66","RISARALDA","66170","DOSQUEBRADAS","0.14","KILOGRAMO"
"2013-07-31T00:00:00.000","76","VALLE DEL CAUCA","76001","CALI","0.004","KILOGRAMO"
"2013-07-30T00:00:00.000","76","VALLE DEL CAUCA","76001","CALI","0.004","KILOGRAMO"
"2013-07-30T00:00:00.000","52","NARIÑO","52356","IPIALES","0.997","KILOGRAMO"
"2013-07-30T00:00:00.000","66","RISARALDA","66170","DOSQUEBRADAS","0.001","KILOGRAMO"
"2013-07-30T00:00:00.000","66","RISARALDA","66001","PEREIRA","0.002","KILOGRAMO"
"2013-07-30T00:00:00.000","63","QUINDIO","63001","ARMENIA","0.001","KILOGRAMO"
"2013-07-29T00:00:00.000","66","RISARALDA","66170","DOSQUEBRADAS","0.002","KILOGRAMO"
"2013-07-27T00:00:00.000","76","VALLE DEL CAUCA","76001","CALI","0.003","KILOGRAMO"
"2013-07-27T00:00:00.000","66","RISARALDA","66170","DOSQUEBRADAS","0.002","KILOGRAMO"
"2013-07-26T00:00:00.000","66","RISARALDA","66170","DOSQUEBRADAS","0.001","KILOGRAMO"
"2013-07-26T00:00:00.000","76","VALLE DEL CAUCA","76001","CALI","0.006","KILOGRAMO"
"2013-07-26T00:00:00.000","54","NORTE DE SANTANDER","54001","CUCUTA","0.002","KILOGRAMO"
"2013-07-26T00:00:00.000","08","ATLANTICO","08758","SOLEDAD","3","KILOGRAMO"
"2013-07-26T00:00:00.000","08","ATLANTICO","08001","BARRANQUILLA","0.035","KILOGRAMO"
"2013-07-25T00:00:00.000","76","VALLE DEL CAUCA","76001","CALI","0.002","KILOGRAMO"
"2013-07-25T00:00:00.000","66","RISARALDA","66001","PEREIRA","0.01","KILOGRAMO"
"2013-07-24T00:00:00.000","76","VALLE DEL CAUCA","76001","CALI","0.002","KILOGRAMO"
"2013-07-24T00:00:00.000","08","ATLANTICO","08137","CAMPO DE LA CRUZ","0.003","KILOGRAMO"
"2013-07-24T00:00:00.000","66","RISARALDA","66170","DOSQUEBRADAS","0.003","KILOGRAMO"
"2013-07-23T00:00:00.000","66","RISARALDA","66001","PEREIRA","0.001","KILOGRAMO"
"2013-07-23T00:00:00.000","54","NORTE DE SANTANDER","54001","CUCUTA","0.006","KILOGRAMO"
"2013-07-22T00:00:00.000","63","QUINDIO","63001","ARMENIA","0.002","KILOGRAMO"
"2013-07-20T00:00:00.000","66","RISARALDA","66001","PEREIRA","0.02","KILOGRAMO"
"2013-07-20T00:00:00.000","76","VALLE DEL CAUCA","76001","CALI","0.002","KILOGRAMO"
"2013-07-19T00:00:00.000","76","VALLE DEL CAUCA","76497","OBANDO","0.007","KILOGRAMO"
"2013-07-18T00:00:00.000","76","VALLE DEL CAUCA","76001","CALI","0.032","KILOGRAMO"
"2013-07-18T00:00:00.000","63","QUINDIO","63001","ARMENIA","0.001","KILOGRAMO"
"2013-07-18T00:00:00.000","76","VALLE DEL CAUCA","76497","OBANDO","0.004","KILOGRAMO"
"2013-07-18T00:00:00.000","66","RISARALDA","66170","DOSQUEBRADAS","0.001","KILOGRAMO"
"2013-07-17T00:00:00.000","76","VALLE DEL CAUCA","76497","OBANDO","0.005","KILOGRAMO"
"2013-07-17T00:00:00.000","66","RISARALDA","66001","PEREIRA","0.01","KILOGRAMO"
"2013-07-17T00:00:00.000","19","CAUCA","19022","ALMAGUER","3","KILOGRAMO"
"2013-07-17T00:00:00.000","76","VALLE DEL CAUCA","76001","CALI","0.006","KILOGRAMO"
"2013-07-16T00:00:00.000","05","ANTIOQUIA","05079","BARBOSA","0.002","KILOGRAMO"
"2013-07-16T00:00:00.000","76","VALLE DEL CAUCA","76001","CALI","0.01","KILOGRAMO"
"2013-07-16T00:00:00.000","76","VALLE DEL CAUCA","76497","OBANDO","0.004","KILOGRAMO"
"2013-07-16T00:00:00.000","08","ATLANTICO","08001","BARRANQUILLA","2.2","KILOGRAMO"
"2013-07-16T00:00:00.000","11","BOGOTA D.C.","11001","BOGOTA D.C.","10.89","KILOGRAMO"
"2013-07-15T00:00:00.000","05","ANTIOQUIA","05631","SABANETA","0.002","KILOGRAMO"
"2013-07-14T00:00:00.000","76","VALLE DEL CAUCA","76147","CARTAGO","0.011","KILOGRAMO"
"2013-07-13T00:00:00.000","08","ATLANTICO","08421","LURUACO","0.001","KILOGRAMO"
"2013-07-12T00:00:00.000","18801","COSTA RICA","1880101","COSTA RICA","4","KILOGRAMO"
"2013-07-12T00:00:00.000","66","RISARALDA","66001","PEREIRA","0.003","KILOGRAMO"
"2013-07-12T00:00:00.000","76","VALLE DEL CAUCA","76497","OBANDO","0.002","KILOGRAMO"
"2013-07-12T00:00:00.000","76","VALLE DEL CAUCA","76001","CALI","0.001","KILOGRAMO"
"2013-07-11T00:00:00.000","54","NORTE DE SANTANDER","54001","CUCUTA","0.003","KILOGRAMO"
"2013-07-11T00:00:00.000","05","ANTIOQUIA","05079","BARBOSA","0.009","KILOGRAMO"
"2013-07-11T00:00:00.000","76","VALLE DEL CAUCA","76001","CALI","0.009","KILOGRAMO"
"2013-07-11T00:00:00.000","66","RISARALDA","66001","PEREIRA","0.01","KILOGRAMO"
"2013-07-11T00:00:00.000","76","VALLE DEL CAUCA","76497","OBANDO","0.003","KILOGRAMO"
"2013-07-10T00:00:00.000","66","RISARALDA","66001","PEREIRA","0.02","KILOGRAMO"
"2013-07-10T00:00:00.000","63","QUINDIO","63001","ARMENIA","0.001","KILOGRAMO"
"2013-07-10T00:00:00.000","66","RISARALDA","66170","DOSQUEBRADAS","0.025","KILOGRAMO"
"2013-07-10T00:00:00.000","76","VALLE DEL CAUCA","76001","CALI","0.002","KILOGRAMO"
"2013-07-09T00:00:00.000","76","VALLE DEL CAUCA","76020","ALCALA","0.004","KILOGRAMO"
"2013-07-09T00:00:00.000","05","ANTIOQUIA","05380","LA ESTRELLA","0.003","KILOGRAMO"
"2013-07-07T00:00:00.000","63","QUINDIO","63001","ARMENIA","0.001","KILOGRAMO"
"2013-07-07T00:00:00.000","76","VALLE DEL CAUCA","76147","CARTAGO","0.003","KILOGRAMO"
"2013-07-06T00:00:00.000","76","VALLE DEL CAUCA","76147","CARTAGO","0.002","KILOGRAMO"
"2013-07-06T00:00:00.000","76","VALLE DEL CAUCA","76001","CALI","0.00050","KILOGRAMO"
"2013-07-05T00:00:00.000","76","VALLE DEL CAUCA","76001","CALI","0.002","KILOGRAMO"
"2013-07-05T00:00:00.000","63","QUINDIO","63001","ARMENIA","0.001","KILOGRAMO"
"2013-07-05T00:00:00.000","66","RISARALDA","66170","DOSQUEBRADAS","0.018","KILOGRAMO"
"2013-07-04T00:00:00.000","76","VALLE DEL CAUCA","76001","CALI","0.001","KILOGRAMO"
"2013-07-04T00:00:00.000","66","RISARALDA","66170","DOSQUEBRADAS","0.05","KILOGRAMO"
"2013-07-03T00:00:00.000","66","RISARALDA","66170","DOSQUEBRADAS","0.036","KILOGRAMO"
"2013-07-03T00:00:00.000","63","QUINDIO","63001","ARMENIA","0.566","KILOGRAMO"
"2013-07-03T00:00:00.000","66","RISARALDA","66001","PEREIRA","0.002","KILOGRAMO"
"2013-07-03T00:00:00.000","05","ANTIOQUIA","05079","BARBOSA","0.007","KILOGRAMO"
"2013-07-02T00:00:00.000","76","VALLE DEL CAUCA","76001","CALI","0.005","KILOGRAMO"
"2013-07-02T00:00:00.000","08","ATLANTICO","08001","BARRANQUILLA","0.002","KILOGRAMO"
"2013-07-01T00:00:00.000","66","RISARALDA","66170","DOSQUEBRADAS","0.001","KILOGRAMO"
"2013-07-01T00:00:00.000","63","QUINDIO","63001","ARMENIA","0.001","KILOGRAMO"
"2013-06-30T00:00:00.000","63","QUINDIO","63001","ARMENIA","0.00070","KILOGRAMO"
"2013-06-29T00:00:00.000","76","VALLE DEL CAUCA","76001","CALI","0.01","KILOGRAMO"
"2013-06-28T00:00:00.000","66","RISARALDA","66170","DOSQUEBRADAS","0.1","KILOGRAMO"
"2013-06-28T00:00:00.000","76","VALLE DEL CAUCA","76001","CALI","0.008","KILOGRAMO"
"2013-06-28T00:00:00.000","52","NARIÑO","52786","TAMINANGO","0.007","KILOGRAMO"
"2013-06-27T00:00:00.000","05","ANTIOQUIA","05615","RIONEGRO","1.25","KILOGRAMO"
"2013-06-27T00:00:00.000","76","VALLE DEL CAUCA","76001","CALI","0.003","KILOGRAMO"
"2013-06-27T00:00:00.000","08","ATLANTICO","08001","BARRANQUILLA","0.002","KILOGRAMO"
"2013-06-27T00:00:00.000","66","RISARALDA","66170","DOSQUEBRADAS","0.1","KILOGRAMO"
"2013-06-26T00:00:00.000","63","QUINDIO","63001","ARMENIA","0.001","KILOGRAMO"
"2013-06-26T00:00:00.000","66","RISARALDA","66001","PEREIRA","0.025","KILOGRAMO"
"2013-06-26T00:00:00.000","66","RISARALDA","66088","BELEN DE UMBRIA","0.002","KILOGRAMO"
"2013-06-25T00:00:00.000","66","RISARALDA","66001","PEREIRA","0.034","KILOGRAMO"
"2013-06-25T00:00:00.000","76","VALLE DEL CAUCA","76001","CALI","0.004","KILOGRAMO"
"2013-06-24T00:00:00.000","63","QUINDIO","63001","ARMENIA","0.002","KILOGRAMO"
"2013-06-24T00:00:00.000","66","RISARALDA","66170","DOSQUEBRADAS","0.002","KILOGRAMO"
"2013-06-23T00:00:00.000","76","VALLE DEL CAUCA","76001","CALI","0.014","KILOGRAMO"
"2013-06-23T00:00:00.000","63","QUINDIO","63001","ARMENIA","0.00342","KILOGRAMO"
"2013-06-23T00:00:00.000","19","CAUCA","19698","SANTANDER DE QUILICHAO","0.02","KILOGRAMO"
"2013-06-23T00:00:00.000","66","RISARALDA","66170","DOSQUEBRADAS","0.001","KILOGRAMO"
"2013-06-22T00:00:00.000","76","VALLE DEL CAUCA","76001","CALI","0.002","KILOGRAMO"
"2013-06-21T00:00:00.000","76","VALLE DEL CAUCA","76001","CALI","0.009","KILOGRAMO"
"2013-06-21T00:00:00.000","08","ATLANTICO","08001","BARRANQUILLA","0.35","KILOGRAMO"
"2013-06-21T00:00:00.000","66","RISARALDA","66170","DOSQUEBRADAS","0.211","KILOGRAMO"
"2013-06-20T00:00:00.000","76","VALLE DEL CAUCA","76001","CALI","0.003","KILOGRAMO"
"2013-06-20T00:00:00.000","66","RISARALDA","66001","PEREIRA","0.004","KILOGRAMO"
"2013-06-20T00:00:00.000","76","VALLE DEL CAUCA","76497","OBANDO","0.003","KILOGRAMO"
"2013-06-19T00:00:00.000","76","VALLE DEL CAUCA","76001","CALI","0.002","KILOGRAMO"
"2013-06-19T00:00:00.000","66","RISARALDA","66001","PEREIRA","0.002","KILOGRAMO"
"2013-06-19T00:00:00.000","63","QUINDIO","63001","ARMENIA","0.00227","KILOGRAMO"
"2013-06-18T00:00:00.000","76","VALLE DEL CAUCA","76001","CALI","0.007","KILOGRAMO"
"2013-06-18T00:00:00.000","66","RISARALDA","66170","DOSQUEBRADAS","0.001","KILOGRAMO"
"2013-06-18T00:00:00.000","66","RISARALDA","66001","PEREIRA","0.002","KILOGRAMO"
"2013-06-17T00:00:00.000","63","QUINDIO","63001","ARMENIA","0.002","KILOGRAMO"
"2013-06-16T00:00:00.000","66","RISARALDA","66001","PEREIRA","0.003","KILOGRAMO"
"2013-06-16T00:00:00.000","63","QUINDIO","63001","ARMENIA","0.001","KILOGRAMO"
"2013-06-16T00:00:00.000","76","VALLE DEL CAUCA","76130","CANDELARIA","0.102","KILOGRAMO"
"2013-06-16T00:00:00.000","11","BOGOTA D.C.","11001","BOGOTA D.C.","0.02","KILOGRAMO"
"2013-06-16T00:00:00.000","76","VALLE DEL CAUCA","76001","CALI","0.007","KILOGRAMO"
"2013-06-15T00:00:00.000","76","VALLE DEL CAUCA","76001","CALI","0.002","KILOGRAMO"
"2013-06-15T00:00:00.000","66","RISARALDA","66088","BELEN DE UMBRIA","0.006","KILOGRAMO"
"2013-06-15T00:00:00.000","66","RISARALDA","66170","DOSQUEBRADAS","0.001","KILOGRAMO"
"2013-06-15T00:00:00.000","13","BOLIVAR","13001","CARTAGENA DE INDIAS","3.546","KILOGRAMO"
"2013-06-14T00:00:00.000","63","QUINDIO","63001","ARMENIA","0.001","KILOGRAMO"
"2013-06-14T00:00:00.000","76","VALLE DEL CAUCA","76001","CALI","0.001","KILOGRAMO"
"2013-06-13T00:00:00.000","76","VALLE DEL CAUCA","76001","CALI","0.001","KILOGRAMO"
"2013-06-13T00:00:00.000","11","BOGOTA D.C.","11001","BOGOTA D.C.","0.82","KILOGRAMO"
"2013-06-13T00:00:00.000","63","QUINDIO","63001","ARMENIA","0.001","KILOGRAMO"
"2013-06-13T00:00:00.000","66","RISARALDA","66170","DOSQUEBRADAS","0.002","KILOGRAMO"
"2013-06-13T00:00:00.000","76","VALLE DEL CAUCA","76147","CARTAGO","0.02","KILOGRAMO"
"2013-06-13T00:00:00.000","08","ATLANTICO","08638","SABANALARGA","0.001","KILOGRAMO"
"2013-06-13T00:00:00.000","25","CUNDINAMARCA","25175","CHIA","5.085","KILOGRAMO"
"2013-06-12T00:00:00.000","76","VALLE DEL CAUCA","76147","CARTAGO","0.004","KILOGRAMO"
"2013-06-12T00:00:00.000","66","RISARALDA","66001","PEREIRA","0.017","KILOGRAMO"
"2013-06-12T00:00:00.000","05","ANTIOQUIA","05001","MEDELLIN","7.2","KILOGRAMO"
"2013-06-12T00:00:00.000","52","NARIÑO","52001","PASTO","1.273","KILOGRAMO"
"2013-06-11T00:00:00.000","76","VALLE DEL CAUCA","76001","CALI","0.002","KILOGRAMO"
"2013-06-10T00:00:00.000","63","QUINDIO","63001","ARMENIA","0.001","KILOGRAMO"
"2013-06-10T00:00:00.000","66","RISARALDA","66170","DOSQUEBRADAS","0.001","KILOGRAMO"
"2013-06-10T00:00:00.000","19","CAUCA","19698","SANTANDER DE QUILICHAO","0.001","KILOGRAMO"
"2013-06-10T00:00:00.000","76","VALLE DEL CAUCA","76001","CALI","0.004","KILOGRAMO"
"2013-06-09T00:00:00.000","66","RISARALDA","66170","DOSQUEBRADAS","0.004","KILOGRAMO"
"2013-06-09T00:00:00.000","08","ATLANTICO","08685","SANTO TOMAS","0.002","KILOGRAMO"
"2013-06-09T00:00:00.000","76","VALLE DEL CAUCA","76001","CALI","0.002","KILOGRAMO"
"2013-06-09T00:00:00.000","19","CAUCA","19698","SANTANDER DE QUILICHAO","0.004","KILOGRAMO"
"2013-06-08T00:00:00.000","76","VALLE DEL CAUCA","76001","CALI","0.011","KILOGRAMO"
"2013-06-08T00:00:00.000","63","QUINDIO","63001","ARMENIA","0.001","KILOGRAMO"
"2013-06-07T00:00:00.000","08","ATLANTICO","08001","BARRANQUILLA","0.028","KILOGRAMO"
"2013-06-07T00:00:00.000","19","CAUCA","19698","SANTANDER DE QUILICHAO","1","KILOGRAMO"
"2013-06-07T00:00:00.000","76","VALLE DEL CAUCA","76001","CALI","0.002","KILOGRAMO"
"2013-06-07T00:00:00.000","63","QUINDIO","63001","ARMENIA","0.42","KILOGRAMO"
"2013-06-06T00:00:00.000","66","RISARALDA","66170","DOSQUEBRADAS","0.001","KILOGRAMO"
"2013-06-06T00:00:00.000","66","RISARALDA","66001","PEREIRA","0.011","KILOGRAMO"
"2013-06-06T00:00:00.000","76","VALLE DEL CAUCA","76497","OBANDO","0.002","KILOGRAMO"
"2013-06-06T00:00:00.000","76","VALLE DEL CAUCA","76001","CALI","0.006","KILOGRAMO"
"2013-06-05T00:00:00.000","76","VALLE DEL CAUCA","76001","CALI","0.005","KILOGRAMO"
"2013-06-05T00:00:00.000","66","RISARALDA","66001","PEREIRA","0.006","KILOGRAMO"
"2013-06-05T00:00:00.000","66","RISARALDA","66170","DOSQUEBRADAS","0.001","KILOGRAMO"
"2013-06-04T00:00:00.000","66","RISARALDA","66001","PEREIRA","0.05","KILOGRAMO"
"2013-06-04T00:00:00.000","76","VALLE DEL CAUCA","76147","CARTAGO","0.0025","KILOGRAMO"
"2013-06-04T00:00:00.000","66","RISARALDA","66170","DOSQUEBRADAS","0.001","KILOGRAMO"
"2013-06-03T00:00:00.000","11","BOGOTA D.C.","11001","BOGOTA D.C.","0.005","KILOGRAMO"
"2013-06-03T00:00:00.000","76","VALLE DEL CAUCA","76001","CALI","0.004","KILOGRAMO"
"2013-06-02T00:00:00.000","63","QUINDIO","63001","ARMENIA","0.001","KILOGRAMO"
"2013-06-01T00:00:00.000","76","VALLE DEL CAUCA","76001","CALI","0.005","KILOGRAMO"
"2013-06-01T00:00:00.000","66","RISARALDA","66170","DOSQUEBRADAS","0.002","KILOGRAMO"
"2013-06-01T00:00:00.000","19","CAUCA","19698","SANTANDER DE QUILICHAO","0.0011","KILOGRAMO"
"2013-06-01T00:00:00.000","63","QUINDIO","63001","ARMENIA","0.001","KILOGRAMO"
"2013-06-01T00:00:00.000","66","RISARALDA","66001","PEREIRA","0.161","KILOGRAMO"
"2013-05-31T00:00:00.000","63","QUINDIO","63001","ARMENIA","0.001","KILOGRAMO"
"2013-05-31T00:00:00.000","41","HUILA","41001","NEIVA","0.365","KILOGRAMO"
"2013-05-31T00:00:00.000","54","NORTE DE SANTANDER","54001","CUCUTA","0.011","KILOGRAMO"
"2013-05-31T00:00:00.000","76","VALLE DEL CAUCA","76001","CALI","0.001","KILOGRAMO"
"2013-05-31T00:00:00.000","66","RISARALDA","66170","DOSQUEBRADAS","0.001","KILOGRAMO"
"2013-05-31T00:00:00.000","66","RISARALDA","66001","PEREIRA","0.004","KILOGRAMO"
"2013-05-30T00:00:00.000","08","ATLANTICO","08001","BARRANQUILLA","0.077","KILOGRAMO"
"2013-05-29T00:00:00.000","19","CAUCA","19698","SANTANDER DE QUILICHAO","0.0023","KILOGRAMO"
"2013-05-29T00:00:00.000","52","NARIÑO","52838","TUQUERRES","0.8","KILOGRAMO"
"2013-05-29T00:00:00.000","63","QUINDIO","63001","ARMENIA","0.001","KILOGRAMO"
"2013-05-29T00:00:00.000","66","RISARALDA","66170","DOSQUEBRADAS","0.003","KILOGRAMO"
"2013-05-29T00:00:00.000","76","VALLE DEL CAUCA","76001","CALI","0.034","KILOGRAMO"
"2013-05-28T00:00:00.000","76","VALLE DEL CAUCA","76497","OBANDO","0.003","KILOGRAMO"
"2013-05-27T00:00:00.000","63","QUINDIO","63001","ARMENIA","0.001","KILOGRAMO"
"2013-05-27T00:00:00.000","76","VALLE DEL CAUCA","76001","CALI","0.002","KILOGRAMO"
"2013-05-27T00:00:00.000","54","NORTE DE SANTANDER","54001","CUCUTA","0.008","KILOGRAMO"
"2013-05-27T00:00:00.000","20","CESAR","20238","EL COPEY","0.203","KILOGRAMO"
"2013-05-26T00:00:00.000","76","VALLE DEL CAUCA","76001","CALI","0.008","KILOGRAMO"
"2013-05-26T00:00:00.000","11","BOGOTA D.C.","11001","BOGOTA D.C.","1.55","KILOGRAMO"
"2013-05-25T00:00:00.000","66","RISARALDA","66170","DOSQUEBRADAS","0.003","KILOGRAMO"
"2013-05-25T00:00:00.000","63","QUINDIO","63001","ARMENIA","0.001","KILOGRAMO"
"2013-05-24T00:00:00.000","66","RISARALDA","66001","PEREIRA","0.004","KILOGRAMO"
"2013-05-24T00:00:00.000","76","VALLE DEL CAUCA","76001","CALI","0.002","KILOGRAMO"
"2013-05-24T00:00:00.000","63","QUINDIO","63001","ARMENIA","0.00271","KILOGRAMO"
"2013-05-23T00:00:00.000","54","NORTE DE SANTANDER","54001","CUCUTA","0.003","KILOGRAMO"
"2013-05-23T00:00:00.000","66","RISARALDA","66001","PEREIRA","0.01","KILOGRAMO"
"2013-05-23T00:00:00.000","76","VALLE DEL CAUCA","76147","CARTAGO","0.004","KILOGRAMO"
"2013-05-23T00:00:00.000","52","NARIÑO","52356","IPIALES","3.014","KILOGRAMO"
"2013-05-22T00:00:00.000","66","RISARALDA","66170","DOSQUEBRADAS","0.002","KILOGRAMO"
"2013-05-22T00:00:00.000","54","NORTE DE SANTANDER","54001","CUCUTA","0.0028","KILOGRAMO"
"2013-05-21T00:00:00.000","54","NORTE DE SANTANDER","54001","CUCUTA","5","KILOGRAMO"
"2013-05-21T00:00:00.000","76","VALLE DEL CAUCA","76001","CALI","0.006","KILOGRAMO"
"2013-05-21T00:00:00.000","08","ATLANTICO","08520","PALMAR DE VARELA","0.001","KILOGRAMO"
"2013-05-20T00:00:00.000","76","VALLE DEL CAUCA","76001","CALI","0.001","KILOGRAMO"
"2013-05-20T00:00:00.000","66","RISARALDA","66170","DOSQUEBRADAS","0.003","KILOGRAMO"
"2013-05-18T00:00:00.000","76","VALLE DEL CAUCA","76001","CALI","0.008","KILOGRAMO"
"2013-05-17T00:00:00.000","63","QUINDIO","63001","ARMENIA","0.049","KILOGRAMO"
"2013-05-17T00:00:00.000","66","RISARALDA","66001","PEREIRA","0.015","KILOGRAMO"
"2013-05-17T00:00:00.000","76","VALLE DEL CAUCA","76001","CALI","0.002","KILOGRAMO"
"2013-05-16T00:00:00.000","76","VALLE DEL CAUCA","76001","CALI","0.008","KILOGRAMO"
"2013-05-16T00:00:00.000","66","RISARALDA","66170","DOSQUEBRADAS","0.001","KILOGRAMO"
"2013-05-15T00:00:00.000","63","QUINDIO","63001","ARMENIA","0.001","KILOGRAMO"
"2013-05-15T00:00:00.000","08","ATLANTICO","08001","BARRANQUILLA","0.181","KILOGRAMO"
"2013-05-15T00:00:00.000","76","VALLE DEL CAUCA","76001","CALI","0.00080","KILOGRAMO"
"2013-05-14T00:00:00.000","66","RISARALDA","66170","DOSQUEBRADAS","0.001","KILOGRAMO"
"2013-05-14T00:00:00.000","63","QUINDIO","63001","ARMENIA","0.01506","KILOGRAMO"
"2013-05-14T00:00:00.000","76","VALLE DEL CAUCA","76001","CALI","0.007","KILOGRAMO"
"2013-05-12T00:00:00.000","11","BOGOTA D.C.","11001","BOGOTA D.C.","0.576","KILOGRAMO"
"2013-05-12T00:00:00.000","76","VALLE DEL CAUCA","76001","CALI","0.002","KILOGRAMO"
"2013-05-12T00:00:00.000","63","QUINDIO","63001","ARMENIA","0.00664","KILOGRAMO"
"2013-05-12T00:00:00.000","66","RISARALDA","66170","DOSQUEBRADAS","0.001","KILOGRAMO"
"2013-05-11T00:00:00.000","76","VALLE DEL CAUCA","76001","CALI","0.004","KILOGRAMO"
"2013-05-11T00:00:00.000","66","RISARALDA","66170","DOSQUEBRADAS","0.001","KILOGRAMO"
"2013-05-10T00:00:00.000","66","RISARALDA","66170","DOSQUEBRADAS","0.125","KILOGRAMO"
"2013-05-10T00:00:00.000","76","VALLE DEL CAUCA","76001","CALI","0.004","KILOGRAMO"
"2013-05-09T00:00:00.000","66","RISARALDA","66001","PEREIRA","0.02","KILOGRAMO"
"2013-05-09T00:00:00.000","63","QUINDIO","63001","ARMENIA","0.001","KILOGRAMO"
"2013-05-08T00:00:00.000","66","RISARALDA","66170","DOSQUEBRADAS","0.002","KILOGRAMO"
"2013-05-08T00:00:00.000","76","VALLE DEL CAUCA","76001","CALI","0.002","KILOGRAMO"
"2013-05-08T00:00:00.000","63","QUINDIO","63001","ARMENIA","0.002","KILOGRAMO"
"2013-05-07T00:00:00.000","66","RISARALDA","66001","PEREIRA","0.01","KILOGRAMO"
"2013-05-07T00:00:00.000","11","BOGOTA D.C.","11001","BOGOTA D.C.","4.628","KILOGRAMO"
"2013-05-07T00:00:00.000","63","QUINDIO","63001","ARMENIA","0.001","KILOGRAMO"
"2013-05-07T00:00:00.000","76","VALLE DEL CAUCA","76497","OBANDO","0.002","KILOGRAMO"
"2013-05-07T00:00:00.000","76","VALLE DEL CAUCA","76001","CALI","0.00090","KILOGRAMO"
"2013-05-06T00:00:00.000","66","RISARALDA","66594","QUINCHIA","0.002","KILOGRAMO"
"2013-05-06T00:00:00.000","76","VALLE DEL CAUCA","76001","CALI","0.004","KILOGRAMO"
"2013-05-05T00:00:00.000","05","ANTIOQUIA","05212","COPACABANA","0.012","KILOGRAMO"
"2013-05-05T00:00:00.000","66","RISARALDA","66456","MISTRATO","0.001","KILOGRAMO"
"2013-05-05T00:00:00.000","66","RISARALDA","66170","DOSQUEBRADAS","0.001","KILOGRAMO"
"2013-05-04T00:00:00.000","66","RISARALDA","66170","DOSQUEBRADAS","0.001","KILOGRAMO"
"2013-05-04T00:00:00.000","63","QUINDIO","63001","ARMENIA","0.002","KILOGRAMO"
"2013-05-04T00:00:00.000","76","VALLE DEL CAUCA","76001","CALI","0.004","KILOGRAMO"
"2013-05-03T00:00:00.000","76","VALLE DEL CAUCA","76001","CALI","0.007","KILOGRAMO"
"2013-05-03T00:00:00.000","66","RISARALDA","66170","DOSQUEBRADAS","0.001","KILOGRAMO"
"2013-05-02T00:00:00.000","08","ATLANTICO","08001","BARRANQUILLA","0.005","KILOGRAMO"
"2013-05-02T00:00:00.000","66","RISARALDA","66001","PEREIRA","0.004","KILOGRAMO"
"2013-05-02T00:00:00.000","20","CESAR","20228","CURUMANI","0.005","KILOGRAMO"
"2013-05-02T00:00:00.000","66","RISARALDA","66170","DOSQUEBRADAS","0.022","KILOGRAMO"
"2013-05-02T00:00:00.000","25","CUNDINAMARCA","25754","SOACHA","0.01","KILOGRAMO"
"2013-05-02T00:00:00.000","76","VALLE DEL CAUCA","76497","OBANDO","0.002","KILOGRAMO"
"2013-05-02T00:00:00.000","63","QUINDIO","63001","ARMENIA","0.014","KILOGRAMO"
"2013-05-01T00:00:00.000","66","RISARALDA","66170","DOSQUEBRADAS","0.002","KILOGRAMO"
"2013-05-01T00:00:00.000","76","VALLE DEL CAUCA","76001","CALI","0.0014","KILOGRAMO"
"2013-05-01T00:00:00.000","08","ATLANTICO","08001","BARRANQUILLA","0.015","KILOGRAMO"
"2013-04-30T00:00:00.000","63","QUINDIO","63212","CORDOBA","0.001","KILOGRAMO"
"2013-04-30T00:00:00.000","63","QUINDIO","63001","ARMENIA","0.40746","KILOGRAMO"
"2013-04-30T00:00:00.000","66","RISARALDA","66001","PEREIRA","0.002","KILOGRAMO"
"2013-04-30T00:00:00.000","19","CAUCA","19698","SANTANDER DE QUILICHAO","0.002","KILOGRAMO"
"2013-04-29T00:00:00.000","63","QUINDIO","63001","ARMENIA","0.35418","KILOGRAMO"
"2013-04-29T00:00:00.000","05","ANTIOQUIA","05001","MEDELLIN","0.8009","KILOGRAMO"
"2013-04-29T00:00:00.000","66","RISARALDA","66170","DOSQUEBRADAS","0.002","KILOGRAMO"
"2013-04-29T00:00:00.000","20","CESAR","20228","CURUMANI","0.005","KILOGRAMO"
"2013-04-29T00:00:00.000","66","RISARALDA","66001","PEREIRA","0.003","KILOGRAMO"
"2013-04-28T00:00:00.000","76","VALLE DEL CAUCA","76001","CALI","0.016","KILOGRAMO"
"2013-04-28T00:00:00.000","63","QUINDIO","63001","ARMENIA","0.001","KILOGRAMO"
"2013-04-27T00:00:00.000","63","QUINDIO","63001","ARMENIA","0.18386","KILOGRAMO"
"2013-04-27T00:00:00.000","08","ATLANTICO","08001","BARRANQUILLA","0.005","KILOGRAMO"
"2013-04-27T00:00:00.000","11","BOGOTA D.C.","11001","BOGOTA D.C.","1","KILOGRAMO"
"2013-04-27T00:00:00.000","76","VALLE DEL CAUCA","76001","CALI","0.011","KILOGRAMO"
"2013-04-26T00:00:00.000","66","RISARALDA","66001","PEREIRA","0.018","KILOGRAMO"
"2013-04-26T00:00:00.000","76","VALLE DEL CAUCA","76001","CALI","0.009","KILOGRAMO"
"2013-04-26T00:00:00.000","63","QUINDIO","63001","ARMENIA","0.001","KILOGRAMO"
"2013-04-25T00:00:00.000","20","CESAR","20550","PELAYA","0.005","KILOGRAMO"
"2013-04-25T00:00:00.000","63","QUINDIO","63001","ARMENIA","0.001","KILOGRAMO"
"2013-04-25T00:00:00.000","66","RISARALDA","66001","PEREIRA","0.094","KILOGRAMO"
"2013-04-25T00:00:00.000","76","VALLE DEL CAUCA","76001","CALI","0.002","KILOGRAMO"
"2013-04-25T00:00:00.000","19","CAUCA","19698","SANTANDER DE QUILICHAO","0.009","KILOGRAMO"
"2013-04-25T00:00:00.000","66","RISARALDA","66170","DOSQUEBRADAS","0.002","KILOGRAMO"
"2013-04-24T00:00:00.000","76","VALLE DEL CAUCA","76001","CALI","0.012","KILOGRAMO"
"2013-04-24T00:00:00.000","66","RISARALDA","66170","DOSQUEBRADAS","0.001","KILOGRAMO"
"2013-04-24T00:00:00.000","54","NORTE DE SANTANDER","54001","CUCUTA","0.0048","KILOGRAMO"
"2013-04-24T00:00:00.000","66","RISARALDA","66001","PEREIRA","0.067","KILOGRAMO"
"2013-04-23T00:00:00.000","15","BOYACA","15238","DUITAMA","0.005","KILOGRAMO"
"2013-04-23T00:00:00.000","63","QUINDIO","63001","ARMENIA","0.001","KILOGRAMO"
"2013-04-23T00:00:00.000","66","RISARALDA","66170","DOSQUEBRADAS","0.304","KILOGRAMO"
"2013-04-22T00:00:00.000","08","ATLANTICO","08001","BARRANQUILLA","0.007","KILOGRAMO"
"2013-04-22T00:00:00.000","20","CESAR","20175","CHIMICHAGUA","0.005","KILOGRAMO"
"2013-04-22T00:00:00.000","20","CESAR","20614","RIO DE ORO","0.006","KILOGRAMO"
"2013-04-22T00:00:00.000","76","VALLE DEL CAUCA","76001","CALI","1.27","KILOGRAMO"
"2013-04-22T00:00:00.000","54","NORTE DE SANTANDER","54001","CUCUTA","0.0085","KILOGRAMO"
"2013-04-22T00:00:00.000","63","QUINDIO","63001","ARMENIA","0.001","KILOGRAMO"
"2013-04-22T00:00:00.000","66","RISARALDA","66170","DOSQUEBRADAS","0.001","KILOGRAMO"
"2013-04-21T00:00:00.000","66","RISARALDA","66170","DOSQUEBRADAS","0.002","KILOGRAMO"
"2013-04-21T00:00:00.000","54","NORTE DE SANTANDER","54001","CUCUTA","0.007","KILOGRAMO"
"2013-04-21T00:00:00.000","63","QUINDIO","63001","ARMENIA","0.001","KILOGRAMO"
"2013-04-21T00:00:00.000","76","VALLE DEL CAUCA","76001","CALI","0.002","KILOGRAMO"
"2013-04-20T00:00:00.000","05","ANTIOQUIA","05001","MEDELLIN","0.003","KILOGRAMO"
"2013-04-20T00:00:00.000","54","NORTE DE SANTANDER","54001","CUCUTA","0.003","KILOGRAMO"
"2013-04-20T00:00:00.000","20","CESAR","20550","PELAYA","0.005","KILOGRAMO"
"2013-04-20T00:00:00.000","63","QUINDIO","63001","ARMENIA","0.04861","KILOGRAMO"
"2013-04-20T00:00:00.000","76","VALLE DEL CAUCA","76736","SEVILLA","1.126","KILOGRAMO"
"2013-04-19T00:00:00.000","66","RISARALDA","66170","DOSQUEBRADAS","0.003","KILOGRAMO"
"2013-04-19T00:00:00.000","66","RISARALDA","66001","PEREIRA","0.005","KILOGRAMO"
"2013-04-19T00:00:00.000","66","RISARALDA","66440","MARSELLA","0.018","KILOGRAMO"
"2013-04-19T00:00:00.000","76","VALLE DEL CAUCA","76001","CALI","0.002","KILOGRAMO"
"2013-04-19T00:00:00.000","66","RISARALDA","66045","APIA","0.002","KILOGRAMO"
"2013-04-18T00:00:00.000","66","RISARALDA","66001","PEREIRA","0.002","KILOGRAMO"
"2013-04-18T00:00:00.000","63","QUINDIO","63001","ARMENIA","0.001","KILOGRAMO"
"2013-04-18T00:00:00.000","20","CESAR","20001","VALLEDUPAR","0.005","KILOGRAMO"
"2013-04-17T00:00:00.000","76","VALLE DEL CAUCA","76001","CALI","0.005","KILOGRAMO"
"2013-04-17T00:00:00.000","20","CESAR","20550","PELAYA","0.005","KILOGRAMO"
"2013-04-16T00:00:00.000","20","CESAR","20614","RIO DE ORO","0.01","KILOGRAMO"
"2013-04-16T00:00:00.000","63","QUINDIO","63001","ARMENIA","0.00178","KILOGRAMO"
"2013-04-16T00:00:00.000","66","RISARALDA","66170","DOSQUEBRADAS","0.002","KILOGRAMO"
"2013-04-16T00:00:00.000","76","VALLE DEL CAUCA","76001","CALI","0.006","KILOGRAMO"
"2013-04-15T00:00:00.000","66","RISARALDA","66001","PEREIRA","0.001","KILOGRAMO"
"2013-04-15T00:00:00.000","76","VALLE DEL CAUCA","76497","OBANDO","0.002","KILOGRAMO"
"2013-04-14T00:00:00.000","76","VALLE DEL CAUCA","76001","CALI","0.002","KILOGRAMO"
"2013-04-14T00:00:00.000","54","NORTE DE SANTANDER","54001","CUCUTA","0.004","KILOGRAMO"
"2013-04-13T00:00:00.000","19","CAUCA","19698","SANTANDER DE QUILICHAO","0.0035","KILOGRAMO"
"2013-04-13T00:00:00.000","05","ANTIOQUIA","05697","EL SANTUARIO","0.015","KILOGRAMO"
"2013-04-13T00:00:00.000","76","VALLE DEL CAUCA","76001","CALI","0.004","KILOGRAMO"
"2013-04-13T00:00:00.000","63","QUINDIO","63001","ARMENIA","0.001","KILOGRAMO"
"2013-04-12T00:00:00.000","66","RISARALDA","66001","PEREIRA","0.068","KILOGRAMO"
"2013-04-12T00:00:00.000","76","VALLE DEL CAUCA","76845","ULLOA","0.003","KILOGRAMO"
"2013-04-12T00:00:00.000","66","RISARALDA","66170","DOSQUEBRADAS","0.006","KILOGRAMO"
"2013-04-12T00:00:00.000","63","QUINDIO","63001","ARMENIA","0.001","KILOGRAMO"
"2013-04-12T00:00:00.000","11","BOGOTA D.C.","11001","BOGOTA D.C.","0.03","KILOGRAMO"
"2013-04-11T00:00:00.000","76","VALLE DEL CAUCA","76001","CALI","0.018","KILOGRAMO"
"2013-04-11T00:00:00.000","66","RISARALDA","66682","SANTA ROSA DE CABAL","0.001","KILOGRAMO"
"2013-04-11T00:00:00.000","66","RISARALDA","66001","PEREIRA","0.296","KILOGRAMO"
"2013-04-10T00:00:00.000","66","RISARALDA","66170","DOSQUEBRADAS","0.004","KILOGRAMO"
"2013-04-10T00:00:00.000","66","RISARALDA","66001","PEREIRA","0.002","KILOGRAMO"
"2013-04-10T00:00:00.000","63","QUINDIO","63001","ARMENIA","0.002","KILOGRAMO"
"2013-04-10T00:00:00.000","76","VALLE DEL CAUCA","76001","CALI","0.01","KILOGRAMO"
"2013-04-09T00:00:00.000","52","NARIÑO","52385","LA LLANADA","6","KILOGRAMO"
"2013-04-09T00:00:00.000","76","VALLE DEL CAUCA","76001","CALI","0.003","KILOGRAMO"
"2013-04-08T00:00:00.000","63","QUINDIO","63001","ARMENIA","0.003","KILOGRAMO"
"2013-04-08T00:00:00.000","63","QUINDIO","63690","SALENTO","0.0294","KILOGRAMO"
"2013-04-08T00:00:00.000","66","RISARALDA","66001","PEREIRA","0.145","KILOGRAMO"
"2013-04-08T00:00:00.000","66","RISARALDA","66170","DOSQUEBRADAS","0.003","KILOGRAMO"
"2013-04-08T00:00:00.000","76","VALLE DEL CAUCA","76001","CALI","0.009","KILOGRAMO"
"2013-04-08T00:00:00.000","63","QUINDIO","63401","LA TEBAIDA","0.0065","KILOGRAMO"
"2013-04-07T00:00:00.000","66","RISARALDA","66170","DOSQUEBRADAS","0.002","KILOGRAMO"
"2013-04-07T00:00:00.000","52","NARIÑO","52540","POLICARPA","0.002","KILOGRAMO"
"2013-04-07T00:00:00.000","76","VALLE DEL CAUCA","76001","CALI","0.012","KILOGRAMO"
"2013-04-07T00:00:00.000","76","VALLE DEL CAUCA","76497","OBANDO","0.002","KILOGRAMO"
"2013-04-06T00:00:00.000","63","QUINDIO","63001","ARMENIA","0.014","KILOGRAMO"
"2013-04-06T00:00:00.000","54","NORTE DE SANTANDER","54001","CUCUTA","0.009","KILOGRAMO"
"2013-04-06T00:00:00.000","11","BOGOTA D.C.","11001","BOGOTA D.C.","2.245","KILOGRAMO"
"2013-04-06T00:00:00.000","76","VALLE DEL CAUCA","76001","CALI","0.014","KILOGRAMO"
"2013-04-06T00:00:00.000","76","VALLE DEL CAUCA","76147","CARTAGO","0.002","KILOGRAMO"
"2013-04-05T00:00:00.000","63","QUINDIO","63001","ARMENIA","0.002","KILOGRAMO"
"2013-04-05T00:00:00.000","66","RISARALDA","66170","DOSQUEBRADAS","0.001","KILOGRAMO"
"2013-04-05T00:00:00.000","05","ANTIOQUIA","05088","BELLO","0.007","KILOGRAMO"
"2013-04-05T00:00:00.000","66","RISARALDA","66001","PEREIRA","0.15","KILOGRAMO"
"2013-04-05T00:00:00.000","76","VALLE DEL CAUCA","76001","CALI","0.005","KILOGRAMO"
"2013-04-04T00:00:00.000","63","QUINDIO","63190","CIRCASIA","0.005","KILOGRAMO"
"2013-04-04T00:00:00.000","76","VALLE DEL CAUCA","76001","CALI","0.003","KILOGRAMO"
"2013-04-04T00:00:00.000","63","QUINDIO","63001","ARMENIA","0.001","KILOGRAMO"
"2013-04-04T00:00:00.000","76","VALLE DEL CAUCA","76497","OBANDO","0.002","KILOGRAMO"
"2013-04-04T00:00:00.000","66","RISARALDA","66170","DOSQUEBRADAS","0.002","KILOGRAMO"
"2013-04-03T00:00:00.000","11","BOGOTA D.C.","11001","BOGOTA D.C.","0.03","KILOGRAMO"
"2013-04-03T00:00:00.000","63","QUINDIO","63001","ARMENIA","0.001","KILOGRAMO"
"2013-04-02T00:00:00.000","08","ATLANTICO","08638","SABANALARGA","0.001","KILOGRAMO"
"2013-04-02T00:00:00.000","76","VALLE DEL CAUCA","76001","CALI","0.001","KILOGRAMO"
"2013-04-02T00:00:00.000","63","QUINDIO","63001","ARMENIA","1.26935","KILOGRAMO"
"2013-04-01T00:00:00.000","63","QUINDIO","63001","ARMENIA","0.00058","KILOGRAMO"
"2013-04-01T00:00:00.000","66","RISARALDA","66170","DOSQUEBRADAS","0.016","KILOGRAMO"
"2013-03-31T00:00:00.000","76","VALLE DEL CAUCA","76001","CALI","0.004","KILOGRAMO"
"2013-03-31T00:00:00.000","63","QUINDIO","63001","ARMENIA","0.002","KILOGRAMO"
"2013-03-30T00:00:00.000","76","VALLE DEL CAUCA","76001","CALI","0.0032","KILOGRAMO"
"2013-03-29T00:00:00.000","08","ATLANTICO","08001","BARRANQUILLA","0.003","KILOGRAMO"
"2013-03-28T00:00:00.000","76","VALLE DEL CAUCA","76001","CALI","0.004","KILOGRAMO"
"2013-03-28T00:00:00.000","05","ANTIOQUIA","05001","MEDELLIN","0.04","KILOGRAMO"
"2013-03-28T00:00:00.000","54","NORTE DE SANTANDER","54001","CUCUTA","0.002","KILOGRAMO"
"2013-03-27T00:00:00.000","81","ARAUCA","81001","ARAUCA","0.006","KILOGRAMO"
"2013-03-27T00:00:00.000","66","RISARALDA","66001","PEREIRA","0.002","KILOGRAMO"
"2013-03-27T00:00:00.000","52","NARIÑO","52051","ARBOLEDA","0.09","KILOGRAMO"
"2013-03-27T00:00:00.000","63","QUINDIO","63001","ARMENIA","0.005","KILOGRAMO"
"2013-03-26T00:00:00.000","66","RISARALDA","66383","LA CELIA","0.052","KILOGRAMO"
"2013-03-26T00:00:00.000","08","ATLANTICO","08638","SABANALARGA","0.003","KILOGRAMO"
"2013-03-26T00:00:00.000","76","VALLE DEL CAUCA","76001","CALI","0.002","KILOGRAMO"
"2013-03-25T00:00:00.000","63","QUINDIO","63001","ARMENIA","0.001","KILOGRAMO"
"2013-03-25T00:00:00.000","76","VALLE DEL CAUCA","76001","CALI","0.003","KILOGRAMO"
"2013-03-24T00:00:00.000","66","RISARALDA","66001","PEREIRA","0.004","KILOGRAMO"
"2013-03-23T00:00:00.000","63","QUINDIO","63001","ARMENIA","0.001","KILOGRAMO"
"2013-03-23T00:00:00.000","05","ANTIOQUIA","05615","RIONEGRO","0.001","KILOGRAMO"
"2013-03-23T00:00:00.000","76","VALLE DEL CAUCA","76001","CALI","0.005","KILOGRAMO"
"2013-03-22T00:00:00.000","66","RISARALDA","66001","PEREIRA","0.008","KILOGRAMO"
"2013-03-22T00:00:00.000","05","ANTIOQUIA","05001","MEDELLIN","0.25","KILOGRAMO"
"2013-03-22T00:00:00.000","66","RISARALDA","66170","DOSQUEBRADAS","0.001","KILOGRAMO"
"2013-03-22T00:00:00.000","63","QUINDIO","63001","ARMENIA","1.43","KILOGRAMO"
"2013-03-22T00:00:00.000","76","VALLE DEL CAUCA","76001","CALI","0.006","KILOGRAMO"
"2013-03-21T00:00:00.000","20","CESAR","20614","RIO DE ORO","0.022","KILOGRAMO"
"2013-03-21T00:00:00.000","76","VALLE DEL CAUCA","76001","CALI","0.009","KILOGRAMO"
"2013-03-21T00:00:00.000","20","CESAR","20250","EL PASO","0.007","KILOGRAMO"
"2013-03-21T00:00:00.000","20","CESAR","20443","MANAURE BALCON DEL CESAR","0.006","KILOGRAMO"
"2013-03-21T00:00:00.000","20","CESAR","20032","ASTREA","0.005","KILOGRAMO"
"2013-03-21T00:00:00.000","20","CESAR","20001","VALLEDUPAR","0.005","KILOGRAMO"
"2013-03-21T00:00:00.000","20","CESAR","20550","PELAYA","0.005","KILOGRAMO"
"2013-03-21T00:00:00.000","20","CESAR","20228","CURUMANI","0.002","KILOGRAMO"
"2013-03-21T00:00:00.000","20","CESAR","20383","LA GLORIA","0.005","KILOGRAMO"
"2013-03-21T00:00:00.000","66","RISARALDA","66001","PEREIRA","0.008","KILOGRAMO"
"2013-03-20T00:00:00.000","66","RISARALDA","66170","DOSQUEBRADAS","0.003","KILOGRAMO"
"2013-03-20T00:00:00.000","76","VALLE DEL CAUCA","76001","CALI","0.005","KILOGRAMO"
"2013-03-20T00:00:00.000","19","CAUCA","19548","PIENDAMO - TUNIA","3","KILOGRAMO"
"2013-03-19T00:00:00.000","76","VALLE DEL CAUCA","76001","CALI","0.004","KILOGRAMO"
"2013-03-19T00:00:00.000","76","VALLE DEL CAUCA","76520","PALMIRA","0.21","KILOGRAMO"
"2013-03-19T00:00:00.000","66","RISARALDA","66170","DOSQUEBRADAS","0.089","KILOGRAMO"
"2013-03-18T00:00:00.000","08","ATLANTICO","08001","BARRANQUILLA","0.002","KILOGRAMO"
"2013-03-18T00:00:00.000","63","QUINDIO","63001","ARMENIA","0.002","KILOGRAMO"
"2013-03-18T00:00:00.000","76","VALLE DEL CAUCA","76001","CALI","0.006","KILOGRAMO"
"2013-03-18T00:00:00.000","19","CAUCA","19698","SANTANDER DE QUILICHAO","0.014","KILOGRAMO"
"2013-03-17T00:00:00.000","66","RISARALDA","66001","PEREIRA","0.03","KILOGRAMO"
"2013-03-17T00:00:00.000","76","VALLE DEL CAUCA","76001","CALI","0.002","KILOGRAMO"
"2013-03-17T00:00:00.000","76","VALLE DEL CAUCA","76109","BUENAVENTURA","10","KILOGRAMO"
"2013-03-17T00:00:00.000","66","RISARALDA","66170","DOSQUEBRADAS","0.003","KILOGRAMO"
"2013-03-16T00:00:00.000","76","VALLE DEL CAUCA","76001","CALI","0.003","KILOGRAMO"
"2013-03-16T00:00:00.000","66","RISARALDA","66170","DOSQUEBRADAS","0.019","KILOGRAMO"
"2013-03-15T00:00:00.000","76","VALLE DEL CAUCA","76001","CALI","0.007","KILOGRAMO"
"2013-03-15T00:00:00.000","66","RISARALDA","66001","PEREIRA","0.01","KILOGRAMO"
"2013-03-14T00:00:00.000","19","CAUCA","19001","POPAYAN","5.96","KILOGRAMO"
"2013-03-14T00:00:00.000","66","RISARALDA","66001","PEREIRA","0.05","KILOGRAMO"
"2013-03-14T00:00:00.000","76","VALLE DEL CAUCA","76497","OBANDO","0.003","KILOGRAMO"
"2013-03-14T00:00:00.000","63","QUINDIO","63001","ARMENIA","0.001","KILOGRAMO"
"2013-03-14T00:00:00.000","66","RISARALDA","66170","DOSQUEBRADAS","0.011","KILOGRAMO"
"2013-03-14T00:00:00.000","52","NARIÑO","52240","CHACHAGÜI","0.025","KILOGRAMO"
"2013-03-14T00:00:00.000","76","VALLE DEL CAUCA","76001","CALI","0.003","KILOGRAMO"
"2013-03-13T00:00:00.000","63","QUINDIO","63001","ARMENIA","0.001","KILOGRAMO"
"2013-03-13T00:00:00.000","19","CAUCA","19698","SANTANDER DE QUILICHAO","0.0042","KILOGRAMO"
"2013-03-13T00:00:00.000","52","NARIÑO","52110","BUESACO","18.57","KILOGRAMO"
"2013-03-13T00:00:00.000","76","VALLE DEL CAUCA","76001","CALI","0.004","KILOGRAMO"
"2013-03-13T00:00:00.000","66","RISARALDA","66001","PEREIRA","0.081","KILOGRAMO"
"2013-03-13T00:00:00.000","54","NORTE DE SANTANDER","54001","CUCUTA","2.26","KILOGRAMO"
"2013-03-12T00:00:00.000","05","ANTIOQUIA","05001","MEDELLIN","0.03","KILOGRAMO"
"2013-03-12T00:00:00.000","63","QUINDIO","63001","ARMENIA","0.037","KILOGRAMO"
"2013-03-12T00:00:00.000","08","ATLANTICO","08001","BARRANQUILLA","0.019","KILOGRAMO"
"2013-03-11T00:00:00.000","76","VALLE DEL CAUCA","76001","CALI","0.004","KILOGRAMO"
"2013-03-11T00:00:00.000","66","RISARALDA","66001","PEREIRA","0.002","KILOGRAMO"
"2013-03-11T00:00:00.000","54","NORTE DE SANTANDER","54001","CUCUTA","0.0077","KILOGRAMO"
"2013-03-11T00:00:00.000","66","RISARALDA","66170","DOSQUEBRADAS","0.003","KILOGRAMO"
"2013-03-11T00:00:00.000","05","ANTIOQUIA","05001","MEDELLIN","0.04","KILOGRAMO"
"2013-03-11T00:00:00.000","11","BOGOTA D.C.","11001","BOGOTA D.C.","2.889","KILOGRAMO"
"2013-03-10T00:00:00.000","52","NARIÑO","52356","IPIALES","5","KILOGRAMO"
"2013-03-10T00:00:00.000","19","CAUCA","19001","POPAYAN","0.5","KILOGRAMO"
"2013-03-10T00:00:00.000","76","VALLE DEL CAUCA","76001","CALI","0.01","KILOGRAMO"
"2013-03-09T00:00:00.000","66","RISARALDA","66001","PEREIRA","0.002","KILOGRAMO"
"2013-03-09T00:00:00.000","63","QUINDIO","63001","ARMENIA","0.002","KILOGRAMO"
"2013-03-09T00:00:00.000","76","VALLE DEL CAUCA","76890","YOTOCO","9.803","KILOGRAMO"
"2013-03-09T00:00:00.000","52","NARIÑO","52001","PASTO","1.992","KILOGRAMO"
"2013-03-09T00:00:00.000","66","RISARALDA","66170","DOSQUEBRADAS","0.04","KILOGRAMO"
"2013-03-08T00:00:00.000","66","RISARALDA","66001","PEREIRA","0.038","KILOGRAMO"
"2013-03-08T00:00:00.000","76","VALLE DEL CAUCA","76497","OBANDO","0.002","KILOGRAMO"
"2013-03-08T00:00:00.000","76","VALLE DEL CAUCA","76001","CALI","0.008","KILOGRAMO"
"2013-03-08T00:00:00.000","54","NORTE DE SANTANDER","54001","CUCUTA","0.0021","KILOGRAMO"
"2013-03-08T00:00:00.000","66","RISARALDA","66170","DOSQUEBRADAS","0.001","KILOGRAMO"
"2013-03-07T00:00:00.000","52","NARIÑO","52001","PASTO","8.725","KILOGRAMO"
"2013-03-07T00:00:00.000","66","RISARALDA","66001","PEREIRA","0.02","KILOGRAMO"
"2013-03-07T00:00:00.000","63","QUINDIO","63001","ARMENIA","0.002","KILOGRAMO"
"2013-03-07T00:00:00.000","76","VALLE DEL CAUCA","76001","CALI","0.006","KILOGRAMO"
"2013-03-07T00:00:00.000","66","RISARALDA","66170","DOSQUEBRADAS","0.002","KILOGRAMO"
"2013-03-07T00:00:00.000","19","CAUCA","19698","SANTANDER DE QUILICHAO","0.003","KILOGRAMO"
"2013-03-06T00:00:00.000","76","VALLE DEL CAUCA","76001","CALI","15","KILOGRAMO"
"2013-03-06T00:00:00.000","05","ANTIOQUIA","05615","RIONEGRO","0.454","KILOGRAMO"
"2013-03-06T00:00:00.000","68","SANTANDER","68081","BARRANCABERMEJA","0.002","KILOGRAMO"
"2013-03-06T00:00:00.000","66","RISARALDA","66170","DOSQUEBRADAS","0.002","KILOGRAMO"
"2013-03-06T00:00:00.000","66","RISARALDA","66001","PEREIRA","0.015","KILOGRAMO"
"2013-03-05T00:00:00.000","76","VALLE DEL CAUCA","76001","CALI","0.004","KILOGRAMO"
"2013-03-05T00:00:00.000","66","RISARALDA","66001","PEREIRA","0.004","KILOGRAMO"
"2013-03-05T00:00:00.000","66","RISARALDA","66170","DOSQUEBRADAS","0.03","KILOGRAMO"
"2013-03-04T00:00:00.000","63","QUINDIO","63001","ARMENIA","0.002","KILOGRAMO"
"2013-03-04T00:00:00.000","66","RISARALDA","66170","DOSQUEBRADAS","0.001","KILOGRAMO"
"2013-03-04T00:00:00.000","76","VALLE DEL CAUCA","76001","CALI","0.004","KILOGRAMO"
"2013-03-04T00:00:00.000","66","RISARALDA","66001","PEREIRA","0.002","KILOGRAMO"
"2013-03-03T00:00:00.000","54","NORTE DE SANTANDER","54001","CUCUTA","0.606","KILOGRAMO"
"2013-03-03T00:00:00.000","76","VALLE DEL CAUCA","76001","CALI","0.006","KILOGRAMO"
"2013-03-03T00:00:00.000","66","RISARALDA","66001","PEREIRA","0.003","KILOGRAMO"
"2013-03-02T00:00:00.000","63","QUINDIO","63001","ARMENIA","0.002","KILOGRAMO"
"2013-03-02T00:00:00.000","76","VALLE DEL CAUCA","76001","CALI","0.024","KILOGRAMO"
"2013-03-02T00:00:00.000","66","RISARALDA","66001","PEREIRA","0.003","KILOGRAMO"
"2013-03-02T00:00:00.000","66","RISARALDA","66170","DOSQUEBRADAS","0.001","KILOGRAMO"
"2013-03-01T00:00:00.000","08","ATLANTICO","08001","BARRANQUILLA","0.01","KILOGRAMO"
"2013-03-01T00:00:00.000","66","RISARALDA","66001","PEREIRA","0.012","KILOGRAMO"
"2013-03-01T00:00:00.000","66","RISARALDA","66170","DOSQUEBRADAS","0.003","KILOGRAMO"
"2013-03-01T00:00:00.000","76","VALLE DEL CAUCA","76130","CANDELARIA","10.09","KILOGRAMO"
"2013-02-28T00:00:00.000","68","SANTANDER","68406","LEBRIJA","0.612","KILOGRAMO"
"2013-02-28T00:00:00.000","76","VALLE DEL CAUCA","76001","CALI","0.005","KILOGRAMO"
"2013-02-28T00:00:00.000","76","VALLE DEL CAUCA","76497","OBANDO","0.002","KILOGRAMO"
"2013-02-28T00:00:00.000","66","RISARALDA","66001","PEREIRA","0.001","KILOGRAMO"
"2013-02-27T00:00:00.000","66","RISARALDA","66170","DOSQUEBRADAS","0.002","KILOGRAMO"
"2013-02-27T00:00:00.000","66","RISARALDA","66687","SANTUARIO","0.004","KILOGRAMO"
"2013-02-27T00:00:00.000","63","QUINDIO","63001","ARMENIA","0.028","KILOGRAMO"
"2013-02-27T00:00:00.000","76","VALLE DEL CAUCA","76111","GUADALAJARA DE BUGA","0.001","KILOGRAMO"
"2013-02-27T00:00:00.000","76","VALLE DEL CAUCA","76001","CALI","0.006","KILOGRAMO"
"2013-02-26T00:00:00.000","66","RISARALDA","66440","MARSELLA","0.005","KILOGRAMO"
"2013-02-26T00:00:00.000","54","NORTE DE SANTANDER","54001","CUCUTA","1.9","KILOGRAMO"
"2013-02-26T00:00:00.000","66","RISARALDA","66170","DOSQUEBRADAS","0.001","KILOGRAMO"
"2013-02-26T00:00:00.000","66","RISARALDA","66001","PEREIRA","0.003","KILOGRAMO"
"2013-02-26T00:00:00.000","81","ARAUCA","81001","ARAUCA","0.012","KILOGRAMO"
"2013-02-26T00:00:00.000","76","VALLE DEL CAUCA","76111","GUADALAJARA DE BUGA","0.005","KILOGRAMO"
"2013-02-25T00:00:00.000","19","CAUCA","19698","SANTANDER DE QUILICHAO","0.003","KILOGRAMO"
"2013-02-25T00:00:00.000","66","RISARALDA","66001","PEREIRA","0.001","KILOGRAMO"
"2013-02-25T00:00:00.000","54","NORTE DE SANTANDER","54001","CUCUTA","0.0031","KILOGRAMO"
"2013-02-25T00:00:00.000","05","ANTIOQUIA","05001","MEDELLIN","0.015","KILOGRAMO"
"2013-02-24T00:00:00.000","76","VALLE DEL CAUCA","76147","CARTAGO","0.003","KILOGRAMO"
"2013-02-24T00:00:00.000","76","VALLE DEL CAUCA","76001","CALI","0.007","KILOGRAMO"
"2013-02-23T00:00:00.000","54","NORTE DE SANTANDER","54001","CUCUTA","0.0076","KILOGRAMO"
"2013-02-23T00:00:00.000","08","ATLANTICO","08634","SABANAGRANDE","0.001","KILOGRAMO"
"2013-02-23T00:00:00.000","66","RISARALDA","66170","DOSQUEBRADAS","0.001","KILOGRAMO"
"2013-02-23T00:00:00.000","76","VALLE DEL CAUCA","76147","CARTAGO","0.005","KILOGRAMO"
"2013-02-22T00:00:00.000","76","VALLE DEL CAUCA","76001","CALI","0.008","KILOGRAMO"
"2013-02-22T00:00:00.000","66","RISARALDA","66001","PEREIRA","0.017","KILOGRAMO"
"2013-02-22T00:00:00.000","66","RISARALDA","66170","DOSQUEBRADAS","0.001","KILOGRAMO"
"2013-02-22T00:00:00.000","63","QUINDIO","63001","ARMENIA","0.001","KILOGRAMO"
"2013-02-21T00:00:00.000","66","RISARALDA","66001","PEREIRA","2.283","KILOGRAMO"
"2013-02-21T00:00:00.000","66","RISARALDA","66170","DOSQUEBRADAS","0.055","KILOGRAMO"
"2013-02-21T00:00:00.000","76","VALLE DEL CAUCA","76001","CALI","0.016","KILOGRAMO"
"2013-02-20T00:00:00.000","76","VALLE DEL CAUCA","76892","YUMBO","7","KILOGRAMO"
"2013-02-20T00:00:00.000","76","VALLE DEL CAUCA","76001","CALI","0.011","KILOGRAMO"
"2013-02-20T00:00:00.000","66","RISARALDA","66400","LA VIRGINIA","0.005","KILOGRAMO"
"2013-02-20T00:00:00.000","52","NARIÑO","52240","CHACHAGÜI","3.415","KILOGRAMO"
"2013-02-20T00:00:00.000","66","RISARALDA","66170","DOSQUEBRADAS","0.001","KILOGRAMO"
"2013-02-19T00:00:00.000","63","QUINDIO","63001","ARMENIA","0.003","KILOGRAMO"
"2013-02-19T00:00:00.000","05","ANTIOQUIA","05001","MEDELLIN","0.023","KILOGRAMO"
"2013-02-19T00:00:00.000","19","CAUCA","19698","SANTANDER DE QUILICHAO","0.004","KILOGRAMO"
"2013-02-19T00:00:00.000","08","ATLANTICO","08520","PALMAR DE VARELA","0.005","KILOGRAMO"
"2013-02-19T00:00:00.000","66","RISARALDA","66440","MARSELLA","0.005","KILOGRAMO"
"2013-02-19T00:00:00.000","76","VALLE DEL CAUCA","76001","CALI","0.002","KILOGRAMO"
"2013-02-18T00:00:00.000","66","RISARALDA","66170","DOSQUEBRADAS","0.003","KILOGRAMO"
"2013-02-18T00:00:00.000","76","VALLE DEL CAUCA","76147","CARTAGO","0.003","KILOGRAMO"
"2013-02-18T00:00:00.000","76","VALLE DEL CAUCA","76001","CALI","0.008","KILOGRAMO"
"2013-02-18T00:00:00.000","66","RISARALDA","66001","PEREIRA","0.002","KILOGRAMO"
"2013-02-17T00:00:00.000","66","RISARALDA","66170","DOSQUEBRADAS","0.002","KILOGRAMO"
"2013-02-17T00:00:00.000","76","VALLE DEL CAUCA","76001","CALI","0.002","KILOGRAMO"
"2013-02-16T00:00:00.000","63","QUINDIO","63001","ARMENIA","0.001","KILOGRAMO"
"2013-02-16T00:00:00.000","76","VALLE DEL CAUCA","76001","CALI","0.001","KILOGRAMO"
"2013-02-15T00:00:00.000","63","QUINDIO","63001","ARMENIA","0.051","KILOGRAMO"
"2013-02-15T00:00:00.000","66","RISARALDA","66170","DOSQUEBRADAS","0.002","KILOGRAMO"
"2013-02-15T00:00:00.000","05","ANTIOQUIA","05001","MEDELLIN","0.0036","KILOGRAMO"
"2013-02-15T00:00:00.000","66","RISARALDA","66001","PEREIRA","0.003","KILOGRAMO"
"2013-02-15T00:00:00.000","76","VALLE DEL CAUCA","76147","CARTAGO","0.0037","KILOGRAMO"
"2013-02-15T00:00:00.000","19","CAUCA","19698","SANTANDER DE QUILICHAO","0.01","KILOGRAMO"
"2013-02-14T00:00:00.000","76","VALLE DEL CAUCA","76001","CALI","0.003","KILOGRAMO"
"2013-02-14T00:00:00.000","66","RISARALDA","66170","DOSQUEBRADAS","0.001","KILOGRAMO"
"2013-02-14T00:00:00.000","66","RISARALDA","66001","PEREIRA","0.001","KILOGRAMO"
"2013-02-13T00:00:00.000","66","RISARALDA","66001","PEREIRA","7.005","KILOGRAMO"
"2013-02-13T00:00:00.000","76","VALLE DEL CAUCA","76001","CALI","0.009","KILOGRAMO"
"2013-02-13T00:00:00.000","66","RISARALDA","66170","DOSQUEBRADAS","0.004","KILOGRAMO"
"2013-02-12T00:00:00.000","08","ATLANTICO","08685","SANTO TOMAS","0.001","KILOGRAMO"
"2013-02-12T00:00:00.000","76","VALLE DEL CAUCA","76001","CALI","0.011","KILOGRAMO"
"2013-02-12T00:00:00.000","66","RISARALDA","66170","DOSQUEBRADAS","0.001","KILOGRAMO"
"2013-02-11T00:00:00.000","76","VALLE DEL CAUCA","76001","CALI","0.013","KILOGRAMO"
"2013-02-10T00:00:00.000","66","RISARALDA","66001","PEREIRA","0.005","KILOGRAMO"
"2013-02-10T00:00:00.000","76","VALLE DEL CAUCA","76001","CALI","0.001","KILOGRAMO"
"2013-02-10T00:00:00.000","54","NORTE DE SANTANDER","54001","CUCUTA","0.0015","KILOGRAMO"
"2013-02-09T00:00:00.000","54","NORTE DE SANTANDER","54001","CUCUTA","1.258","KILOGRAMO"
"2013-02-09T00:00:00.000","66","RISARALDA","66170","DOSQUEBRADAS","0.002","KILOGRAMO"
"2013-02-09T00:00:00.000","66","RISARALDA","66001","PEREIRA","0.005","KILOGRAMO"
"2013-02-09T00:00:00.000","76","VALLE DEL CAUCA","76001","CALI","0.003","KILOGRAMO"
"2013-02-08T00:00:00.000","76","VALLE DEL CAUCA","76001","CALI","0.001","KILOGRAMO"
"2013-02-08T00:00:00.000","66","RISARALDA","66170","DOSQUEBRADAS","0.002","KILOGRAMO"
"2013-02-08T00:00:00.000","66","RISARALDA","66001","PEREIRA","0.005","KILOGRAMO"
"2013-02-08T00:00:00.000","76","VALLE DEL CAUCA","76147","CARTAGO","0.008","KILOGRAMO"
"2013-02-08T00:00:00.000","66","RISARALDA","66400","LA VIRGINIA","0.01","KILOGRAMO"
"2013-02-08T00:00:00.000","05","ANTIOQUIA","05001","MEDELLIN","0.25","KILOGRAMO"
"2013-02-08T00:00:00.000","63","QUINDIO","63001","ARMENIA","0.002","KILOGRAMO"
"2013-02-08T00:00:00.000","66","RISARALDA","66572","PUEBLO RICO","0.081","KILOGRAMO"
"2013-02-07T00:00:00.000","08","ATLANTICO","08001","BARRANQUILLA","0.005","KILOGRAMO"
"2013-02-07T00:00:00.000","54","NORTE DE SANTANDER","54001","CUCUTA","0.001","KILOGRAMO"
"2013-02-07T00:00:00.000","76","VALLE DEL CAUCA","76834","TULUA","7","KILOGRAMO"
"2013-02-07T00:00:00.000","76","VALLE DEL CAUCA","76001","CALI","0.006","KILOGRAMO"
"2013-02-07T00:00:00.000","66","RISARALDA","66001","PEREIRA","0.001","KILOGRAMO"
"2013-02-06T00:00:00.000","52","NARIÑO","52480","NARIÑO","2.098","KILOGRAMO"
"2013-02-06T00:00:00.000","76","VALLE DEL CAUCA","76147","CARTAGO","0.008","KILOGRAMO"
"2013-02-06T00:00:00.000","76","VALLE DEL CAUCA","76001","CALI","0.004","KILOGRAMO"
"2013-02-06T00:00:00.000","66","RISARALDA","66001","PEREIRA","0.002","KILOGRAMO"
"2013-02-06T00:00:00.000","66","RISARALDA","66170","DOSQUEBRADAS","0.001","KILOGRAMO"
"2013-02-05T00:00:00.000","05","ANTIOQUIA","05001","MEDELLIN","0.033","KILOGRAMO"
"2013-02-05T00:00:00.000","68","SANTANDER","68081","BARRANCABERMEJA","0.011","KILOGRAMO"
"2013-02-05T00:00:00.000","76","VALLE DEL CAUCA","76001","CALI","5","KILOGRAMO"
"2013-02-05T00:00:00.000","66","RISARALDA","66170","DOSQUEBRADAS","0.001","KILOGRAMO"
"2013-02-05T00:00:00.000","66","RISARALDA","66001","PEREIRA","0.002","KILOGRAMO"
"2013-02-05T00:00:00.000","76","VALLE DEL CAUCA","76248","EL CERRITO","0.004","KILOGRAMO"
"2013-02-04T00:00:00.000","63","QUINDIO","63001","ARMENIA","0.001","KILOGRAMO"
"2013-02-04T00:00:00.000","08","ATLANTICO","08634","SABANAGRANDE","0.001","KILOGRAMO"
"2013-02-04T00:00:00.000","66","RISARALDA","66170","DOSQUEBRADAS","0.002","KILOGRAMO"
"2013-02-04T00:00:00.000","66","RISARALDA","66001","PEREIRA","0.015","KILOGRAMO"
"2013-02-03T00:00:00.000","76","VALLE DEL CAUCA","76001","CALI","0.004","KILOGRAMO"
"2013-02-03T00:00:00.000","66","RISARALDA","66170","DOSQUEBRADAS","0.002","KILOGRAMO"
"2013-02-02T00:00:00.000","76","VALLE DEL CAUCA","76001","CALI","5.0711","KILOGRAMO"
"2013-02-02T00:00:00.000","63","QUINDIO","63001","ARMENIA","0.001","KILOGRAMO"
"2013-02-01T00:00:00.000","66","RISARALDA","66001","PEREIRA","0.008","KILOGRAMO"
"2013-02-01T00:00:00.000","76","VALLE DEL CAUCA","76497","OBANDO","0.002","KILOGRAMO"
"2013-02-01T00:00:00.000","08","ATLANTICO","08001","BARRANQUILLA","0.031","KILOGRAMO"
"2013-02-01T00:00:00.000","63","QUINDIO","63001","ARMENIA","0.001","KILOGRAMO"
"2013-01-31T00:00:00.000","63","QUINDIO","63001","ARMENIA","0.00068","KILOGRAMO"
"2013-01-31T00:00:00.000","08","ATLANTICO","08001","BARRANQUILLA","0.01","KILOGRAMO"
"2013-01-31T00:00:00.000","76","VALLE DEL CAUCA","76001","CALI","0.001","KILOGRAMO"
"2013-01-31T00:00:00.000","66","RISARALDA","66170","DOSQUEBRADAS","0.127","KILOGRAMO"
"2013-01-31T00:00:00.000","76","VALLE DEL CAUCA","76520","PALMIRA","2.594","KILOGRAMO"
"2013-01-31T00:00:00.000","05","ANTIOQUIA","05001","MEDELLIN","0.001","KILOGRAMO"
"2013-01-30T00:00:00.000","66","RISARALDA","66001","PEREIRA","0.004","KILOGRAMO"
"2013-01-30T00:00:00.000","76","VALLE DEL CAUCA","76147","CARTAGO","0.0052","KILOGRAMO"
"2013-01-30T00:00:00.000","66","RISARALDA","66170","DOSQUEBRADAS","0.001","KILOGRAMO"
"2013-01-30T00:00:00.000","63","QUINDIO","63001","ARMENIA","0.003","KILOGRAMO"
"2013-01-30T00:00:00.000","76","VALLE DEL CAUCA","76001","CALI","0.001","KILOGRAMO"
"2013-01-30T00:00:00.000","11","BOGOTA D.C.","11001","BOGOTA D.C.","0.6785","KILOGRAMO"
"2013-01-30T00:00:00.000","76","VALLE DEL CAUCA","76520","PALMIRA","0.95","KILOGRAMO"
"2013-01-29T00:00:00.000","76","VALLE DEL CAUCA","76520","PALMIRA","0.487","KILOGRAMO"
"2013-01-29T00:00:00.000","66","RISARALDA","66170","DOSQUEBRADAS","0.005","KILOGRAMO"
"2013-01-29T00:00:00.000","76","VALLE DEL CAUCA","76001","CALI","0.001","KILOGRAMO"
"2013-01-28T00:00:00.000","08","ATLANTICO","08001","BARRANQUILLA","0.003","KILOGRAMO"
"2013-01-27T00:00:00.000","19","CAUCA","19698","SANTANDER DE QUILICHAO","0.001","KILOGRAMO"
"2013-01-27T00:00:00.000","66","RISARALDA","66170","DOSQUEBRADAS","0.002","KILOGRAMO"
"2013-01-27T00:00:00.000","76","VALLE DEL CAUCA","76001","CALI","0.017","KILOGRAMO"
"2013-01-26T00:00:00.000","66","RISARALDA","66170","DOSQUEBRADAS","0.003","KILOGRAMO"
"2013-01-26T00:00:00.000","76","VALLE DEL CAUCA","76001","CALI","0.012","KILOGRAMO"
"2013-01-25T00:00:00.000","66","RISARALDA","66170","DOSQUEBRADAS","0.002","KILOGRAMO"
"2013-01-25T00:00:00.000","63","QUINDIO","63001","ARMENIA","0.001","KILOGRAMO"
"2013-01-25T00:00:00.000","66","RISARALDA","66001","PEREIRA","0.002","KILOGRAMO"
"2013-01-25T00:00:00.000","76","VALLE DEL CAUCA","76001","CALI","0.004","KILOGRAMO"
"2013-01-24T00:00:00.000","66","RISARALDA","66001","PEREIRA","0.017","KILOGRAMO"
"2013-01-24T00:00:00.000","76","VALLE DEL CAUCA","76001","CALI","0.008","KILOGRAMO"
"2013-01-23T00:00:00.000","66","RISARALDA","66170","DOSQUEBRADAS","0.001","KILOGRAMO"
"2013-01-23T00:00:00.000","66","RISARALDA","66001","PEREIRA","0.003","KILOGRAMO"
"2013-01-23T00:00:00.000","63","QUINDIO","63001","ARMENIA","0.001","KILOGRAMO"
"2013-01-23T00:00:00.000","76","VALLE DEL CAUCA","76001","CALI","0.003","KILOGRAMO"
"2013-01-22T00:00:00.000","63","QUINDIO","63001","ARMENIA","0.33","KILOGRAMO"
"2013-01-22T00:00:00.000","66","RISARALDA","66170","DOSQUEBRADAS","0.031","KILOGRAMO"
"2013-01-22T00:00:00.000","76","VALLE DEL CAUCA","76001","CALI","0.009","KILOGRAMO"
"2013-01-22T00:00:00.000","66","RISARALDA","66001","PEREIRA","0.002","KILOGRAMO"
"2013-01-22T00:00:00.000","76","VALLE DEL CAUCA","76892","YUMBO","9.15","KILOGRAMO"
"2013-01-21T00:00:00.000","76","VALLE DEL CAUCA","76001","CALI","0.003","KILOGRAMO"
"2013-01-21T00:00:00.000","63","QUINDIO","63001","ARMENIA","0.004","KILOGRAMO"
"2013-01-21T00:00:00.000","19","CAUCA","19698","SANTANDER DE QUILICHAO","0.002","KILOGRAMO"
"2013-01-20T00:00:00.000","76","VALLE DEL CAUCA","76834","TULUA","10.25","KILOGRAMO"
"2013-01-20T00:00:00.000","66","RISARALDA","66170","DOSQUEBRADAS","0.001","KILOGRAMO"
"2013-01-20T00:00:00.000","76","VALLE DEL CAUCA","76001","CALI","0.009","KILOGRAMO"
"2013-01-19T00:00:00.000","63","QUINDIO","63001","ARMENIA","0.001","KILOGRAMO"
"2013-01-19T00:00:00.000","66","RISARALDA","66170","DOSQUEBRADAS","0.002","KILOGRAMO"
"2013-01-19T00:00:00.000","08","ATLANTICO","08001","BARRANQUILLA","0.001","KILOGRAMO"
"2013-01-19T00:00:00.000","76","VALLE DEL CAUCA","76001","CALI","0.009","KILOGRAMO"
"2013-01-19T00:00:00.000","76","VALLE DEL CAUCA","76147","CARTAGO","0.007","KILOGRAMO"
"2013-01-18T00:00:00.000","11","BOGOTA D.C.","11001","BOGOTA D.C.","3","KILOGRAMO"
"2013-01-18T00:00:00.000","76","VALLE DEL CAUCA","76001","CALI","0.005","KILOGRAMO"
"2013-01-18T00:00:00.000","54","NORTE DE SANTANDER","54001","CUCUTA","0.01","KILOGRAMO"
"2013-01-18T00:00:00.000","76","VALLE DEL CAUCA","76834","TULUA","5.076","KILOGRAMO"
"2013-01-18T00:00:00.000","66","RISARALDA","66170","DOSQUEBRADAS","0.303","KILOGRAMO"
"2013-01-17T00:00:00.000","76","VALLE DEL CAUCA","76001","CALI","0.008","KILOGRAMO"
"2013-01-17T00:00:00.000","54","NORTE DE SANTANDER","54001","CUCUTA","0.0018","KILOGRAMO"
"2013-01-17T00:00:00.000","05","ANTIOQUIA","05001","MEDELLIN","0.001","KILOGRAMO"
"2013-01-17T00:00:00.000","76","VALLE DEL CAUCA","76497","OBANDO","0.002","KILOGRAMO"
"2013-01-17T00:00:00.000","66","RISARALDA","66001","PEREIRA","0.016","KILOGRAMO"
"2013-01-17T00:00:00.000","84005","FLORIDA","8400501","MIAMI","15.5","KILOGRAMO"
"2013-01-17T00:00:00.000","66","RISARALDA","66170","DOSQUEBRADAS","0.04","KILOGRAMO"
"2013-01-16T00:00:00.000","05","ANTIOQUIA","05001","MEDELLIN","0.004","KILOGRAMO"
"2013-01-16T00:00:00.000","08","ATLANTICO","08001","BARRANQUILLA","0.005","KILOGRAMO"
"2013-01-16T00:00:00.000","66","RISARALDA","66170","DOSQUEBRADAS","0.041","KILOGRAMO"
"2013-01-15T00:00:00.000","66","RISARALDA","66170","DOSQUEBRADAS","0.003","KILOGRAMO"
"2013-01-15T00:00:00.000","19","CAUCA","19698","SANTANDER DE QUILICHAO","0.003","KILOGRAMO"
"2013-01-15T00:00:00.000","76","VALLE DEL CAUCA","76001","CALI","0.024","KILOGRAMO"
"2013-01-15T00:00:00.000","63","QUINDIO","63001","ARMENIA","0.001","KILOGRAMO"
"2013-01-15T00:00:00.000","66","RISARALDA","66001","PEREIRA","0.006","KILOGRAMO"
"2013-01-14T00:00:00.000","44","LA GUAJIRA","44430","MAICAO","0.407","KILOGRAMO"
"2013-01-14T00:00:00.000","76","VALLE DEL CAUCA","76001","CALI","0.003","KILOGRAMO"
"2013-01-14T00:00:00.000","63","QUINDIO","63001","ARMENIA","0.002","KILOGRAMO"
"2013-01-14T00:00:00.000","54","NORTE DE SANTANDER","54001","CUCUTA","0.006","KILOGRAMO"
"2013-01-14T00:00:00.000","66","RISARALDA","66170","DOSQUEBRADAS","0.005","KILOGRAMO"
"2013-01-14T00:00:00.000","66","RISARALDA","66001","PEREIRA","0.009","KILOGRAMO"
"2013-01-13T00:00:00.000","76","VALLE DEL CAUCA","76001","CALI","0.008","KILOGRAMO"
"2013-01-12T00:00:00.000","11","BOGOTA D.C.","11001","BOGOTA D.C.","0.962","KILOGRAMO"
"2013-01-12T00:00:00.000","76","VALLE DEL CAUCA","76001","CALI","0.001","KILOGRAMO"
"2013-01-12T00:00:00.000","66","RISARALDA","66170","DOSQUEBRADAS","0.001","KILOGRAMO"
"2013-01-11T00:00:00.000","66","RISARALDA","66001","PEREIRA","0.005","KILOGRAMO"
"2013-01-11T00:00:00.000","76","VALLE DEL CAUCA","76001","CALI","0.007","KILOGRAMO"
"2013-01-11T00:00:00.000","17","CALDAS","17001","MANIZALES","0.004","KILOGRAMO"
"2013-01-11T00:00:00.000","63","QUINDIO","63001","ARMENIA","0.001","KILOGRAMO"
"2013-01-11T00:00:00.000","44","LA GUAJIRA","44430","MAICAO","1.041","KILOGRAMO"
"2013-01-10T00:00:00.000","76","VALLE DEL CAUCA","76001","CALI","0.005","KILOGRAMO"
"2013-01-10T00:00:00.000","63","QUINDIO","63001","ARMENIA","0.001","KILOGRAMO"
"2013-01-09T00:00:00.000","66","RISARALDA","66170","DOSQUEBRADAS","0.001","KILOGRAMO"
"2013-01-08T00:00:00.000","05","ANTIOQUIA","05212","COPACABANA","0.001","KILOGRAMO"
"2013-01-08T00:00:00.000","66","RISARALDA","66075","BALBOA","0.006","KILOGRAMO"
"2013-01-08T00:00:00.000","76","VALLE DEL CAUCA","76001","CALI","0.014","KILOGRAMO"
"2013-01-08T00:00:00.000","66","RISARALDA","66001","PEREIRA","0.001","KILOGRAMO"
"2013-01-07T00:00:00.000","63","QUINDIO","63001","ARMENIA","0.003","KILOGRAMO"
"2013-01-07T00:00:00.000","76","VALLE DEL CAUCA","76001","CALI","0.002","KILOGRAMO"
"2013-01-07T00:00:00.000","66","RISARALDA","66170","DOSQUEBRADAS","0.001","KILOGRAMO"
"2013-01-06T00:00:00.000","76","VALLE DEL CAUCA","76001","CALI","0.005","KILOGRAMO"
"2013-01-06T00:00:00.000","05","ANTIOQUIA","05001","MEDELLIN","0.124","KILOGRAMO"
"2013-01-05T00:00:00.000","76","VALLE DEL CAUCA","76001","CALI","0.003","KILOGRAMO"
"2013-01-05T00:00:00.000","63","QUINDIO","63001","ARMENIA","0.475","KILOGRAMO"
"2013-01-04T00:00:00.000","66","RISARALDA","66170","DOSQUEBRADAS","0.001","KILOGRAMO"
"2013-01-03T00:00:00.000","63","QUINDIO","63001","ARMENIA","0.003","KILOGRAMO"
"2013-01-03T00:00:00.000","66","RISARALDA","66170","DOSQUEBRADAS","0.01","KILOGRAMO"
"2013-01-02T00:00:00.000","63","QUINDIO","63001","ARMENIA","0.005","KILOGRAMO"
"2013-01-02T00:00:00.000","05","ANTIOQUIA","05001","MEDELLIN","0.012","KILOGRAMO"
"2013-01-02T00:00:00.000","08","ATLANTICO","08001","BARRANQUILLA","0.003","KILOGRAMO"
"2013-01-01T00:00:00.000","66","RISARALDA","66170","DOSQUEBRADAS","0.002","KILOGRAMO"
"2013-01-01T00:00:00.000","54","NORTE DE SANTANDER","54001","CUCUTA","0.002","KILOGRAMO"
"2013-01-01T00:00:00.000","76","VALLE DEL CAUCA","76001","CALI","0.002","KILOGRAMO"
"2012-12-30T00:00:00.000","76","VALLE DEL CAUCA","76001","CALI","0.004","KILOGRAMO"
"2012-12-29T00:00:00.000","76","VALLE DEL CAUCA","76001","CALI","0.02","KILOGRAMO"
"2012-12-28T00:00:00.000","76","VALLE DEL CAUCA","76001","CALI","0.008","KILOGRAMO"
"2012-12-27T00:00:00.000","76","VALLE DEL CAUCA","76001","CALI","0.002","KILOGRAMO"
"2012-12-25T00:00:00.000","66","RISARALDA","66170","DOSQUEBRADAS","0.001","KILOGRAMO"
"2012-12-24T00:00:00.000","63","QUINDIO","63001","ARMENIA","0.002","KILOGRAMO"
"2012-12-24T00:00:00.000","76","VALLE DEL CAUCA","76001","CALI","0.002","KILOGRAMO"
"2012-12-23T00:00:00.000","63","QUINDIO","63001","ARMENIA","0.004","KILOGRAMO"
"2012-12-23T00:00:00.000","54","NORTE DE SANTANDER","54001","CUCUTA","0.009","KILOGRAMO"
"2012-12-23T00:00:00.000","19","CAUCA","19698","SANTANDER DE QUILICHAO","0.002","KILOGRAMO"
"2012-12-22T00:00:00.000","66","RISARALDA","66170","DOSQUEBRADAS","0.001","KILOGRAMO"
"2012-12-22T00:00:00.000","76","VALLE DEL CAUCA","76001","CALI","0.008","KILOGRAMO"
"2012-12-21T00:00:00.000","66","RISARALDA","66001","PEREIRA","0.001","KILOGRAMO"
"2012-12-20T00:00:00.000","63","QUINDIO","63001","ARMENIA","0.002","KILOGRAMO"
"2012-12-19T00:00:00.000","66","RISARALDA","66001","PEREIRA","0.001","KILOGRAMO"
"2012-12-19T00:00:00.000","76","VALLE DEL CAUCA","76001","CALI","0.002","KILOGRAMO"
"2012-12-18T00:00:00.000","76","VALLE DEL CAUCA","76001","CALI","0.004","KILOGRAMO"
"2012-12-18T00:00:00.000","76","VALLE DEL CAUCA","76520","PALMIRA","1.593","KILOGRAMO"
"2012-12-18T00:00:00.000","17","CALDAS","17001","MANIZALES","0.003","KILOGRAMO"
"2012-12-18T00:00:00.000","66","RISARALDA","66001","PEREIRA","0.051","KILOGRAMO"
"2012-12-17T00:00:00.000","76","VALLE DEL CAUCA","76001","CALI","0.004","KILOGRAMO"
"2012-12-16T00:00:00.000","76","VALLE DEL CAUCA","76001","CALI","0.006","KILOGRAMO"
"2012-12-15T00:00:00.000","76","VALLE DEL CAUCA","76001","CALI","0.02","KILOGRAMO"
"2012-12-15T00:00:00.000","05","ANTIOQUIA","05001","MEDELLIN","0.099","KILOGRAMO"
"2012-12-14T00:00:00.000","76","VALLE DEL CAUCA","76001","CALI","0.006","KILOGRAMO"
"2012-12-13T00:00:00.000","63","QUINDIO","63001","ARMENIA","0.042","KILOGRAMO"
"2012-12-13T00:00:00.000","76","VALLE DEL CAUCA","76001","CALI","0.006","KILOGRAMO"
"2012-12-13T00:00:00.000","66","RISARALDA","66001","PEREIRA","0.043","KILOGRAMO"
"2012-12-12T00:00:00.000","76","VALLE DEL CAUCA","76001","CALI","0.01","KILOGRAMO"
"2012-12-11T00:00:00.000","76","VALLE DEL CAUCA","76001","CALI","0.004","KILOGRAMO"
"2012-12-10T00:00:00.000","76","VALLE DEL CAUCA","76001","CALI","0.006","KILOGRAMO"
"2012-12-10T00:00:00.000","54","NORTE DE SANTANDER","54001","CUCUTA","0.002","KILOGRAMO"
"2012-12-09T00:00:00.000","11","BOGOTA D.C.","11001","BOGOTA D.C.","4.49","KILOGRAMO"
"2012-12-08T00:00:00.000","76","VALLE DEL CAUCA","76001","CALI","7.6304","KILOGRAMO"
"2012-12-07T00:00:00.000","76","VALLE DEL CAUCA","76001","CALI","0.006","KILOGRAMO"
"2012-12-07T00:00:00.000","54","NORTE DE SANTANDER","54498","OCAÑA","0.017","KILOGRAMO"
"2012-12-07T00:00:00.000","08","ATLANTICO","08560","PONEDERA","0.002","KILOGRAMO"
"2012-12-06T00:00:00.000","66","RISARALDA","66001","PEREIRA","0.008","KILOGRAMO"
"2012-12-06T00:00:00.000","76","VALLE DEL CAUCA","76001","CALI","0.01","KILOGRAMO"
"2012-12-05T00:00:00.000","76","VALLE DEL CAUCA","76001","CALI","0.008","KILOGRAMO"
"2012-12-05T00:00:00.000","63","QUINDIO","63001","ARMENIA","0.012","KILOGRAMO"
"2012-12-05T00:00:00.000","66","RISARALDA","66001","PEREIRA","0.012","KILOGRAMO"
"2012-12-05T00:00:00.000","05","ANTIOQUIA","05001","MEDELLIN","0.055","KILOGRAMO"
"2012-12-04T00:00:00.000","76","VALLE DEL CAUCA","76520","PALMIRA","0.978","KILOGRAMO"
"2012-12-04T00:00:00.000","76","VALLE DEL CAUCA","76001","CALI","0.009","KILOGRAMO"
"2012-12-03T00:00:00.000","76","VALLE DEL CAUCA","76834","TULUA","14.8","KILOGRAMO"
"2012-12-03T00:00:00.000","63","QUINDIO","63001","ARMENIA","0.02","KILOGRAMO"
"2012-12-03T00:00:00.000","76","VALLE DEL CAUCA","76001","CALI","0.004","KILOGRAMO"
"2012-12-02T00:00:00.000","76","VALLE DEL CAUCA","76001","CALI","0.003","KILOGRAMO"
"2012-12-02T00:00:00.000","66","RISARALDA","66170","DOSQUEBRADAS","0.001","KILOGRAMO"
"2012-12-01T00:00:00.000","76","VALLE DEL CAUCA","76001","CALI","0.019","KILOGRAMO"
"2012-11-30T00:00:00.000","76","VALLE DEL CAUCA","76520","PALMIRA","2.493","KILOGRAMO"
"2012-11-30T00:00:00.000","63","QUINDIO","63001","ARMENIA","1.026","KILOGRAMO"
"2012-11-30T00:00:00.000","54","NORTE DE SANTANDER","54001","CUCUTA","0.004","KILOGRAMO"
"2012-11-30T00:00:00.000","76","VALLE DEL CAUCA","76001","CALI","0.016","KILOGRAMO"
"2012-11-29T00:00:00.000","76","VALLE DEL CAUCA","76001","CALI","0.011","KILOGRAMO"
"2012-11-28T00:00:00.000","76","VALLE DEL CAUCA","76001","CALI","0.009","KILOGRAMO"
"2012-11-27T00:00:00.000","76","VALLE DEL CAUCA","76147","CARTAGO","0.002","KILOGRAMO"
"2012-11-27T00:00:00.000","66","RISARALDA","66170","DOSQUEBRADAS","0.001","KILOGRAMO"
"2012-11-26T00:00:00.000","63","QUINDIO","63001","ARMENIA","0.885","KILOGRAMO"
"2012-11-26T00:00:00.000","76","VALLE DEL CAUCA","76001","CALI","0.008","KILOGRAMO"
"2012-11-25T00:00:00.000","11","BOGOTA D.C.","11001","BOGOTA D.C.","2.2","KILOGRAMO"
"2012-11-25T00:00:00.000","66","RISARALDA","66170","DOSQUEBRADAS","0.001","KILOGRAMO"
"2012-11-25T00:00:00.000","76","VALLE DEL CAUCA","76001","CALI","0.002","KILOGRAMO"
"2012-11-24T00:00:00.000","66","RISARALDA","66001","PEREIRA","0.001","KILOGRAMO"
"2012-11-24T00:00:00.000","76","VALLE DEL CAUCA","76001","CALI","0.002","KILOGRAMO"
"2012-11-23T00:00:00.000","76","VALLE DEL CAUCA","76001","CALI","0.002","KILOGRAMO"
"2012-11-23T00:00:00.000","63","QUINDIO","63001","ARMENIA","0.01","KILOGRAMO"
"2012-11-23T00:00:00.000","63","QUINDIO","63111","BUENAVISTA","0.004","KILOGRAMO"
"2012-11-23T00:00:00.000","66","RISARALDA","66170","DOSQUEBRADAS","0.002","KILOGRAMO"
"2012-11-22T00:00:00.000","54","NORTE DE SANTANDER","54001","CUCUTA","0.005","KILOGRAMO"
"2012-11-22T00:00:00.000","66","RISARALDA","66594","QUINCHIA","0.003","KILOGRAMO"
"2012-11-22T00:00:00.000","76","VALLE DEL CAUCA","76001","CALI","0.004","KILOGRAMO"
"2012-11-22T00:00:00.000","66","RISARALDA","66170","DOSQUEBRADAS","0.005","KILOGRAMO"
"2012-11-21T00:00:00.000","76","VALLE DEL CAUCA","76001","CALI","0.006","KILOGRAMO"
"2012-11-21T00:00:00.000","19","CAUCA","19698","SANTANDER DE QUILICHAO","0.006","KILOGRAMO"
"2012-11-21T00:00:00.000","66","RISARALDA","66001","PEREIRA","0.002","KILOGRAMO"
"2012-11-20T00:00:00.000","66","RISARALDA","66001","PEREIRA","0.001","KILOGRAMO"
"2012-11-20T00:00:00.000","76","VALLE DEL CAUCA","76001","CALI","0.006","KILOGRAMO"
"2012-11-19T00:00:00.000","66","RISARALDA","66001","PEREIRA","0.003","KILOGRAMO"
"2012-11-19T00:00:00.000","76","VALLE DEL CAUCA","76001","CALI","0.005","KILOGRAMO"
"2012-11-19T00:00:00.000","66","RISARALDA","66170","DOSQUEBRADAS","0.001","KILOGRAMO"
"2012-11-18T00:00:00.000","76","VALLE DEL CAUCA","76001","CALI","0.005","KILOGRAMO"
"2012-11-17T00:00:00.000","63","QUINDIO","63001","ARMENIA","0.001","KILOGRAMO"
"2012-11-17T00:00:00.000","05","ANTIOQUIA","05088","BELLO","0.006","KILOGRAMO"
"2012-11-17T00:00:00.000","76","VALLE DEL CAUCA","76001","CALI","0.002","KILOGRAMO"
"2012-11-16T00:00:00.000","76","VALLE DEL CAUCA","76001","CALI","0.012","KILOGRAMO"
"2012-11-16T00:00:00.000","63","QUINDIO","63001","ARMENIA","0.004","KILOGRAMO"
"2012-11-16T00:00:00.000","52","NARIÑO","52786","TAMINANGO","0.002","KILOGRAMO"
"2012-11-15T00:00:00.000","76","VALLE DEL CAUCA","76109","BUENAVENTURA","27","KILOGRAMO"
"2012-11-15T00:00:00.000","63","QUINDIO","63001","ARMENIA","0.002","KILOGRAMO"
"2012-11-15T00:00:00.000","76","VALLE DEL CAUCA","76001","CALI","0.001","KILOGRAMO"
"2012-11-15T00:00:00.000","05","ANTIOQUIA","05001","MEDELLIN","0.036","KILOGRAMO"
"2012-11-14T00:00:00.000","76","VALLE DEL CAUCA","76001","CALI","0.007","KILOGRAMO"
"2012-11-14T00:00:00.000","76","VALLE DEL CAUCA","76520","PALMIRA","0.6","KILOGRAMO"
"2012-11-14T00:00:00.000","05","ANTIOQUIA","05088","BELLO","0.004","KILOGRAMO"
"2012-11-14T00:00:00.000","52","NARIÑO","52786","TAMINANGO","0.002","KILOGRAMO"
"2012-11-13T00:00:00.000","76","VALLE DEL CAUCA","76001","CALI","0.003","KILOGRAMO"
"2012-11-13T00:00:00.000","63","QUINDIO","63001","ARMENIA","0.049","KILOGRAMO"
"2012-11-12T00:00:00.000","66","RISARALDA","66001","PEREIRA","0.004","KILOGRAMO"
"2012-11-12T00:00:00.000","76","VALLE DEL CAUCA","76001","CALI","0.001","KILOGRAMO"
"2012-11-11T00:00:00.000","66","RISARALDA","66001","PEREIRA","0.001","KILOGRAMO"
"2012-11-11T00:00:00.000","05","ANTIOQUIA","05001","MEDELLIN","0.002","KILOGRAMO"
"2012-11-11T00:00:00.000","76","VALLE DEL CAUCA","76001","CALI","0.002","KILOGRAMO"
"2012-11-09T00:00:00.000","76","VALLE DEL CAUCA","76001","CALI","0.003","KILOGRAMO"
"2012-11-09T00:00:00.000","52","NARIÑO","52786","TAMINANGO","0.002","KILOGRAMO"
"2012-11-08T00:00:00.000","52","NARIÑO","52240","CHACHAGÜI","0.005","KILOGRAMO"
"2012-11-08T00:00:00.000","63","QUINDIO","63001","ARMENIA","0.004","KILOGRAMO"
"2012-11-08T00:00:00.000","76","VALLE DEL CAUCA","76001","CALI","0.025","KILOGRAMO"
"2012-11-07T00:00:00.000","76","VALLE DEL CAUCA","76001","CALI","0.009","KILOGRAMO"
"2012-11-07T00:00:00.000","63","QUINDIO","63001","ARMENIA","0.001","KILOGRAMO"
"2012-11-06T00:00:00.000","76","VALLE DEL CAUCA","76001","CALI","0.008","KILOGRAMO"
"2012-11-06T00:00:00.000","63","QUINDIO","63001","ARMENIA","0.001","KILOGRAMO"
"2012-11-05T00:00:00.000","76","VALLE DEL CAUCA","76001","CALI","0.004","KILOGRAMO"
"2012-11-04T00:00:00.000","05","ANTIOQUIA","05001","MEDELLIN","0.045","KILOGRAMO"
"2012-11-03T00:00:00.000","76","VALLE DEL CAUCA","76001","CALI","0.058","KILOGRAMO"
"2012-11-03T00:00:00.000","63","QUINDIO","63001","ARMENIA","0.001","KILOGRAMO"
"2012-11-02T00:00:00.000","76","VALLE DEL CAUCA","76001","CALI","0.003","KILOGRAMO"
"2012-11-02T00:00:00.000","63","QUINDIO","63001","ARMENIA","0.001","KILOGRAMO"
"2012-11-01T00:00:00.000","76","VALLE DEL CAUCA","76001","CALI","0.003","KILOGRAMO"
"2012-10-31T00:00:00.000","66","RISARALDA","66001","PEREIRA","0.002","KILOGRAMO"
"2012-10-31T00:00:00.000","76","VALLE DEL CAUCA","76001","CALI","0.003","KILOGRAMO"
"2012-10-30T00:00:00.000","52","NARIÑO","52835","SAN ANDRES DE TUMACO","0.0071","KILOGRAMO"
"2012-10-30T00:00:00.000","66","RISARALDA","66001","PEREIRA","0.001","KILOGRAMO"
"2012-10-30T00:00:00.000","76","VALLE DEL CAUCA","76001","CALI","0.007","KILOGRAMO"
"2012-10-29T00:00:00.000","63","QUINDIO","63001","ARMENIA","0.01","KILOGRAMO"
"2012-10-29T00:00:00.000","76","VALLE DEL CAUCA","76001","CALI","0.007","KILOGRAMO"
"2012-10-28T00:00:00.000","76","VALLE DEL CAUCA","76001","CALI","0.001","KILOGRAMO"
"2012-10-27T00:00:00.000","47","MAGDALENA","47189","CIENAGA","3.03","KILOGRAMO"
"2012-10-27T00:00:00.000","63","QUINDIO","63001","ARMENIA","0.001","KILOGRAMO"
"2012-10-27T00:00:00.000","54","NORTE DE SANTANDER","54001","CUCUTA","0.001","KILOGRAMO"
"2012-10-27T00:00:00.000","66","RISARALDA","66001","PEREIRA","0.001","KILOGRAMO"
"2012-10-26T00:00:00.000","76","VALLE DEL CAUCA","76001","CALI","0.023","KILOGRAMO"
"2012-10-26T00:00:00.000","11","BOGOTA D.C.","11001","BOGOTA D.C.","2.565","KILOGRAMO"
"2012-10-26T00:00:00.000","66","RISARALDA","66001","PEREIRA","0.018","KILOGRAMO"
"2012-10-26T00:00:00.000","66","RISARALDA","66170","DOSQUEBRADAS","0.001","KILOGRAMO"
"2012-10-26T00:00:00.000","76","VALLE DEL CAUCA","76520","PALMIRA","0.666","KILOGRAMO"
"2012-10-25T00:00:00.000","63","QUINDIO","63001","ARMENIA","0.001","KILOGRAMO"
"2012-10-25T00:00:00.000","76","VALLE DEL CAUCA","76001","CALI","0.007","KILOGRAMO"
"2012-10-24T00:00:00.000","76","VALLE DEL CAUCA","76001","CALI","0.003","KILOGRAMO"
"2012-10-23T00:00:00.000","76","VALLE DEL CAUCA","76001","CALI","0.008","KILOGRAMO"
"2012-10-23T00:00:00.000","11","BOGOTA D.C.","11001","BOGOTA D.C.","0.91","KILOGRAMO"
"2012-10-23T00:00:00.000","66","RISARALDA","66170","DOSQUEBRADAS","0.001","KILOGRAMO"
"2012-10-22T00:00:00.000","76","VALLE DEL CAUCA","76147","CARTAGO","0.00513","KILOGRAMO"
"2012-10-22T00:00:00.000","76","VALLE DEL CAUCA","76001","CALI","0.012","KILOGRAMO"
"2012-10-22T00:00:00.000","63","QUINDIO","63001","ARMENIA","0.002","KILOGRAMO"
"2012-10-21T00:00:00.000","76","VALLE DEL CAUCA","76001","CALI","0.004","KILOGRAMO"
"2012-10-21T00:00:00.000","05","ANTIOQUIA","05001","MEDELLIN","0.1","KILOGRAMO"
"2012-10-20T00:00:00.000","63","QUINDIO","63001","ARMENIA","0.002","KILOGRAMO"
"2012-10-20T00:00:00.000","76","VALLE DEL CAUCA","76001","CALI","0.009","KILOGRAMO"
"2012-10-19T00:00:00.000","66","RISARALDA","66001","PEREIRA","0.006","KILOGRAMO"
"2012-10-19T00:00:00.000","76","VALLE DEL CAUCA","76001","CALI","0.008","KILOGRAMO"
"2012-10-18T00:00:00.000","13","BOLIVAR","13001","CARTAGENA DE INDIAS","4.576","KILOGRAMO"
"2012-10-18T00:00:00.000","05","ANTIOQUIA","05001","MEDELLIN","0.0046","KILOGRAMO"
"2012-10-18T00:00:00.000","66","RISARALDA","66170","DOSQUEBRADAS","0.001","KILOGRAMO"
"2012-10-18T00:00:00.000","76","VALLE DEL CAUCA","76001","CALI","0.008","KILOGRAMO"
"2012-10-17T00:00:00.000","19","CAUCA","19809","TIMBIQUI","3.676","KILOGRAMO"
"2012-10-17T00:00:00.000","66","RISARALDA","66170","DOSQUEBRADAS","0.001","KILOGRAMO"
"2012-10-17T00:00:00.000","76","VALLE DEL CAUCA","76001","CALI","0.01","KILOGRAMO"
"2012-10-15T00:00:00.000","76","VALLE DEL CAUCA","76001","CALI","0.004","KILOGRAMO"
"2012-10-14T00:00:00.000","76","VALLE DEL CAUCA","76001","CALI","0.002","KILOGRAMO"
"2012-10-13T00:00:00.000","76","VALLE DEL CAUCA","76001","CALI","0.003","KILOGRAMO"
"2012-10-12T00:00:00.000","63","QUINDIO","63001","ARMENIA","0.002","KILOGRAMO"
"2012-10-10T00:00:00.000","66","RISARALDA","66001","PEREIRA","0.002","KILOGRAMO"
"2012-10-09T00:00:00.000","63","QUINDIO","63001","ARMENIA","0.001","KILOGRAMO"
"2012-10-08T00:00:00.000","54","NORTE DE SANTANDER","54001","CUCUTA","0.001","KILOGRAMO"
"2012-10-08T00:00:00.000","47","MAGDALENA","47001","SANTA MARTA","2.5","KILOGRAMO"
"2012-10-08T00:00:00.000","66","RISARALDA","66001","PEREIRA","0.009","KILOGRAMO"
"2012-10-07T00:00:00.000","66","RISARALDA","66170","DOSQUEBRADAS","0.001","KILOGRAMO"
"2012-10-07T00:00:00.000","76","VALLE DEL CAUCA","76001","CALI","0.001","KILOGRAMO"
"2012-10-07T00:00:00.000","19","CAUCA","19698","SANTANDER DE QUILICHAO","4","KILOGRAMO"
"2012-10-06T00:00:00.000","63","QUINDIO","63190","CIRCASIA","0.006","KILOGRAMO"
"2012-10-06T00:00:00.000","63","QUINDIO","63001","ARMENIA","0.003","KILOGRAMO"
"2012-10-06T00:00:00.000","76","VALLE DEL CAUCA","76001","CALI","0.004","KILOGRAMO"
"2012-10-05T00:00:00.000","54","NORTE DE SANTANDER","54001","CUCUTA","0.004","KILOGRAMO"
"2012-10-04T00:00:00.000","66","RISARALDA","66170","DOSQUEBRADAS","0.001","KILOGRAMO"
"2012-10-04T00:00:00.000","76","VALLE DEL CAUCA","76001","CALI","0.005","KILOGRAMO"
"2012-10-04T00:00:00.000","63","QUINDIO","63001","ARMENIA","0.001","KILOGRAMO"
"2012-10-03T00:00:00.000","08","ATLANTICO","08001","BARRANQUILLA","0.01","KILOGRAMO"
"2012-10-03T00:00:00.000","66","RISARALDA","66001","PEREIRA","0.001","KILOGRAMO"
"2012-10-02T00:00:00.000","76","VALLE DEL CAUCA","76001","CALI","0.005","KILOGRAMO"
"2012-10-02T00:00:00.000","63","QUINDIO","63001","ARMENIA","0.002","KILOGRAMO"
"2012-10-01T00:00:00.000","66","RISARALDA","66170","DOSQUEBRADAS","0.03","KILOGRAMO"
"2012-10-01T00:00:00.000","63","QUINDIO","63001","ARMENIA","0.002","KILOGRAMO"
"2012-09-30T00:00:00.000","76","VALLE DEL CAUCA","76147","CARTAGO","0.005","KILOGRAMO"
"2012-09-30T00:00:00.000","76","VALLE DEL CAUCA","76001","CALI","0.022","KILOGRAMO"
"2012-09-30T00:00:00.000","19","CAUCA","19001","POPAYAN","3","KILOGRAMO"
"2012-09-29T00:00:00.000","66","RISARALDA","66170","DOSQUEBRADAS","0.001","KILOGRAMO"
"2012-09-28T00:00:00.000","54","NORTE DE SANTANDER","54874","VILLA DEL ROSARIO","0.9712","KILOGRAMO"
"2012-09-28T00:00:00.000","63","QUINDIO","63001","ARMENIA","0.009","KILOGRAMO"
"2012-09-27T00:00:00.000","19","CAUCA","19532","PATIA","0.007","KILOGRAMO"
"2012-09-26T00:00:00.000","76","VALLE DEL CAUCA","76001","CALI","0.006","KILOGRAMO"
"2012-09-26T00:00:00.000","66","RISARALDA","66001","PEREIRA","0.001","KILOGRAMO"
"2012-09-26T00:00:00.000","41","HUILA","41551","PITALITO","0.1625","KILOGRAMO"
"2012-09-24T00:00:00.000","05","ANTIOQUIA","05001","MEDELLIN","0.01","KILOGRAMO"
"2012-09-24T00:00:00.000","76","VALLE DEL CAUCA","76001","CALI","0.002","KILOGRAMO"
"2012-09-24T00:00:00.000","63","QUINDIO","63001","ARMENIA","0.001","KILOGRAMO"
"2012-09-23T00:00:00.000","66","RISARALDA","66001","PEREIRA","0.003","KILOGRAMO"
"2012-09-23T00:00:00.000","76","VALLE DEL CAUCA","76001","CALI","0.002","KILOGRAMO"
"2012-09-23T00:00:00.000","66","RISARALDA","66170","DOSQUEBRADAS","0.002","KILOGRAMO"
"2012-09-22T00:00:00.000","05","ANTIOQUIA","05615","RIONEGRO","0.99","KILOGRAMO"
"2012-09-22T00:00:00.000","76","VALLE DEL CAUCA","76001","CALI","0.01","KILOGRAMO"
"2012-09-22T00:00:00.000","66","RISARALDA","66170","DOSQUEBRADAS","0.001","KILOGRAMO"
"2012-09-21T00:00:00.000","66","RISARALDA","66001","PEREIRA","0.02","KILOGRAMO"
"2012-09-21T00:00:00.000","76","VALLE DEL CAUCA","76520","PALMIRA","1.03","KILOGRAMO"
"2012-09-20T00:00:00.000","76","VALLE DEL CAUCA","76001","CALI","0.004","KILOGRAMO"
"2012-09-19T00:00:00.000","66","RISARALDA","66170","DOSQUEBRADAS","0.001","KILOGRAMO"
"2012-09-19T00:00:00.000","05","ANTIOQUIA","05190","CISNEROS","2","KILOGRAMO"
"2012-09-19T00:00:00.000","76","VALLE DEL CAUCA","76001","CALI","0.005","KILOGRAMO"
"2012-09-19T00:00:00.000","54","NORTE DE SANTANDER","54001","CUCUTA","0.008","KILOGRAMO"
"2012-09-18T00:00:00.000","19","CAUCA","19698","SANTANDER DE QUILICHAO","0.004","KILOGRAMO"
"2012-09-18T00:00:00.000","76","VALLE DEL CAUCA","76001","CALI","0.005","KILOGRAMO"
"2012-09-18T00:00:00.000","13","BOLIVAR","13001","CARTAGENA DE INDIAS","1.138","KILOGRAMO"
"2012-09-17T00:00:00.000","76","VALLE DEL CAUCA","76001","CALI","0.005","KILOGRAMO"
"2012-09-16T00:00:00.000","66","RISARALDA","66170","DOSQUEBRADAS","0.001","KILOGRAMO"
"2012-09-16T00:00:00.000","76","VALLE DEL CAUCA","76001","CALI","0.024","KILOGRAMO"
"2012-09-15T00:00:00.000","76","VALLE DEL CAUCA","76001","CALI","0.002","KILOGRAMO"
"2012-09-15T00:00:00.000","66","RISARALDA","66170","DOSQUEBRADAS","0.001","KILOGRAMO"
"2012-09-15T00:00:00.000","63","QUINDIO","63001","ARMENIA","0.018","KILOGRAMO"
"2012-09-14T00:00:00.000","54","NORTE DE SANTANDER","54001","CUCUTA","0.698","KILOGRAMO"
"2012-09-14T00:00:00.000","66","RISARALDA","66001","PEREIRA","0.004","KILOGRAMO"
"2012-09-13T00:00:00.000","11","BOGOTA D.C.","11001","BOGOTA D.C.","1","KILOGRAMO"
"2012-09-13T00:00:00.000","63","QUINDIO","63594","QUIMBAYA","0.019","KILOGRAMO"
"2012-09-13T00:00:00.000","54","NORTE DE SANTANDER","54001","CUCUTA","0.001","KILOGRAMO"
"2012-09-13T00:00:00.000","19","CAUCA","19698","SANTANDER DE QUILICHAO","0.009","KILOGRAMO"
"2012-09-12T00:00:00.000","63","QUINDIO","63001","ARMENIA","0.002","KILOGRAMO"
"2012-09-12T00:00:00.000","52","NARIÑO","52110","BUESACO","20.18","KILOGRAMO"
"2012-09-11T00:00:00.000","19","CAUCA","19698","SANTANDER DE QUILICHAO","0.007","KILOGRAMO"
"2012-09-11T00:00:00.000","76","VALLE DEL CAUCA","76001","CALI","0.002","KILOGRAMO"
"2012-09-10T00:00:00.000","54","NORTE DE SANTANDER","54001","CUCUTA","0.0015","KILOGRAMO"
"2012-09-10T00:00:00.000","19","CAUCA","19698","SANTANDER DE QUILICHAO","0.004","KILOGRAMO"
"2012-09-09T00:00:00.000","76","VALLE DEL CAUCA","76001","CALI","0.005","KILOGRAMO"
"2012-09-09T00:00:00.000","66","RISARALDA","66170","DOSQUEBRADAS","0.001","KILOGRAMO"
"2012-09-08T00:00:00.000","76","VALLE DEL CAUCA","76001","CALI","0.002","KILOGRAMO"
"2012-09-08T00:00:00.000","19","CAUCA","19698","SANTANDER DE QUILICHAO","0.008","KILOGRAMO"
"2012-09-07T00:00:00.000","19","CAUCA","19698","SANTANDER DE QUILICHAO","0.02","KILOGRAMO"
"2012-09-07T00:00:00.000","66","RISARALDA","66170","DOSQUEBRADAS","0.001","KILOGRAMO"
"2012-09-07T00:00:00.000","05","ANTIOQUIA","05615","RIONEGRO","1.054","KILOGRAMO"
"2012-09-06T00:00:00.000","66","RISARALDA","66001","PEREIRA","0.01","KILOGRAMO"
"2012-09-05T00:00:00.000","52","NARIÑO","52356","IPIALES","4.736","KILOGRAMO"
"2012-09-05T00:00:00.000","08","ATLANTICO","08001","BARRANQUILLA","0.01","KILOGRAMO"
"2012-09-05T00:00:00.000","76","VALLE DEL CAUCA","76001","CALI","0.002","KILOGRAMO"
"2012-09-04T00:00:00.000","66","RISARALDA","66001","PEREIRA","0.004","KILOGRAMO"
"2012-09-04T00:00:00.000","76","VALLE DEL CAUCA","76001","CALI","0.002","KILOGRAMO"
"2012-09-03T00:00:00.000","66","RISARALDA","66170","DOSQUEBRADAS","0.002","KILOGRAMO"
"2012-09-03T00:00:00.000","76","VALLE DEL CAUCA","76001","CALI","0.002","KILOGRAMO"
"2012-09-02T00:00:00.000","76","VALLE DEL CAUCA","76001","CALI","0.002","KILOGRAMO"
"2012-09-02T00:00:00.000","63","QUINDIO","63001","ARMENIA","0.002","KILOGRAMO"
"2012-09-01T00:00:00.000","63","QUINDIO","63001","ARMENIA","0.001","KILOGRAMO"
"2012-08-31T00:00:00.000","66","RISARALDA","66170","DOSQUEBRADAS","0.01","KILOGRAMO"
"2012-08-31T00:00:00.000","76","VALLE DEL CAUCA","76001","CALI","0.003","KILOGRAMO"
"2012-08-31T00:00:00.000","63","QUINDIO","63401","LA TEBAIDA","0.002","KILOGRAMO"
"2012-08-31T00:00:00.000","63","QUINDIO","63001","ARMENIA","2.2","KILOGRAMO"
"2012-08-31T00:00:00.000","47","MAGDALENA","47001","SANTA MARTA","0.004","KILOGRAMO"
"2012-08-30T00:00:00.000","76","VALLE DEL CAUCA","76001","CALI","0.002","KILOGRAMO"
"2012-08-29T00:00:00.000","66","RISARALDA","66170","DOSQUEBRADAS","0.001","KILOGRAMO"
"2012-08-29T00:00:00.000","54","NORTE DE SANTANDER","54001","CUCUTA","0.003","KILOGRAMO"
"2012-08-29T00:00:00.000","66","RISARALDA","66001","PEREIRA","0.004","KILOGRAMO"
"2012-08-29T00:00:00.000","63","QUINDIO","63212","CORDOBA","0.003","KILOGRAMO"
"2012-08-29T00:00:00.000","76","VALLE DEL CAUCA","76001","CALI","0.002","KILOGRAMO"
"2012-08-28T00:00:00.000","08","ATLANTICO","08001","BARRANQUILLA","0.003","KILOGRAMO"
"2012-08-28T00:00:00.000","76","VALLE DEL CAUCA","76001","CALI","0.006","KILOGRAMO"
"2012-08-28T00:00:00.000","08","ATLANTICO","08421","LURUACO","0.001","KILOGRAMO"
"2012-08-28T00:00:00.000","66","RISARALDA","66001","PEREIRA","0.001","KILOGRAMO"
"2012-08-27T00:00:00.000","66","RISARALDA","66001","PEREIRA","0.001","KILOGRAMO"
"2012-08-27T00:00:00.000","76","VALLE DEL CAUCA","76001","CALI","0.002","KILOGRAMO"
"2012-08-26T00:00:00.000","76","VALLE DEL CAUCA","76001","CALI","0.004","KILOGRAMO"
"2012-08-25T00:00:00.000","66","RISARALDA","66001","PEREIRA","0.002","KILOGRAMO"
"2012-08-25T00:00:00.000","66","RISARALDA","66170","DOSQUEBRADAS","0.001","KILOGRAMO"
"2012-08-24T00:00:00.000","76","VALLE DEL CAUCA","76001","CALI","0.004","KILOGRAMO"
"2012-08-24T00:00:00.000","76","VALLE DEL CAUCA","76147","CARTAGO","0.0025","KILOGRAMO"
"2012-08-24T00:00:00.000","66","RISARALDA","66001","PEREIRA","0.001","KILOGRAMO"
"2012-08-23T00:00:00.000","66","RISARALDA","66170","DOSQUEBRADAS","0.001","KILOGRAMO"
"2012-08-23T00:00:00.000","25","CUNDINAMARCA","25743","SILVANIA","5.63","KILOGRAMO"
"2012-08-22T00:00:00.000","76","VALLE DEL CAUCA","76001","CALI","0.002","KILOGRAMO"
"2012-08-21T00:00:00.000","63","QUINDIO","63190","CIRCASIA","0.002","KILOGRAMO"
"2012-08-21T00:00:00.000","66","RISARALDA","66170","DOSQUEBRADAS","0.002","KILOGRAMO"
"2012-08-20T00:00:00.000","76","VALLE DEL CAUCA","76001","CALI","0.001","KILOGRAMO"
"2012-08-20T00:00:00.000","19","CAUCA","19698","SANTANDER DE QUILICHAO","0.006","KILOGRAMO"
"2012-08-19T00:00:00.000","76","VALLE DEL CAUCA","76001","CALI","0.001","KILOGRAMO"
"2012-08-19T00:00:00.000","66","RISARALDA","66170","DOSQUEBRADAS","0.001","KILOGRAMO"
"2012-08-19T00:00:00.000","19","CAUCA","19532","PATIA","2","KILOGRAMO"
"2012-08-18T00:00:00.000","08","ATLANTICO","08001","BARRANQUILLA","0.003","KILOGRAMO"
"2012-08-18T00:00:00.000","66","RISARALDA","66170","DOSQUEBRADAS","0.004","KILOGRAMO"
"2012-08-17T00:00:00.000","08","ATLANTICO","08001","BARRANQUILLA","0.004","KILOGRAMO"
"2012-08-17T00:00:00.000","54","NORTE DE SANTANDER","54001","CUCUTA","0.003","KILOGRAMO"
"2012-08-17T00:00:00.000","76","VALLE DEL CAUCA","76520","PALMIRA","0.713","KILOGRAMO"
"2012-08-16T00:00:00.000","76","VALLE DEL CAUCA","76001","CALI","0.002","KILOGRAMO"
"2012-08-16T00:00:00.000","63","QUINDIO","63001","ARMENIA","0.001","KILOGRAMO"
"2012-08-16T00:00:00.000","66","RISARALDA","66001","PEREIRA","0.005","KILOGRAMO"
"2012-08-15T00:00:00.000","76","VALLE DEL CAUCA","76520","PALMIRA","0.1311","KILOGRAMO"
"2012-08-15T00:00:00.000","66","RISARALDA","66170","DOSQUEBRADAS","0.001","KILOGRAMO"
"2012-08-15T00:00:00.000","66","RISARALDA","66001","PEREIRA","0.001","KILOGRAMO"
"2012-08-14T00:00:00.000","66","RISARALDA","66170","DOSQUEBRADAS","0.001","KILOGRAMO"
"2012-08-14T00:00:00.000","63","QUINDIO","63001","ARMENIA","0.001","KILOGRAMO"
"2012-08-14T00:00:00.000","76","VALLE DEL CAUCA","76001","CALI","0.001","KILOGRAMO"
"2012-08-13T00:00:00.000","08","ATLANTICO","08001","BARRANQUILLA","0.011","KILOGRAMO"
"2012-08-13T00:00:00.000","66","RISARALDA","66001","PEREIRA","0.035","KILOGRAMO"
"2012-08-12T00:00:00.000","76","VALLE DEL CAUCA","76001","CALI","0.004","KILOGRAMO"
"2012-08-11T00:00:00.000","76","VALLE DEL CAUCA","76001","CALI","0.006","KILOGRAMO"
"2012-08-11T00:00:00.000","19","CAUCA","19001","POPAYAN","0.004","KILOGRAMO"
"2012-08-11T00:00:00.000","11","BOGOTA D.C.","11001","BOGOTA D.C.","1.474","KILOGRAMO"
"2012-08-10T00:00:00.000","76","VALLE DEL CAUCA","76001","CALI","0.004","KILOGRAMO"
"2012-08-10T00:00:00.000","66","RISARALDA","66001","PEREIRA","0.001","KILOGRAMO"
"2012-08-09T00:00:00.000","76","VALLE DEL CAUCA","76001","CALI","0.002","KILOGRAMO"
"2012-08-09T00:00:00.000","13","BOLIVAR","13001","CARTAGENA DE INDIAS","0.6","KILOGRAMO"
"2012-08-09T00:00:00.000","66","RISARALDA","66170","DOSQUEBRADAS","0.044","KILOGRAMO"
"2012-08-09T00:00:00.000","66","RISARALDA","66001","PEREIRA","0.07","KILOGRAMO"
"2012-08-08T00:00:00.000","08","ATLANTICO","08001","BARRANQUILLA","0.041","KILOGRAMO"
"2012-08-08T00:00:00.000","63","QUINDIO","63001","ARMENIA","0.001","KILOGRAMO"
"2012-08-08T00:00:00.000","66","RISARALDA","66001","PEREIRA","0.009","KILOGRAMO"
"2012-08-08T00:00:00.000","76","VALLE DEL CAUCA","76001","CALI","0.003","KILOGRAMO"
"2012-08-08T00:00:00.000","66","RISARALDA","66170","DOSQUEBRADAS","0.003","KILOGRAMO"
"2012-08-07T00:00:00.000","11","BOGOTA D.C.","11001","BOGOTA D.C.","0.51","KILOGRAMO"
"2012-08-07T00:00:00.000","76","VALLE DEL CAUCA","76001","CALI","0.003","KILOGRAMO"
"2012-08-07T00:00:00.000","66","RISARALDA","66170","DOSQUEBRADAS","0.002","KILOGRAMO"
"2012-08-07T00:00:00.000","66","RISARALDA","66001","PEREIRA","0.001","KILOGRAMO"
"2012-08-06T00:00:00.000","76","VALLE DEL CAUCA","76001","CALI","0.003","KILOGRAMO"
"2012-08-06T00:00:00.000","66","RISARALDA","66170","DOSQUEBRADAS","0.003","KILOGRAMO"
"2012-08-06T00:00:00.000","54","NORTE DE SANTANDER","54001","CUCUTA","0.006","KILOGRAMO"
"2012-08-05T00:00:00.000","63","QUINDIO","63001","ARMENIA","0.002","KILOGRAMO"
"2012-08-05T00:00:00.000","11","BOGOTA D.C.","11001","BOGOTA D.C.","1","KILOGRAMO"
"2012-08-05T00:00:00.000","08","ATLANTICO","08001","BARRANQUILLA","0.015","KILOGRAMO"
"2012-08-04T00:00:00.000","63","QUINDIO","63130","CALARCA","0.005","KILOGRAMO"
"2012-08-04T00:00:00.000","66","RISARALDA","66001","PEREIRA","0.001","KILOGRAMO"
"2012-08-04T00:00:00.000","54","NORTE DE SANTANDER","54001","CUCUTA","0.001","KILOGRAMO"
"2012-08-03T00:00:00.000","08","ATLANTICO","08685","SANTO TOMAS","0.003","KILOGRAMO"
"2012-08-03T00:00:00.000","66","RISARALDA","66170","DOSQUEBRADAS","0.001","KILOGRAMO"
"2012-08-02T00:00:00.000","08","ATLANTICO","08001","BARRANQUILLA","0.009","KILOGRAMO"
"2012-08-02T00:00:00.000","66","RISARALDA","66170","DOSQUEBRADAS","0.067","KILOGRAMO"
"2012-08-01T00:00:00.000","76","VALLE DEL CAUCA","76233","DAGUA","0.112","KILOGRAMO"
"2012-08-01T00:00:00.000","63","QUINDIO","63001","ARMENIA","0.001","KILOGRAMO"
"2012-07-31T00:00:00.000","76","VALLE DEL CAUCA","76001","CALI","0.002","KILOGRAMO"
"2012-07-31T00:00:00.000","52","NARIÑO","52838","TUQUERRES","1","KILOGRAMO"
"2012-07-31T00:00:00.000","66","RISARALDA","66170","DOSQUEBRADAS","0.001","KILOGRAMO"
"2012-07-30T00:00:00.000","66","RISARALDA","66001","PEREIRA","0.016","KILOGRAMO"
"2012-07-30T00:00:00.000","19","CAUCA","19698","SANTANDER DE QUILICHAO","5.0137","KILOGRAMO"
"2012-07-30T00:00:00.000","08","ATLANTICO","08520","PALMAR DE VARELA","0.001","KILOGRAMO"
"2012-07-30T00:00:00.000","66","RISARALDA","66170","DOSQUEBRADAS","0.001","KILOGRAMO"
"2012-07-30T00:00:00.000","63","QUINDIO","63001","ARMENIA","0.012","KILOGRAMO"
"2012-07-30T00:00:00.000","54","NORTE DE SANTANDER","54001","CUCUTA","0.005","KILOGRAMO"
"2012-07-29T00:00:00.000","76","VALLE DEL CAUCA","76001","CALI","0.001","KILOGRAMO"
"2012-07-28T00:00:00.000","05","ANTIOQUIA","05001","MEDELLIN","0.012","KILOGRAMO"
"2012-07-28T00:00:00.000","66","RISARALDA","66001","PEREIRA","0.03","KILOGRAMO"
"2012-07-28T00:00:00.000","66","RISARALDA","66170","DOSQUEBRADAS","0.002","KILOGRAMO"
"2012-07-28T00:00:00.000","08","ATLANTICO","08001","BARRANQUILLA","0.006","KILOGRAMO"
"2012-07-28T00:00:00.000","19","CAUCA","19698","SANTANDER DE QUILICHAO","0.005","KILOGRAMO"
"2012-07-27T00:00:00.000","66","RISARALDA","66170","DOSQUEBRADAS","0.002","KILOGRAMO"
"2012-07-27T00:00:00.000","76","VALLE DEL CAUCA","76001","CALI","0.005","KILOGRAMO"
"2012-07-27T00:00:00.000","63","QUINDIO","63001","ARMENIA","0.005","KILOGRAMO"
"2012-07-27T00:00:00.000","11","BOGOTA D.C.","11001","BOGOTA D.C.","3.98","KILOGRAMO"
"2012-07-27T00:00:00.000","05","ANTIOQUIA","05001","MEDELLIN","10.6","KILOGRAMO"
"2012-07-27T00:00:00.000","08","ATLANTICO","08001","BARRANQUILLA","0.656","KILOGRAMO"
"2012-07-26T00:00:00.000","52","NARIÑO","52835","SAN ANDRES DE TUMACO","1.6","KILOGRAMO"
"2012-07-26T00:00:00.000","66","RISARALDA","66170","DOSQUEBRADAS","0.133","KILOGRAMO"
"2012-07-26T00:00:00.000","54","NORTE DE SANTANDER","54001","CUCUTA","0.001","KILOGRAMO"
"2012-07-25T00:00:00.000","66","RISARALDA","66170","DOSQUEBRADAS","0.002","KILOGRAMO"
"2012-07-25T00:00:00.000","08","ATLANTICO","08001","BARRANQUILLA","0.022","KILOGRAMO"
"2012-07-24T00:00:00.000","54","NORTE DE SANTANDER","54001","CUCUTA","3","KILOGRAMO"
"2012-07-24T00:00:00.000","76","VALLE DEL CAUCA","76364","JAMUNDI","0.021","KILOGRAMO"
"2012-07-23T00:00:00.000","76","VALLE DEL CAUCA","76147","CARTAGO","0.002","KILOGRAMO"
"2012-07-23T00:00:00.000","66","RISARALDA","66001","PEREIRA","0.005","KILOGRAMO"
"2012-07-23T00:00:00.000","66","RISARALDA","66170","DOSQUEBRADAS","0.003","KILOGRAMO"
"2012-07-23T00:00:00.000","08","ATLANTICO","08634","SABANAGRANDE","0.002","KILOGRAMO"
"2012-07-22T00:00:00.000","19","CAUCA","19698","SANTANDER DE QUILICHAO","0.002","KILOGRAMO"
"2012-07-22T00:00:00.000","66","RISARALDA","66170","DOSQUEBRADAS","0.002","KILOGRAMO"
"2012-07-22T00:00:00.000","66","RISARALDA","66045","APIA","0.006","KILOGRAMO"
"2012-07-21T00:00:00.000","66","RISARALDA","66170","DOSQUEBRADAS","0.001","KILOGRAMO"
"2012-07-20T00:00:00.000","08","ATLANTICO","08001","BARRANQUILLA","0.013","KILOGRAMO"
"2012-07-20T00:00:00.000","76","VALLE DEL CAUCA","76001","CALI","0.002","KILOGRAMO"
"2012-07-20T00:00:00.000","66","RISARALDA","66170","DOSQUEBRADAS","0.002","KILOGRAMO"
"2012-07-20T00:00:00.000","63","QUINDIO","63001","ARMENIA","0.002","KILOGRAMO"
"2012-07-19T00:00:00.000","76","VALLE DEL CAUCA","76001","CALI","0.008","KILOGRAMO"
"2012-07-19T00:00:00.000","66","RISARALDA","66170","DOSQUEBRADAS","0.002","KILOGRAMO"
"2012-07-19T00:00:00.000","08","ATLANTICO","08137","CAMPO DE LA CRUZ","0.002","KILOGRAMO"
"2012-07-18T00:00:00.000","76","VALLE DEL CAUCA","76001","CALI","0.005","KILOGRAMO"
"2012-07-18T00:00:00.000","66","RISARALDA","66001","PEREIRA","0.001","KILOGRAMO"
"2012-07-18T00:00:00.000","54","NORTE DE SANTANDER","54874","VILLA DEL ROSARIO","3.444","KILOGRAMO"
"2012-07-18T00:00:00.000","08","ATLANTICO","08001","BARRANQUILLA","0.01","KILOGRAMO"
"2012-07-17T00:00:00.000","05","ANTIOQUIA","05001","MEDELLIN","0.016","KILOGRAMO"
"2012-07-16T00:00:00.000","66","RISARALDA","66045","APIA","0.007","KILOGRAMO"
"2012-07-16T00:00:00.000","63","QUINDIO","63001","ARMENIA","0.001","KILOGRAMO"
"2012-07-16T00:00:00.000","76","VALLE DEL CAUCA","76001","CALI","0.011","KILOGRAMO"
"2012-07-14T00:00:00.000","76","VALLE DEL CAUCA","76001","CALI","0.001","KILOGRAMO"
"2012-07-14T00:00:00.000","11","BOGOTA D.C.","11001","BOGOTA D.C.","1.668","KILOGRAMO"
"2012-07-14T00:00:00.000","63","QUINDIO","63001","ARMENIA","0.001","KILOGRAMO"
"2012-07-13T00:00:00.000","66","RISARALDA","66001","PEREIRA","0.004","KILOGRAMO"
"2012-07-13T00:00:00.000","66","RISARALDA","66170","DOSQUEBRADAS","0.002","KILOGRAMO"
"2012-07-13T00:00:00.000","63","QUINDIO","63001","ARMENIA","0.006","KILOGRAMO"
"2012-07-13T00:00:00.000","63","QUINDIO","63190","CIRCASIA","0.001","KILOGRAMO"
"2012-07-13T00:00:00.000","08","ATLANTICO","08001","BARRANQUILLA","0.003","KILOGRAMO"
"2012-07-12T00:00:00.000","76","VALLE DEL CAUCA","76001","CALI","0.001","KILOGRAMO"
"2012-07-12T00:00:00.000","66","RISARALDA","66170","DOSQUEBRADAS","0.001","KILOGRAMO"
"2012-07-12T00:00:00.000","08","ATLANTICO","08001","BARRANQUILLA","1.002","KILOGRAMO"
"2012-07-11T00:00:00.000","63","QUINDIO","63001","ARMENIA","0.022","KILOGRAMO"
"2012-07-11T00:00:00.000","66","RISARALDA","66170","DOSQUEBRADAS","0.001","KILOGRAMO"
"2012-07-11T00:00:00.000","76","VALLE DEL CAUCA","76001","CALI","0.003","KILOGRAMO"
"2012-07-11T00:00:00.000","66","RISARALDA","66001","PEREIRA","0.04","KILOGRAMO"
"2012-07-10T00:00:00.000","08","ATLANTICO","08001","BARRANQUILLA","2.13","KILOGRAMO"
"2012-07-10T00:00:00.000","66","RISARALDA","66001","PEREIRA","0.009","KILOGRAMO"
"2012-07-10T00:00:00.000","66","RISARALDA","66170","DOSQUEBRADAS","0.54","KILOGRAMO"
"2012-07-10T00:00:00.000","19","CAUCA","19698","SANTANDER DE QUILICHAO","0.142","KILOGRAMO"
"2012-07-10T00:00:00.000","63","QUINDIO","63001","ARMENIA","0.035","KILOGRAMO"
"2012-07-09T00:00:00.000","08","ATLANTICO","08001","BARRANQUILLA","0.05","KILOGRAMO"
"2012-07-09T00:00:00.000","54","NORTE DE SANTANDER","54001","CUCUTA","0.0025","KILOGRAMO"
"2012-07-09T00:00:00.000","66","RISARALDA","66170","DOSQUEBRADAS","0.001","KILOGRAMO"
"2012-07-09T00:00:00.000","19","CAUCA","19845","VILLA RICA","5","KILOGRAMO"
"2012-07-09T00:00:00.000","63","QUINDIO","63001","ARMENIA","0.041","KILOGRAMO"
"2012-07-08T00:00:00.000","19","CAUCA","19698","SANTANDER DE QUILICHAO","0.012","KILOGRAMO"
"2012-07-07T00:00:00.000","66","RISARALDA","66170","DOSQUEBRADAS","0.003","KILOGRAMO"
"2012-07-07T00:00:00.000","08","ATLANTICO","08296","GALAPA","0.005","KILOGRAMO"
"2012-07-07T00:00:00.000","63","QUINDIO","63190","CIRCASIA","0.002","KILOGRAMO"
"2012-07-06T00:00:00.000","08","ATLANTICO","08001","BARRANQUILLA","0.01","KILOGRAMO"
"2012-07-06T00:00:00.000","63","QUINDIO","63001","ARMENIA","0.001","KILOGRAMO"
"2012-07-05T00:00:00.000","66","RISARALDA","66170","DOSQUEBRADAS","0.001","KILOGRAMO"
"2012-07-05T00:00:00.000","76","VALLE DEL CAUCA","76001","CALI","0.002","KILOGRAMO"
"2012-07-05T00:00:00.000","08","ATLANTICO","08433","MALAMBO","0.01","KILOGRAMO"
"2012-07-04T00:00:00.000","54","NORTE DE SANTANDER","54001","CUCUTA","0.0086","KILOGRAMO"
"2012-07-04T00:00:00.000","66","RISARALDA","66170","DOSQUEBRADAS","0.506","KILOGRAMO"
"2012-07-04T00:00:00.000","08","ATLANTICO","08001","BARRANQUILLA","0.005","KILOGRAMO"
"2012-07-04T00:00:00.000","63","QUINDIO","63001","ARMENIA","0.001","KILOGRAMO"
"2012-07-03T00:00:00.000","66","RISARALDA","66001","PEREIRA","0.011","KILOGRAMO"
"2012-07-03T00:00:00.000","63","QUINDIO","63001","ARMENIA","0.002","KILOGRAMO"
"2012-07-02T00:00:00.000","08","ATLANTICO","08001","BARRANQUILLA","0.005","KILOGRAMO"
"2012-07-01T00:00:00.000","54","NORTE DE SANTANDER","54001","CUCUTA","0.003","KILOGRAMO"
"2012-07-01T00:00:00.000","66","RISARALDA","66170","DOSQUEBRADAS","0.001","KILOGRAMO"
"2012-07-01T00:00:00.000","08","ATLANTICO","08001","BARRANQUILLA","0.003","KILOGRAMO"
"2012-06-30T00:00:00.000","08","ATLANTICO","08001","BARRANQUILLA","0.001","KILOGRAMO"
"2012-06-30T00:00:00.000","91","AMAZONAS","91001","LETICIA","8.085","KILOGRAMO"
"2012-06-30T00:00:00.000","63","QUINDIO","63001","ARMENIA","0.527","KILOGRAMO"
"2012-06-30T00:00:00.000","66","RISARALDA","66170","DOSQUEBRADAS","0.001","KILOGRAMO"
"2012-06-29T00:00:00.000","08","ATLANTICO","08001","BARRANQUILLA","0.012","KILOGRAMO"
"2012-06-29T00:00:00.000","66","RISARALDA","66170","DOSQUEBRADAS","0.03","KILOGRAMO"
"2012-06-29T00:00:00.000","76","VALLE DEL CAUCA","76001","CALI","0.003","KILOGRAMO"
"2012-06-28T00:00:00.000","08","ATLANTICO","08001","BARRANQUILLA","0.02","KILOGRAMO"
"2012-06-28T00:00:00.000","05","ANTIOQUIA","05376","LA CEJA","0.001","KILOGRAMO"
"2012-06-28T00:00:00.000","63","QUINDIO","63001","ARMENIA","0.008","KILOGRAMO"
"2012-06-28T00:00:00.000","66","RISARALDA","66170","DOSQUEBRADAS","0.012","KILOGRAMO"
"2012-06-28T00:00:00.000","19","CAUCA","19698","SANTANDER DE QUILICHAO","0.0062","KILOGRAMO"
"2012-06-27T00:00:00.000","76","VALLE DEL CAUCA","76520","PALMIRA","0.7","KILOGRAMO"
"2012-06-27T00:00:00.000","66","RISARALDA","66001","PEREIRA","0.004","KILOGRAMO"
"2012-06-27T00:00:00.000","08","ATLANTICO","08001","BARRANQUILLA","0.003","KILOGRAMO"
"2012-06-26T00:00:00.000","54","NORTE DE SANTANDER","54001","CUCUTA","0.001","KILOGRAMO"
"2012-06-26T00:00:00.000","76","VALLE DEL CAUCA","76001","CALI","0.002","KILOGRAMO"
"2012-06-26T00:00:00.000","13","BOLIVAR","13001","CARTAGENA DE INDIAS","4.96","KILOGRAMO"
"2012-06-25T00:00:00.000","05","ANTIOQUIA","05001","MEDELLIN","0.02","KILOGRAMO"
"2012-06-25T00:00:00.000","76","VALLE DEL CAUCA","76001","CALI","0.007","KILOGRAMO"
"2012-06-25T00:00:00.000","13","BOLIVAR","13001","CARTAGENA DE INDIAS","1.972","KILOGRAMO"
"2012-06-25T00:00:00.000","66","RISARALDA","66170","DOSQUEBRADAS","0.001","KILOGRAMO"
"2012-06-24T00:00:00.000","66","RISARALDA","66170","DOSQUEBRADAS","0.001","KILOGRAMO"
"2012-06-24T00:00:00.000","76","VALLE DEL CAUCA","76001","CALI","0.009","KILOGRAMO"
"2012-06-24T00:00:00.000","05","ANTIOQUIA","05001","MEDELLIN","0.205","KILOGRAMO"
"2012-06-22T00:00:00.000","08","ATLANTICO","08758","SOLEDAD","0.002","KILOGRAMO"
"2012-06-22T00:00:00.000","76","VALLE DEL CAUCA","76001","CALI","0.008","KILOGRAMO"
"2012-06-22T00:00:00.000","08","ATLANTICO","08001","BARRANQUILLA","0.065","KILOGRAMO"
"2012-06-22T00:00:00.000","63","QUINDIO","63001","ARMENIA","0.001","KILOGRAMO"
"2012-06-22T00:00:00.000","66","RISARALDA","66001","PEREIRA","0.001","KILOGRAMO"
"2012-06-22T00:00:00.000","66","RISARALDA","66170","DOSQUEBRADAS","0.007","KILOGRAMO"
"2012-06-21T00:00:00.000","66","RISARALDA","66170","DOSQUEBRADAS","0.076","KILOGRAMO"
"2012-06-21T00:00:00.000","08","ATLANTICO","08001","BARRANQUILLA","0.01","KILOGRAMO"
"2012-06-21T00:00:00.000","63","QUINDIO","63001","ARMENIA","0.001","KILOGRAMO"
"2012-06-20T00:00:00.000","76","VALLE DEL CAUCA","76001","CALI","0.002","KILOGRAMO"
"2012-06-20T00:00:00.000","76","VALLE DEL CAUCA","76520","PALMIRA","0.546","KILOGRAMO"
"2012-06-19T00:00:00.000","66","RISARALDA","66001","PEREIRA","0.005","KILOGRAMO"
"2012-06-19T00:00:00.000","54","NORTE DE SANTANDER","54001","CUCUTA","0.001","KILOGRAMO"
"2012-06-19T00:00:00.000","76","VALLE DEL CAUCA","76001","CALI","0.003","KILOGRAMO"
"2012-06-18T00:00:00.000","63","QUINDIO","63190","CIRCASIA","0.001","KILOGRAMO"
"2012-06-18T00:00:00.000","54","NORTE DE SANTANDER","54001","CUCUTA","0.001","KILOGRAMO"
"2012-06-18T00:00:00.000","05","ANTIOQUIA","05042","SANTA FE DE ANTIOQUIA","0.042","KILOGRAMO"
"2012-06-18T00:00:00.000","66","RISARALDA","66170","DOSQUEBRADAS","0.001","KILOGRAMO"
"2012-06-16T00:00:00.000","76","VALLE DEL CAUCA","76001","CALI","0.005","KILOGRAMO"
"2012-06-16T00:00:00.000","66","RISARALDA","66001","PEREIRA","0.015","KILOGRAMO"
"2012-06-16T00:00:00.000","08","ATLANTICO","08001","BARRANQUILLA","0.02","KILOGRAMO"
"2012-06-15T00:00:00.000","63","QUINDIO","63001","ARMENIA","0.001","KILOGRAMO"
"2012-06-15T00:00:00.000","66","RISARALDA","66001","PEREIRA","0.025","KILOGRAMO"
"2012-06-15T00:00:00.000","19","CAUCA","19698","SANTANDER DE QUILICHAO","0.0025","KILOGRAMO"
"2012-06-15T00:00:00.000","08","ATLANTICO","08001","BARRANQUILLA","0.302","KILOGRAMO"
"2012-06-14T00:00:00.000","08","ATLANTICO","08001","BARRANQUILLA","0.01","KILOGRAMO"
"2012-06-14T00:00:00.000","76","VALLE DEL CAUCA","76001","CALI","0.002","KILOGRAMO"
"2012-06-14T00:00:00.000","66","RISARALDA","66170","DOSQUEBRADAS","0.001","KILOGRAMO"
"2012-06-14T00:00:00.000","63","QUINDIO","63001","ARMENIA","0.002","KILOGRAMO"
"2012-06-13T00:00:00.000","05","ANTIOQUIA","05212","COPACABANA","0.01","KILOGRAMO"
"2012-06-12T00:00:00.000","63","QUINDIO","63001","ARMENIA","0.001","KILOGRAMO"
"2012-06-12T00:00:00.000","66","RISARALDA","66170","DOSQUEBRADAS","0.001","KILOGRAMO"
"2012-06-11T00:00:00.000","66","RISARALDA","66001","PEREIRA","0.002","KILOGRAMO"
"2012-06-10T00:00:00.000","08","ATLANTICO","08001","BARRANQUILLA","1.2","KILOGRAMO"
"2012-06-10T00:00:00.000","76","VALLE DEL CAUCA","76001","CALI","0.00030","KILOGRAMO"
"2012-06-09T00:00:00.000","76","VALLE DEL CAUCA","76001","CALI","0.005","KILOGRAMO"
"2012-06-09T00:00:00.000","63","QUINDIO","63001","ARMENIA","0.002","KILOGRAMO"
"2012-06-08T00:00:00.000","76","VALLE DEL CAUCA","76001","CALI","0.012","KILOGRAMO"
"2012-06-08T00:00:00.000","08","ATLANTICO","08001","BARRANQUILLA","0.04","KILOGRAMO"
"2012-06-08T00:00:00.000","66","RISARALDA","66170","DOSQUEBRADAS","0.34","KILOGRAMO"
"2012-06-08T00:00:00.000","63","QUINDIO","63001","ARMENIA","0.002","KILOGRAMO"
"2012-06-08T00:00:00.000","52","NARIÑO","52110","BUESACO","3.5","KILOGRAMO"
"2012-06-08T00:00:00.000","76","VALLE DEL CAUCA","76113","BUGALAGRANDE","6.5","KILOGRAMO"
"2012-06-07T00:00:00.000","76","VALLE DEL CAUCA","76001","CALI","0.006","KILOGRAMO"
"2012-06-07T00:00:00.000","63","QUINDIO","63001","ARMENIA","0.002","KILOGRAMO"
"2012-06-07T00:00:00.000","08","ATLANTICO","08001","BARRANQUILLA","0.01","KILOGRAMO"
"2012-06-06T00:00:00.000","66","RISARALDA","66170","DOSQUEBRADAS","0.001","KILOGRAMO"
"2012-06-06T00:00:00.000","76","VALLE DEL CAUCA","76001","CALI","0.002","KILOGRAMO"
"2012-06-06T00:00:00.000","63","QUINDIO","63001","ARMENIA","0.003","KILOGRAMO"
"2012-06-05T00:00:00.000","05","ANTIOQUIA","05001","MEDELLIN","0.02","KILOGRAMO"
"2012-06-05T00:00:00.000","76","VALLE DEL CAUCA","76001","CALI","4.036","KILOGRAMO"
"2012-06-05T00:00:00.000","76","VALLE DEL CAUCA","76147","CARTAGO","0.006","KILOGRAMO"
"2012-06-05T00:00:00.000","66","RISARALDA","66170","DOSQUEBRADAS","0.001","KILOGRAMO"
"2012-06-05T00:00:00.000","19","CAUCA","19001","POPAYAN","4.9","KILOGRAMO"
"2012-06-05T00:00:00.000","52","NARIÑO","52001","PASTO","8.044","KILOGRAMO"
"2012-06-05T00:00:00.000","63","QUINDIO","63001","ARMENIA","0.002","KILOGRAMO"
"2012-06-04T00:00:00.000","76","VALLE DEL CAUCA","76001","CALI","0.0025","KILOGRAMO"
"2012-06-03T00:00:00.000","76","VALLE DEL CAUCA","76001","CALI","0.008","KILOGRAMO"
"2012-06-03T00:00:00.000","63","QUINDIO","63001","ARMENIA","0.001","KILOGRAMO"
"2012-06-02T00:00:00.000","63","QUINDIO","63001","ARMENIA","0.004","KILOGRAMO"
"2012-06-02T00:00:00.000","66","RISARALDA","66170","DOSQUEBRADAS","0.001","KILOGRAMO"
"2012-06-02T00:00:00.000","19","CAUCA","19001","POPAYAN","2","KILOGRAMO"
"2012-06-02T00:00:00.000","76","VALLE DEL CAUCA","76001","CALI","0.002","KILOGRAMO"
"2012-06-01T00:00:00.000","63","QUINDIO","63001","ARMENIA","0.027","KILOGRAMO"
"2012-06-01T00:00:00.000","76","VALLE DEL CAUCA","76001","CALI","0.001","KILOGRAMO"
"2012-06-01T00:00:00.000","08","ATLANTICO","08001","BARRANQUILLA","0.075","KILOGRAMO"
"2012-06-01T00:00:00.000","76","VALLE DEL CAUCA","76147","CARTAGO","0.007","KILOGRAMO"
"2012-06-01T00:00:00.000","66","RISARALDA","66170","DOSQUEBRADAS","0.001","KILOGRAMO"
"2012-05-31T00:00:00.000","76","VALLE DEL CAUCA","76001","CALI","0.001","KILOGRAMO"
"2012-05-31T00:00:00.000","63","QUINDIO","63001","ARMENIA","0.003","KILOGRAMO"
"2012-05-30T00:00:00.000","47","MAGDALENA","47001","SANTA MARTA","0.005","KILOGRAMO"
"2012-05-30T00:00:00.000","76","VALLE DEL CAUCA","76001","CALI","0.003","KILOGRAMO"
"2012-05-30T00:00:00.000","05","ANTIOQUIA","05001","MEDELLIN","0.03","KILOGRAMO"
"2012-05-29T00:00:00.000","76","VALLE DEL CAUCA","76001","CALI","0.002","KILOGRAMO"
"2012-05-29T00:00:00.000","66","RISARALDA","66001","PEREIRA","0.009","KILOGRAMO"
"2012-05-29T00:00:00.000","08","ATLANTICO","08001","BARRANQUILLA","0.012","KILOGRAMO"
"2012-05-29T00:00:00.000","63","QUINDIO","63001","ARMENIA","0.004","KILOGRAMO"
"2012-05-29T00:00:00.000","76","VALLE DEL CAUCA","76834","TULUA","20.375","KILOGRAMO"
"2012-05-28T00:00:00.000","63","QUINDIO","63001","ARMENIA","0.003","KILOGRAMO"
"2012-05-28T00:00:00.000","66","RISARALDA","66170","DOSQUEBRADAS","0.002","KILOGRAMO"
"2012-05-28T00:00:00.000","08","ATLANTICO","08001","BARRANQUILLA","0.01","KILOGRAMO"
"2012-05-27T00:00:00.000","63","QUINDIO","63001","ARMENIA","0.003","KILOGRAMO"
"2012-05-27T00:00:00.000","76","VALLE DEL CAUCA","76001","CALI","0.01","KILOGRAMO"
"2012-05-27T00:00:00.000","66","RISARALDA","66170","DOSQUEBRADAS","0.002","KILOGRAMO"
"2012-05-26T00:00:00.000","63","QUINDIO","63001","ARMENIA","0.002","KILOGRAMO"
"2012-05-25T00:00:00.000","66","RISARALDA","66001","PEREIRA","2.002","KILOGRAMO"
"2012-05-25T00:00:00.000","63","QUINDIO","63001","ARMENIA","0.002","KILOGRAMO"
"2012-05-25T00:00:00.000","08","ATLANTICO","08001","BARRANQUILLA","0.009","KILOGRAMO"
"2012-05-25T00:00:00.000","76","VALLE DEL CAUCA","76001","CALI","0.011","KILOGRAMO"
"2012-05-25T00:00:00.000","66","RISARALDA","66170","DOSQUEBRADAS","0.001","KILOGRAMO"
"2012-05-24T00:00:00.000","63","QUINDIO","63001","ARMENIA","0.002","KILOGRAMO"
"2012-05-23T00:00:00.000","05","ANTIOQUIA","05001","MEDELLIN","0.2","KILOGRAMO"
"2012-05-23T00:00:00.000","63","QUINDIO","63001","ARMENIA","0.02","KILOGRAMO"
"2012-05-23T00:00:00.000","76","VALLE DEL CAUCA","76834","TULUA","1.08","KILOGRAMO"
"2012-05-23T00:00:00.000","05","ANTIOQUIA","05079","BARBOSA","0.005","KILOGRAMO"
"2012-05-22T00:00:00.000","63","QUINDIO","63001","ARMENIA","0.004","KILOGRAMO"
"2012-05-22T00:00:00.000","76","VALLE DEL CAUCA","76001","CALI","0.004","KILOGRAMO"
"2012-05-21T00:00:00.000","76","VALLE DEL CAUCA","76001","CALI","0.002","KILOGRAMO"
"2012-05-21T00:00:00.000","63","QUINDIO","63001","ARMENIA","0.001","KILOGRAMO"
"2012-05-20T00:00:00.000","05","ANTIOQUIA","05001","MEDELLIN","0.031","KILOGRAMO"
"2012-05-20T00:00:00.000","76","VALLE DEL CAUCA","76001","CALI","0.002","KILOGRAMO"
"2012-05-19T00:00:00.000","05","ANTIOQUIA","05001","MEDELLIN","0.06","KILOGRAMO"
"2012-05-19T00:00:00.000","76","VALLE DEL CAUCA","76001","CALI","0.003","KILOGRAMO"
"2012-05-19T00:00:00.000","66","RISARALDA","66001","PEREIRA","0.012","KILOGRAMO"
"2012-05-18T00:00:00.000","76","VALLE DEL CAUCA","76001","CALI","0.004","KILOGRAMO"
"2012-05-18T00:00:00.000","08","ATLANTICO","08001","BARRANQUILLA","0.058","KILOGRAMO"
"2012-05-18T00:00:00.000","08","ATLANTICO","08758","SOLEDAD","0.4","KILOGRAMO"
"2012-05-18T00:00:00.000","66","RISARALDA","66001","PEREIRA","0.012","KILOGRAMO"
"2012-05-18T00:00:00.000","66","RISARALDA","66170","DOSQUEBRADAS","0.001","KILOGRAMO"
"2012-05-17T00:00:00.000","11","BOGOTA D.C.","11001","BOGOTA D.C.","0.444","KILOGRAMO"
"2012-05-17T00:00:00.000","08","ATLANTICO","08001","BARRANQUILLA","0.017","KILOGRAMO"
"2012-05-17T00:00:00.000","76","VALLE DEL CAUCA","76001","CALI","0.002","KILOGRAMO"
"2012-05-17T00:00:00.000","63","QUINDIO","63001","ARMENIA","0.001","KILOGRAMO"
"2012-05-16T00:00:00.000","66","RISARALDA","66170","DOSQUEBRADAS","0.001","KILOGRAMO"
"2012-05-16T00:00:00.000","76","VALLE DEL CAUCA","76001","CALI","0.008","KILOGRAMO"
"2012-05-16T00:00:00.000","19","CAUCA","19698","SANTANDER DE QUILICHAO","0.005","KILOGRAMO"
"2012-05-16T00:00:00.000","63","QUINDIO","63001","ARMENIA","0.001","KILOGRAMO"
"2012-05-15T00:00:00.000","66","RISARALDA","66088","BELEN DE UMBRIA","0.008","KILOGRAMO"
"2012-05-15T00:00:00.000","76","VALLE DEL CAUCA","76001","CALI","0.002","KILOGRAMO"
"2012-05-15T00:00:00.000","66","RISARALDA","66001","PEREIRA","0.018","KILOGRAMO"
"2012-05-15T00:00:00.000","66","RISARALDA","66170","DOSQUEBRADAS","0.004","KILOGRAMO"
"2012-05-14T00:00:00.000","76","VALLE DEL CAUCA","76001","CALI","0.002","KILOGRAMO"
"2012-05-14T00:00:00.000","08","ATLANTICO","08001","BARRANQUILLA","0.01","KILOGRAMO"
"2012-05-13T00:00:00.000","66","RISARALDA","66170","DOSQUEBRADAS","0.001","KILOGRAMO"
"2012-05-13T00:00:00.000","76","VALLE DEL CAUCA","76001","CALI","0.002","KILOGRAMO"
"2012-05-12T00:00:00.000","76","VALLE DEL CAUCA","76001","CALI","0.003","KILOGRAMO"
"2012-05-12T00:00:00.000","66","RISARALDA","66170","DOSQUEBRADAS","0.001","KILOGRAMO"
"2012-05-12T00:00:00.000","52","NARIÑO","52240","CHACHAGÜI","12.045","KILOGRAMO"
"2012-05-12T00:00:00.000","11","BOGOTA D.C.","11001","BOGOTA D.C.","2.148","KILOGRAMO"
"2012-05-11T00:00:00.000","76","VALLE DEL CAUCA","76001","CALI","0.00625","KILOGRAMO"
"2012-05-11T00:00:00.000","63","QUINDIO","63001","ARMENIA","0.026","KILOGRAMO"
"2012-05-11T00:00:00.000","05","ANTIOQUIA","05380","LA ESTRELLA","0.002","KILOGRAMO"
"2012-05-10T00:00:00.000","66","RISARALDA","66001","PEREIRA","0.001","KILOGRAMO"
"2012-05-10T00:00:00.000","08","ATLANTICO","08001","BARRANQUILLA","0.01","KILOGRAMO"
"2012-05-10T00:00:00.000","76","VALLE DEL CAUCA","76001","CALI","0.1095","KILOGRAMO"
"2012-05-10T00:00:00.000","63","QUINDIO","63001","ARMENIA","0.061","KILOGRAMO"
"2012-05-09T00:00:00.000","76","VALLE DEL CAUCA","76001","CALI","0.001","KILOGRAMO"
"2012-05-09T00:00:00.000","54","NORTE DE SANTANDER","54001","CUCUTA","3.07","KILOGRAMO"
"2012-05-09T00:00:00.000","08","ATLANTICO","08001","BARRANQUILLA","0.011","KILOGRAMO"
"2012-05-09T00:00:00.000","19","CAUCA","19698","SANTANDER DE QUILICHAO","0.002","KILOGRAMO"
"2012-05-08T00:00:00.000","76","VALLE DEL CAUCA","76001","CALI","0.006","KILOGRAMO"
"2012-05-08T00:00:00.000","66","RISARALDA","66170","DOSQUEBRADAS","0.001","KILOGRAMO"
"2012-05-07T00:00:00.000","66","RISARALDA","66001","PEREIRA","0.001","KILOGRAMO"
"2012-05-07T00:00:00.000","19","CAUCA","19698","SANTANDER DE QUILICHAO","0.0019","KILOGRAMO"
"2012-05-07T00:00:00.000","76","VALLE DEL CAUCA","76001","CALI","0.006","KILOGRAMO"
"2012-05-07T00:00:00.000","63","QUINDIO","63001","ARMENIA","0.001","KILOGRAMO"
"2012-05-07T00:00:00.000","66","RISARALDA","66170","DOSQUEBRADAS","0.003","KILOGRAMO"
"2012-05-07T00:00:00.000","08","ATLANTICO","08296","GALAPA","0.005","KILOGRAMO"
"2012-05-06T00:00:00.000","63","QUINDIO","63272","FILANDIA","0.001","KILOGRAMO"
"2012-05-06T00:00:00.000","76","VALLE DEL CAUCA","76001","CALI","0.002","KILOGRAMO"
"2012-05-05T00:00:00.000","76","VALLE DEL CAUCA","76001","CALI","0.003","KILOGRAMO"
"2012-05-05T00:00:00.000","63","QUINDIO","63001","ARMENIA","0.003","KILOGRAMO"
"2012-05-04T00:00:00.000","66","RISARALDA","66001","PEREIRA","0.001","KILOGRAMO"
"2012-05-04T00:00:00.000","76","VALLE DEL CAUCA","76001","CALI","0.001","KILOGRAMO"
"2012-05-03T00:00:00.000","52","NARIÑO","52378","LA CRUZ","20","KILOGRAMO"
"2012-05-03T00:00:00.000","08","ATLANTICO","08001","BARRANQUILLA","0.014","KILOGRAMO"
"2012-05-03T00:00:00.000","63","QUINDIO","63401","LA TEBAIDA","0.009","KILOGRAMO"
"2012-05-03T00:00:00.000","27","CHOCO","27372","JURADO","0.79","KILOGRAMO"
"2012-05-03T00:00:00.000","76","VALLE DEL CAUCA","76001","CALI","0.00525","KILOGRAMO"
"2012-05-02T00:00:00.000","66","RISARALDA","66170","DOSQUEBRADAS","0.051","KILOGRAMO"
"2012-05-02T00:00:00.000","76","VALLE DEL CAUCA","76001","CALI","0.00025","KILOGRAMO"
"2012-05-02T00:00:00.000","08","ATLANTICO","08001","BARRANQUILLA","0.005","KILOGRAMO"
"2012-05-02T00:00:00.000","19","CAUCA","19698","SANTANDER DE QUILICHAO","0.0049","KILOGRAMO"
"2012-05-01T00:00:00.000","76","VALLE DEL CAUCA","76001","CALI","0.0025","KILOGRAMO"
"2012-05-01T00:00:00.000","63","QUINDIO","63001","ARMENIA","0.001","KILOGRAMO"
"2012-04-30T00:00:00.000","76","VALLE DEL CAUCA","76113","BUGALAGRANDE","1.97","KILOGRAMO"
"2012-04-30T00:00:00.000","76","VALLE DEL CAUCA","76001","CALI","0.002","KILOGRAMO"
"2012-04-29T00:00:00.000","76","VALLE DEL CAUCA","76001","CALI","0.01","KILOGRAMO"
"2012-04-29T00:00:00.000","63","QUINDIO","63001","ARMENIA","0.001","KILOGRAMO"
"2012-04-28T00:00:00.000","76","VALLE DEL CAUCA","76001","CALI","0.00325","KILOGRAMO"
"2012-04-28T00:00:00.000","54","NORTE DE SANTANDER","54001","CUCUTA","0.0035","KILOGRAMO"
"2012-04-27T00:00:00.000","19","CAUCA","19698","SANTANDER DE QUILICHAO","0.012","KILOGRAMO"
"2012-04-27T00:00:00.000","66","RISARALDA","66170","DOSQUEBRADAS","0.079","KILOGRAMO"
"2012-04-27T00:00:00.000","76","VALLE DEL CAUCA","76001","CALI","0.005","KILOGRAMO"
"2012-04-27T00:00:00.000","54","NORTE DE SANTANDER","54001","CUCUTA","0.0034","KILOGRAMO"
"2012-04-27T00:00:00.000","63","QUINDIO","63001","ARMENIA","1.145","KILOGRAMO"
"2012-04-26T00:00:00.000","66","RISARALDA","66001","PEREIRA","0.035","KILOGRAMO"
"2012-04-26T00:00:00.000","63","QUINDIO","63001","ARMENIA","0.002","KILOGRAMO"
"2012-04-26T00:00:00.000","08","ATLANTICO","08001","BARRANQUILLA","0.003","KILOGRAMO"
"2012-04-25T00:00:00.000","66","RISARALDA","66170","DOSQUEBRADAS","0.001","KILOGRAMO"
"2012-04-25T00:00:00.000","76","VALLE DEL CAUCA","76001","CALI","0.01","KILOGRAMO"
"2012-04-25T00:00:00.000","54","NORTE DE SANTANDER","54001","CUCUTA","0.0027","KILOGRAMO"
"2012-04-24T00:00:00.000","66","RISARALDA","66001","PEREIRA","0.003","KILOGRAMO"
"2012-04-24T00:00:00.000","63","QUINDIO","63001","ARMENIA","0.001","KILOGRAMO"
"2012-04-24T00:00:00.000","76","VALLE DEL CAUCA","76001","CALI","0.015","KILOGRAMO"
"2012-04-23T00:00:00.000","76","VALLE DEL CAUCA","76001","CALI","0.004","KILOGRAMO"
"2012-04-23T00:00:00.000","63","QUINDIO","63001","ARMENIA","0.001","KILOGRAMO"
"2012-04-23T00:00:00.000","66","RISARALDA","66170","DOSQUEBRADAS","0.13","KILOGRAMO"
"2012-04-22T00:00:00.000","76","VALLE DEL CAUCA","76001","CALI","0.009","KILOGRAMO"
"2012-04-21T00:00:00.000","08","ATLANTICO","08001","BARRANQUILLA","0.005","KILOGRAMO"
"2012-04-21T00:00:00.000","76","VALLE DEL CAUCA","76001","CALI","0.003","KILOGRAMO"
"2012-04-20T00:00:00.000","76","VALLE DEL CAUCA","76001","CALI","0.002","KILOGRAMO"
"2012-04-20T00:00:00.000","63","QUINDIO","63130","CALARCA","0.006","KILOGRAMO"
"2012-04-20T00:00:00.000","63","QUINDIO","63302","GENOVA","0.002","KILOGRAMO"
"2012-04-20T00:00:00.000","66","RISARALDA","66170","DOSQUEBRADAS","0.001","KILOGRAMO"
"2012-04-19T00:00:00.000","76","VALLE DEL CAUCA","76001","CALI","0.007","KILOGRAMO"
"2012-04-19T00:00:00.000","54","NORTE DE SANTANDER","54001","CUCUTA","0.001","KILOGRAMO"
"2012-04-19T00:00:00.000","66","RISARALDA","66001","PEREIRA","0.005","KILOGRAMO"
"2012-04-19T00:00:00.000","66","RISARALDA","66170","DOSQUEBRADAS","0.082","KILOGRAMO"
"2012-04-18T00:00:00.000","54","NORTE DE SANTANDER","54001","CUCUTA","1.261","KILOGRAMO"
"2012-04-18T00:00:00.000","66","RISARALDA","66001","PEREIRA","0.001","KILOGRAMO"
"2012-04-18T00:00:00.000","08","ATLANTICO","08001","BARRANQUILLA","0.01","KILOGRAMO"
"2012-04-17T00:00:00.000","54","NORTE DE SANTANDER","54001","CUCUTA","0.002","KILOGRAMO"
"2012-04-17T00:00:00.000","76","VALLE DEL CAUCA","76001","CALI","0.005","KILOGRAMO"
"2012-04-16T00:00:00.000","66","RISARALDA","66682","SANTA ROSA DE CABAL","8.255","KILOGRAMO"
"2012-04-16T00:00:00.000","63","QUINDIO","63001","ARMENIA","0.001","KILOGRAMO"
"2012-04-16T00:00:00.000","11","BOGOTA D.C.","11001","BOGOTA D.C.","1.954","KILOGRAMO"
"2012-04-15T00:00:00.000","63","QUINDIO","63001","ARMENIA","0.018","KILOGRAMO"
"2012-04-15T00:00:00.000","66","RISARALDA","66170","DOSQUEBRADAS","0.001","KILOGRAMO"
"2012-04-15T00:00:00.000","63","QUINDIO","63190","CIRCASIA","0.001","KILOGRAMO"
"2012-04-14T00:00:00.000","63","QUINDIO","63130","CALARCA","0.051","KILOGRAMO"
"2012-04-14T00:00:00.000","66","RISARALDA","66170","DOSQUEBRADAS","0.001","KILOGRAMO"
"2012-04-14T00:00:00.000","63","QUINDIO","63001","ARMENIA","0.323","KILOGRAMO"
"2012-04-14T00:00:00.000","08","ATLANTICO","08433","MALAMBO","0.003","KILOGRAMO"
"2012-04-14T00:00:00.000","08","ATLANTICO","08001","BARRANQUILLA","0.565","KILOGRAMO"
"2012-04-13T00:00:00.000","66","RISARALDA","66170","DOSQUEBRADAS","0.002","KILOGRAMO"
"2012-04-13T00:00:00.000","76","VALLE DEL CAUCA","76001","CALI","0.0045","KILOGRAMO"
"2012-04-13T00:00:00.000","52","NARIÑO","52001","PASTO","4.028","KILOGRAMO"
"2012-04-12T00:00:00.000","66","RISARALDA","66001","PEREIRA","0.085","KILOGRAMO"
"2012-04-12T00:00:00.000","66","RISARALDA","66170","DOSQUEBRADAS","0.005","KILOGRAMO"
"2012-04-11T00:00:00.000","76","VALLE DEL CAUCA","76001","CALI","0.033","KILOGRAMO"
"2012-04-11T00:00:00.000","66","RISARALDA","66170","DOSQUEBRADAS","0.135","KILOGRAMO"
"2012-04-11T00:00:00.000","54","NORTE DE SANTANDER","54001","CUCUTA","0.003","KILOGRAMO"
"2012-04-11T00:00:00.000","63","QUINDIO","63001","ARMENIA","0.005","KILOGRAMO"
"2012-04-10T00:00:00.000","66","RISARALDA","66001","PEREIRA","0.01","KILOGRAMO"
"2012-04-10T00:00:00.000","66","RISARALDA","66440","MARSELLA","0.017","KILOGRAMO"
"2012-04-10T00:00:00.000","66","RISARALDA","66170","DOSQUEBRADAS","0.005","KILOGRAMO"
"2012-04-10T00:00:00.000","63","QUINDIO","63001","ARMENIA","0.001","KILOGRAMO"
"2012-04-10T00:00:00.000","76","VALLE DEL CAUCA","76001","CALI","0.006","KILOGRAMO"
"2012-04-09T00:00:00.000","66","RISARALDA","66170","DOSQUEBRADAS","0.002","KILOGRAMO"
"2012-04-09T00:00:00.000","76","VALLE DEL CAUCA","76001","CALI","0.004","KILOGRAMO"
"2012-04-09T00:00:00.000","66","RISARALDA","66001","PEREIRA","0.007","KILOGRAMO"
"2012-04-09T00:00:00.000","63","QUINDIO","63001","ARMENIA","0.001","KILOGRAMO"
"2012-04-08T00:00:00.000","76","VALLE DEL CAUCA","76001","CALI","0.002","KILOGRAMO"
"2012-04-08T00:00:00.000","63","QUINDIO","63001","ARMENIA","0.001","KILOGRAMO"
"2012-04-07T00:00:00.000","63","QUINDIO","63001","ARMENIA","0.006","KILOGRAMO"
"2012-04-06T00:00:00.000","68","SANTANDER","68081","BARRANCABERMEJA","0.001","KILOGRAMO"
"2012-04-06T00:00:00.000","66","RISARALDA","66170","DOSQUEBRADAS","0.002","KILOGRAMO"
"2012-04-05T00:00:00.000","76","VALLE DEL CAUCA","76001","CALI","0.003","KILOGRAMO"
"2012-04-04T00:00:00.000","76","VALLE DEL CAUCA","76001","CALI","0.00925","KILOGRAMO"
"2012-04-04T00:00:00.000","76","VALLE DEL CAUCA","76147","CARTAGO","0.002","KILOGRAMO"
"2012-04-03T00:00:00.000","63","QUINDIO","63001","ARMENIA","0.002","KILOGRAMO"
"2012-04-03T00:00:00.000","66","RISARALDA","66001","PEREIRA","0.003","KILOGRAMO"
"2012-04-03T00:00:00.000","76","VALLE DEL CAUCA","76001","CALI","0.003","KILOGRAMO"
"2012-04-02T00:00:00.000","76","VALLE DEL CAUCA","76001","CALI","0.007","KILOGRAMO"
"2012-04-01T00:00:00.000","54","NORTE DE SANTANDER","54001","CUCUTA","0.002","KILOGRAMO"
"2012-04-01T00:00:00.000","44","LA GUAJIRA","44090","DIBULLA","30","KILOGRAMO"
"2012-03-31T00:00:00.000","08","ATLANTICO","08520","PALMAR DE VARELA","0.005","KILOGRAMO"
"2012-03-30T00:00:00.000","63","QUINDIO","63001","ARMENIA","0.05","KILOGRAMO"
"2012-03-30T00:00:00.000","08","ATLANTICO","08001","BARRANQUILLA","0.004","KILOGRAMO"
"2012-03-30T00:00:00.000","76","VALLE DEL CAUCA","76001","CALI","0.004","KILOGRAMO"
"2012-03-30T00:00:00.000","08","ATLANTICO","08638","SABANALARGA","0.001","KILOGRAMO"
"2012-03-30T00:00:00.000","63","QUINDIO","63401","LA TEBAIDA","0.006","KILOGRAMO"
"2012-03-29T00:00:00.000","66","RISARALDA","66170","DOSQUEBRADAS","0.017","KILOGRAMO"
"2012-03-29T00:00:00.000","66","RISARALDA","66001","PEREIRA","0.075","KILOGRAMO"
"2012-03-29T00:00:00.000","76","VALLE DEL CAUCA","76001","CALI","0.001","KILOGRAMO"
"2012-03-29T00:00:00.000","63","QUINDIO","63001","ARMENIA","0.003","KILOGRAMO"
"2012-03-28T00:00:00.000","63","QUINDIO","63001","ARMENIA","0.006","KILOGRAMO"
"2012-03-28T00:00:00.000","20","CESAR","20001","VALLEDUPAR","2.008","KILOGRAMO"
"2012-03-28T00:00:00.000","66","RISARALDA","66170","DOSQUEBRADAS","0.001","KILOGRAMO"
"2012-03-27T00:00:00.000","66","RISARALDA","66001","PEREIRA","0.11","KILOGRAMO"
"2012-03-26T00:00:00.000","76","VALLE DEL CAUCA","76001","CALI","0.001","KILOGRAMO"
"2012-03-26T00:00:00.000","66","RISARALDA","66001","PEREIRA","0.4","KILOGRAMO"
"2012-03-26T00:00:00.000","63","QUINDIO","63690","SALENTO","0.005","KILOGRAMO"
"2012-03-25T00:00:00.000","66","RISARALDA","66170","DOSQUEBRADAS","0.001","KILOGRAMO"
"2012-03-24T00:00:00.000","66","RISARALDA","66001","PEREIRA","0.002","KILOGRAMO"
"2012-03-24T00:00:00.000","66","RISARALDA","66170","DOSQUEBRADAS","0.001","KILOGRAMO"
"2012-03-24T00:00:00.000","63","QUINDIO","63001","ARMENIA","0.001","KILOGRAMO"
"2012-03-23T00:00:00.000","76","VALLE DEL CAUCA","76001","CALI","0.0045","KILOGRAMO"
"2012-03-23T00:00:00.000","66","RISARALDA","66001","PEREIRA","0.05","KILOGRAMO"
"2012-03-23T00:00:00.000","19","CAUCA","19698","SANTANDER DE QUILICHAO","0.001","KILOGRAMO"
"2012-03-23T00:00:00.000","05","ANTIOQUIA","05001","MEDELLIN","0.025","KILOGRAMO"
"2012-03-22T00:00:00.000","08","ATLANTICO","08001","BARRANQUILLA","0.006","KILOGRAMO"
"2012-03-22T00:00:00.000","76","VALLE DEL CAUCA","76001","CALI","0.00025","KILOGRAMO"
"2012-03-22T00:00:00.000","66","RISARALDA","66170","DOSQUEBRADAS","0.002","KILOGRAMO"
"2012-03-22T00:00:00.000","66","RISARALDA","66001","PEREIRA","0.11","KILOGRAMO"
"2012-03-21T00:00:00.000","66","RISARALDA","66170","DOSQUEBRADAS","0.001","KILOGRAMO"
"2012-03-21T00:00:00.000","76","VALLE DEL CAUCA","76001","CALI","0.007","KILOGRAMO"
"2012-03-21T00:00:00.000","19","CAUCA","19698","SANTANDER DE QUILICHAO","0.002","KILOGRAMO"
"2012-03-20T00:00:00.000","76","VALLE DEL CAUCA","76001","CALI","0.00025","KILOGRAMO"
"2012-03-19T00:00:00.000","76","VALLE DEL CAUCA","76001","CALI","0.001","KILOGRAMO"
"2012-03-19T00:00:00.000","19","CAUCA","19698","SANTANDER DE QUILICHAO","0.002","KILOGRAMO"
"2012-03-19T00:00:00.000","63","QUINDIO","63001","ARMENIA","0.004","KILOGRAMO"
"2012-03-18T00:00:00.000","05","ANTIOQUIA","05001","MEDELLIN","0.16","KILOGRAMO"
"2012-03-18T00:00:00.000","76","VALLE DEL CAUCA","76001","CALI","0.015","KILOGRAMO"
"2012-03-18T00:00:00.000","66","RISARALDA","66170","DOSQUEBRADAS","0.003","KILOGRAMO"
"2012-03-17T00:00:00.000","63","QUINDIO","63401","LA TEBAIDA","0.25","KILOGRAMO"
"2012-03-17T00:00:00.000","54","NORTE DE SANTANDER","54001","CUCUTA","0.002","KILOGRAMO"
"2012-03-17T00:00:00.000","76","VALLE DEL CAUCA","76001","CALI","0.003","KILOGRAMO"
"2012-03-17T00:00:00.000","66","RISARALDA","66170","DOSQUEBRADAS","0.001","KILOGRAMO"
"2012-03-16T00:00:00.000","76","VALLE DEL CAUCA","76001","CALI","0.001","KILOGRAMO"
"2012-03-16T00:00:00.000","66","RISARALDA","66170","DOSQUEBRADAS","0.001","KILOGRAMO"
"2012-03-16T00:00:00.000","66","RISARALDA","66001","PEREIRA","0.006","KILOGRAMO"
"2012-03-16T00:00:00.000","63","QUINDIO","63001","ARMENIA","0.001","KILOGRAMO"
"2012-03-15T00:00:00.000","76","VALLE DEL CAUCA","76001","CALI","0.005","KILOGRAMO"
"2012-03-15T00:00:00.000","66","RISARALDA","66001","PEREIRA","0.063","KILOGRAMO"
"2012-03-15T00:00:00.000","76","VALLE DEL CAUCA","76520","PALMIRA","0.365","KILOGRAMO"
"2012-03-15T00:00:00.000","54","NORTE DE SANTANDER","54223","CUCUTILLA","1.254","KILOGRAMO"
"2012-03-14T00:00:00.000","76","VALLE DEL CAUCA","76834","TULUA","4.5","KILOGRAMO"
"2012-03-14T00:00:00.000","19","CAUCA","19698","SANTANDER DE QUILICHAO","0.0016","KILOGRAMO"
"2012-03-14T00:00:00.000","76","VALLE DEL CAUCA","76001","CALI","0.0095","KILOGRAMO"
"2012-03-14T00:00:00.000","08","ATLANTICO","08001","BARRANQUILLA","0.001","KILOGRAMO"
"2012-03-14T00:00:00.000","63","QUINDIO","63001","ARMENIA","0.002","KILOGRAMO"
"2012-03-14T00:00:00.000","11","BOGOTA D.C.","11001","BOGOTA D.C.","0.025","KILOGRAMO"
"2012-03-13T00:00:00.000","66","RISARALDA","66170","DOSQUEBRADAS","0.005","KILOGRAMO"
"2012-03-13T00:00:00.000","76","VALLE DEL CAUCA","76001","CALI","0.011","KILOGRAMO"
"2012-03-13T00:00:00.000","66","RISARALDA","66001","PEREIRA","0.002","KILOGRAMO"
"2012-03-13T00:00:00.000","54","NORTE DE SANTANDER","54001","CUCUTA","0.001","KILOGRAMO"
"2012-03-13T00:00:00.000","63","QUINDIO","63190","CIRCASIA","0.004","KILOGRAMO"
"2012-03-12T00:00:00.000","66","RISARALDA","66170","DOSQUEBRADAS","0.002","KILOGRAMO"
"2012-03-12T00:00:00.000","47","MAGDALENA","47001","SANTA MARTA","1.637","KILOGRAMO"
"2012-03-12T00:00:00.000","76","VALLE DEL CAUCA","76001","CALI","0.003","KILOGRAMO"
"2012-03-11T00:00:00.000","63","QUINDIO","63001","ARMENIA","0.001","KILOGRAMO"
"2012-03-10T00:00:00.000","08","ATLANTICO","08001","BARRANQUILLA","0.003","KILOGRAMO"
"2012-03-10T00:00:00.000","66","RISARALDA","66170","DOSQUEBRADAS","0.003","KILOGRAMO"
"2012-03-10T00:00:00.000","66","RISARALDA","66075","BALBOA","0.005","KILOGRAMO"
"2012-03-09T00:00:00.000","66","RISARALDA","66170","DOSQUEBRADAS","0.002","KILOGRAMO"
"2012-03-09T00:00:00.000","76","VALLE DEL CAUCA","76001","CALI","0.002","KILOGRAMO"
"2012-03-09T00:00:00.000","11","BOGOTA D.C.","11001","BOGOTA D.C.","3.199","KILOGRAMO"
"2012-03-08T00:00:00.000","63","QUINDIO","63001","ARMENIA","0.001","KILOGRAMO"
"2012-03-08T00:00:00.000","66","RISARALDA","66001","PEREIRA","0.113","KILOGRAMO"
"2012-03-08T00:00:00.000","08","ATLANTICO","08001","BARRANQUILLA","0.003","KILOGRAMO"
"2012-03-08T00:00:00.000","76","VALLE DEL CAUCA","76001","CALI","0.004","KILOGRAMO"
"2012-03-07T00:00:00.000","05","ANTIOQUIA","05001","MEDELLIN","0.04","KILOGRAMO"
"2012-03-07T00:00:00.000","63","QUINDIO","63690","SALENTO","0.004","KILOGRAMO"
"2012-03-07T00:00:00.000","66","RISARALDA","66170","DOSQUEBRADAS","0.002","KILOGRAMO"
"2012-03-07T00:00:00.000","76","VALLE DEL CAUCA","76520","PALMIRA","4","KILOGRAMO"
"2012-03-07T00:00:00.000","66","RISARALDA","66001","PEREIRA","0.003","KILOGRAMO"
"2012-03-06T00:00:00.000","63","QUINDIO","63001","ARMENIA","0.006","KILOGRAMO"
"2012-03-06T00:00:00.000","76","VALLE DEL CAUCA","76001","CALI","0.007","KILOGRAMO"
"2012-03-06T00:00:00.000","66","RISARALDA","66001","PEREIRA","0.042","KILOGRAMO"
"2012-03-06T00:00:00.000","19","CAUCA","19698","SANTANDER DE QUILICHAO","0.002","KILOGRAMO"
"2012-03-05T00:00:00.000","63","QUINDIO","63130","CALARCA","0.018","KILOGRAMO"
"2012-03-05T00:00:00.000","63","QUINDIO","63001","ARMENIA","0.011","KILOGRAMO"
"2012-03-05T00:00:00.000","66","RISARALDA","66170","DOSQUEBRADAS","0.001","KILOGRAMO"
"2012-03-05T00:00:00.000","76","VALLE DEL CAUCA","76001","CALI","0.002","KILOGRAMO"
"2012-03-04T00:00:00.000","66","RISARALDA","66170","DOSQUEBRADAS","0.001","KILOGRAMO"
"2012-03-04T00:00:00.000","63","QUINDIO","63001","ARMENIA","0.105","KILOGRAMO"
"2012-03-04T00:00:00.000","76","VALLE DEL CAUCA","76001","CALI","0.002","KILOGRAMO"
"2012-03-03T00:00:00.000","66","RISARALDA","66170","DOSQUEBRADAS","0.004","KILOGRAMO"
"2012-03-03T00:00:00.000","05","ANTIOQUIA","05001","MEDELLIN","0.045","KILOGRAMO"
"2012-03-02T00:00:00.000","11","BOGOTA D.C.","11001","BOGOTA D.C.","14","KILOGRAMO"
"2012-03-02T00:00:00.000","63","QUINDIO","63001","ARMENIA","0.001","KILOGRAMO"
"2012-03-02T00:00:00.000","66","RISARALDA","66001","PEREIRA","0.003","KILOGRAMO"
"2012-03-01T00:00:00.000","66","RISARALDA","66001","PEREIRA","0.012","KILOGRAMO"
"2012-03-01T00:00:00.000","47","MAGDALENA","47001","SANTA MARTA","1.882","KILOGRAMO"
"2012-02-29T00:00:00.000","66","RISARALDA","66170","DOSQUEBRADAS","0.001","KILOGRAMO"
"2012-02-29T00:00:00.000","63","QUINDIO","63001","ARMENIA","0.005","KILOGRAMO"
"2012-02-29T00:00:00.000","76","VALLE DEL CAUCA","76001","CALI","0.01","KILOGRAMO"
"2012-02-28T00:00:00.000","52","NARIÑO","52001","PASTO","16","KILOGRAMO"
"2012-02-28T00:00:00.000","76","VALLE DEL CAUCA","76364","JAMUNDI","0.003","KILOGRAMO"
"2012-02-28T00:00:00.000","66","RISARALDA","66001","PEREIRA","0.026","KILOGRAMO"
"2012-02-28T00:00:00.000","66","RISARALDA","66170","DOSQUEBRADAS","0.004","KILOGRAMO"
"2012-02-28T00:00:00.000","63","QUINDIO","63001","ARMENIA","0.001","KILOGRAMO"
"2012-02-28T00:00:00.000","19","CAUCA","19698","SANTANDER DE QUILICHAO","0.007","KILOGRAMO"
"2012-02-27T00:00:00.000","11","BOGOTA D.C.","11001","BOGOTA D.C.","3","KILOGRAMO"
"2012-02-27T00:00:00.000","76","VALLE DEL CAUCA","76001","CALI","0.011","KILOGRAMO"
"2012-02-26T00:00:00.000","66","RISARALDA","66170","DOSQUEBRADAS","0.002","KILOGRAMO"
"2012-02-26T00:00:00.000","76","VALLE DEL CAUCA","76001","CALI","0.008","KILOGRAMO"
"2012-02-26T00:00:00.000","54","NORTE DE SANTANDER","54001","CUCUTA","0.0016","KILOGRAMO"
"2012-02-25T00:00:00.000","76","VALLE DEL CAUCA","76001","CALI","0.011","KILOGRAMO"
"2012-02-25T00:00:00.000","63","QUINDIO","63190","CIRCASIA","0.003","KILOGRAMO"
"2012-02-25T00:00:00.000","08","ATLANTICO","08001","BARRANQUILLA","0.006","KILOGRAMO"
"2012-02-25T00:00:00.000","52","NARIÑO","52001","PASTO","13.38","KILOGRAMO"
"2012-02-24T00:00:00.000","66","RISARALDA","66170","DOSQUEBRADAS","0.003","KILOGRAMO"
"2012-02-24T00:00:00.000","76","VALLE DEL CAUCA","76001","CALI","0.006","KILOGRAMO"
"2012-02-24T00:00:00.000","63","QUINDIO","63001","ARMENIA","0.552","KILOGRAMO"
"2012-02-24T00:00:00.000","54","NORTE DE SANTANDER","54001","CUCUTA","0.006","KILOGRAMO"
"2012-02-24T00:00:00.000","66","RISARALDA","66001","PEREIRA","0.012","KILOGRAMO"
"2012-02-23T00:00:00.000","73","TOLIMA","73001","IBAGUE","0.6","KILOGRAMO"
"2012-02-23T00:00:00.000","66","RISARALDA","66400","LA VIRGINIA","0.002","KILOGRAMO"
"2012-02-23T00:00:00.000","66","RISARALDA","66383","LA CELIA","0.045","KILOGRAMO"
"2012-02-23T00:00:00.000","66","RISARALDA","66001","PEREIRA","0.001","KILOGRAMO"
"2012-02-23T00:00:00.000","63","QUINDIO","63190","CIRCASIA","0.003","KILOGRAMO"
"2012-02-22T00:00:00.000","19","CAUCA","19532","PATIA","2","KILOGRAMO"
"2012-02-22T00:00:00.000","63","QUINDIO","63001","ARMENIA","0.016","KILOGRAMO"
"2012-02-22T00:00:00.000","81","ARAUCA","81001","ARAUCA","0.002","KILOGRAMO"
"2012-02-22T00:00:00.000","76","VALLE DEL CAUCA","76001","CALI","0.001","KILOGRAMO"
"2012-02-21T00:00:00.000","25","CUNDINAMARCA","25817","TOCANCIPA","0.007","KILOGRAMO"
"2012-02-21T00:00:00.000","66","RISARALDA","66001","PEREIRA","0.002","KILOGRAMO"
"2012-02-21T00:00:00.000","76","VALLE DEL CAUCA","76001","CALI","0.004","KILOGRAMO"
"2012-02-21T00:00:00.000","63","QUINDIO","63001","ARMENIA","0.016","KILOGRAMO"
"2012-02-20T00:00:00.000","63","QUINDIO","63001","ARMENIA","0.005","KILOGRAMO"
"2012-02-20T00:00:00.000","76","VALLE DEL CAUCA","76001","CALI","0.006","KILOGRAMO"
"2012-02-20T00:00:00.000","66","RISARALDA","66170","DOSQUEBRADAS","0.001","KILOGRAMO"
"2012-02-19T00:00:00.000","19","CAUCA","19698","SANTANDER DE QUILICHAO","0.009","KILOGRAMO"
"2012-02-19T00:00:00.000","76","VALLE DEL CAUCA","76001","CALI","0.002","KILOGRAMO"
"2012-02-19T00:00:00.000","63","QUINDIO","63001","ARMENIA","0.00050","KILOGRAMO"
"2012-02-18T00:00:00.000","66","RISARALDA","66170","DOSQUEBRADAS","0.001","KILOGRAMO"
"2012-02-18T00:00:00.000","81","ARAUCA","81001","ARAUCA","0.008","KILOGRAMO"
"2012-02-18T00:00:00.000","63","QUINDIO","63001","ARMENIA","0.003","KILOGRAMO"
"2012-02-18T00:00:00.000","63","QUINDIO","63272","FILANDIA","0.004","KILOGRAMO"
"2012-02-18T00:00:00.000","76","VALLE DEL CAUCA","76001","CALI","0.003","KILOGRAMO"
"2012-02-17T00:00:00.000","76","VALLE DEL CAUCA","76001","CALI","0.002","KILOGRAMO"
"2012-02-17T00:00:00.000","05","ANTIOQUIA","05001","MEDELLIN","0.04","KILOGRAMO"
"2012-02-17T00:00:00.000","66","RISARALDA","66170","DOSQUEBRADAS","0.004","KILOGRAMO"
"2012-02-17T00:00:00.000","63","QUINDIO","63001","ARMENIA","0.027","KILOGRAMO"
"2012-02-16T00:00:00.000","76","VALLE DEL CAUCA","76001","CALI","0.003","KILOGRAMO"
"2012-02-16T00:00:00.000","76","VALLE DEL CAUCA","76364","JAMUNDI","0.002","KILOGRAMO"
"2012-02-16T00:00:00.000","66","RISARALDA","66170","DOSQUEBRADAS","0.001","KILOGRAMO"
"2012-02-16T00:00:00.000","66","RISARALDA","66400","LA VIRGINIA","0.003","KILOGRAMO"
"2012-02-16T00:00:00.000","66","RISARALDA","66001","PEREIRA","0.002","KILOGRAMO"
"2012-02-15T00:00:00.000","66","RISARALDA","66170","DOSQUEBRADAS","0.005","KILOGRAMO"
"2012-02-15T00:00:00.000","76","VALLE DEL CAUCA","76001","CALI","0.003","KILOGRAMO"
"2012-02-15T00:00:00.000","54","NORTE DE SANTANDER","54001","CUCUTA","0.007","KILOGRAMO"
"2012-02-14T00:00:00.000","76","VALLE DEL CAUCA","76001","CALI","0.0105","KILOGRAMO"
"2012-02-14T00:00:00.000","66","RISARALDA","66170","DOSQUEBRADAS","0.006","KILOGRAMO"
"2012-02-14T00:00:00.000","66","RISARALDA","66001","PEREIRA","0.003","KILOGRAMO"
"2012-02-14T00:00:00.000","63","QUINDIO","63001","ARMENIA","0.002","KILOGRAMO"
"2012-02-13T00:00:00.000","63","QUINDIO","63001","ARMENIA","0.00665","KILOGRAMO"
"2012-02-13T00:00:00.000","76","VALLE DEL CAUCA","76001","CALI","0.004","KILOGRAMO"
"2012-02-13T00:00:00.000","66","RISARALDA","66170","DOSQUEBRADAS","0.001","KILOGRAMO"
"2012-02-12T00:00:00.000","76","VALLE DEL CAUCA","76001","CALI","0.003","KILOGRAMO"
"2012-02-12T00:00:00.000","63","QUINDIO","63001","ARMENIA","0.001","KILOGRAMO"
"2012-02-12T00:00:00.000","66","RISARALDA","66170","DOSQUEBRADAS","0.002","KILOGRAMO"
"2012-02-12T00:00:00.000","11","BOGOTA D.C.","11001","BOGOTA D.C.","1.623","KILOGRAMO"
"2012-02-11T00:00:00.000","66","RISARALDA","66170","DOSQUEBRADAS","0.001","KILOGRAMO"
"2012-02-11T00:00:00.000","66","RISARALDA","66001","PEREIRA","0.011","KILOGRAMO"
"2012-02-11T00:00:00.000","63","QUINDIO","63001","ARMENIA","0.001","KILOGRAMO"
"2012-02-10T00:00:00.000","66","RISARALDA","66001","PEREIRA","0.002","KILOGRAMO"
"2012-02-10T00:00:00.000","63","QUINDIO","63001","ARMENIA","0.012","KILOGRAMO"
"2012-02-10T00:00:00.000","66","RISARALDA","66170","DOSQUEBRADAS","0.003","KILOGRAMO"
"2012-02-10T00:00:00.000","76","VALLE DEL CAUCA","76001","CALI","0.0065","KILOGRAMO"
"2012-02-09T00:00:00.000","76","VALLE DEL CAUCA","76001","CALI","0.022","KILOGRAMO"
"2012-02-09T00:00:00.000","63","QUINDIO","63001","ARMENIA","0.001","KILOGRAMO"
"2012-02-09T00:00:00.000","66","RISARALDA","66001","PEREIRA","0.005","KILOGRAMO"
"2012-02-09T00:00:00.000","54","NORTE DE SANTANDER","54001","CUCUTA","0.844","KILOGRAMO"
"2012-02-09T00:00:00.000","66","RISARALDA","66170","DOSQUEBRADAS","0.003","KILOGRAMO"
"2012-02-09T00:00:00.000","13","BOLIVAR","13001","CARTAGENA DE INDIAS","16.684","KILOGRAMO"
"2012-02-08T00:00:00.000","66","RISARALDA","66400","LA VIRGINIA","0.003","KILOGRAMO"
"2012-02-08T00:00:00.000","76","VALLE DEL CAUCA","76001","CALI","0.004","KILOGRAMO"
"2012-02-08T00:00:00.000","08","ATLANTICO","08001","BARRANQUILLA","0.005","KILOGRAMO"
"2012-02-08T00:00:00.000","54","NORTE DE SANTANDER","54001","CUCUTA","1.012","KILOGRAMO"
"2012-02-07T00:00:00.000","66","RISARALDA","66001","PEREIRA","0.014","KILOGRAMO"
"2012-02-07T00:00:00.000","63","QUINDIO","63001","ARMENIA","0.005","KILOGRAMO"
"2012-02-07T00:00:00.000","76","VALLE DEL CAUCA","76001","CALI","0.006","KILOGRAMO"
"2012-02-06T00:00:00.000","54","NORTE DE SANTANDER","54001","CUCUTA","0.0028","KILOGRAMO"
"2012-02-06T00:00:00.000","76","VALLE DEL CAUCA","76001","CALI","0.004","KILOGRAMO"
"2012-02-06T00:00:00.000","66","RISARALDA","66170","DOSQUEBRADAS","0.001","KILOGRAMO"
"2012-02-06T00:00:00.000","63","QUINDIO","63001","ARMENIA","0.005","KILOGRAMO"
"2012-02-06T00:00:00.000","08","ATLANTICO","08001","BARRANQUILLA","0.668","KILOGRAMO"
"2012-02-05T00:00:00.000","66","RISARALDA","66170","DOSQUEBRADAS","0.001","KILOGRAMO"
"2012-02-05T00:00:00.000","63","QUINDIO","63190","CIRCASIA","0.003","KILOGRAMO"
"2012-02-05T00:00:00.000","63","QUINDIO","63001","ARMENIA","0.003","KILOGRAMO"
"2012-02-05T00:00:00.000","76","VALLE DEL CAUCA","76001","CALI","0.002","KILOGRAMO"
"2012-02-04T00:00:00.000","66","RISARALDA","66170","DOSQUEBRADAS","0.001","KILOGRAMO"
"2012-02-04T00:00:00.000","63","QUINDIO","63001","ARMENIA","0.017","KILOGRAMO"
"2012-02-03T00:00:00.000","68","SANTANDER","68081","BARRANCABERMEJA","0.01","KILOGRAMO"
"2012-02-03T00:00:00.000","63","QUINDIO","63001","ARMENIA","0.003","KILOGRAMO"
"2012-02-03T00:00:00.000","63","QUINDIO","63130","CALARCA","0.025","KILOGRAMO"
"2012-02-03T00:00:00.000","11","BOGOTA D.C.","11001","BOGOTA D.C.","0.024","KILOGRAMO"
"2012-02-03T00:00:00.000","66","RISARALDA","66170","DOSQUEBRADAS","0.001","KILOGRAMO"
"2012-02-02T00:00:00.000","08","ATLANTICO","08001","BARRANQUILLA","0.007","KILOGRAMO"
"2012-02-02T00:00:00.000","66","RISARALDA","66170","DOSQUEBRADAS","0.003","KILOGRAMO"
"2012-02-02T00:00:00.000","54","NORTE DE SANTANDER","54001","CUCUTA","1.279","KILOGRAMO"
"2012-02-02T00:00:00.000","05","ANTIOQUIA","05001","MEDELLIN","0.01","KILOGRAMO"
"2012-02-02T00:00:00.000","76","VALLE DEL CAUCA","76001","CALI","0.001","KILOGRAMO"
"2012-02-02T00:00:00.000","63","QUINDIO","63001","ARMENIA","0.003","KILOGRAMO"
"2012-02-01T00:00:00.000","76","VALLE DEL CAUCA","76113","BUGALAGRANDE","2","KILOGRAMO"
"2012-02-01T00:00:00.000","76","VALLE DEL CAUCA","76001","CALI","0.002","KILOGRAMO"
"2012-02-01T00:00:00.000","54","NORTE DE SANTANDER","54518","PAMPLONA","2.001","KILOGRAMO"
"2012-02-01T00:00:00.000","52","NARIÑO","52001","PASTO","0.621","KILOGRAMO"
"2012-02-01T00:00:00.000","76","VALLE DEL CAUCA","76520","PALMIRA","11","KILOGRAMO"
"2012-02-01T00:00:00.000","66","RISARALDA","66170","DOSQUEBRADAS","0.002","KILOGRAMO"
"2012-02-01T00:00:00.000","66","RISARALDA","66001","PEREIRA","0.012","KILOGRAMO"
"2012-01-31T00:00:00.000","05","ANTIOQUIA","05001","MEDELLIN","0.057","KILOGRAMO"
"2012-01-31T00:00:00.000","76","VALLE DEL CAUCA","76001","CALI","0.025","KILOGRAMO"
"2012-01-31T00:00:00.000","63","QUINDIO","63001","ARMENIA","0.453","KILOGRAMO"
"2012-01-31T00:00:00.000","66","RISARALDA","66170","DOSQUEBRADAS","0.003","KILOGRAMO"
"2012-01-30T00:00:00.000","54","NORTE DE SANTANDER","54001","CUCUTA","4.342","KILOGRAMO"
"2012-01-30T00:00:00.000","66","RISARALDA","66001","PEREIRA","0.002","KILOGRAMO"
"2012-01-30T00:00:00.000","66","RISARALDA","66170","DOSQUEBRADAS","0.003","KILOGRAMO"
"2012-01-29T00:00:00.000","05","ANTIOQUIA","05001","MEDELLIN","0.01","KILOGRAMO"
"2012-01-29T00:00:00.000","63","QUINDIO","63001","ARMENIA","0.006","KILOGRAMO"
"2012-01-28T00:00:00.000","63","QUINDIO","63001","ARMENIA","0.004","KILOGRAMO"
"2012-01-28T00:00:00.000","76","VALLE DEL CAUCA","76001","CALI","0.007","KILOGRAMO"
"2012-01-28T00:00:00.000","76","VALLE DEL CAUCA","76892","YUMBO","2.212","KILOGRAMO"
"2012-01-27T00:00:00.000","66","RISARALDA","66170","DOSQUEBRADAS","0.001","KILOGRAMO"
"2012-01-27T00:00:00.000","63","QUINDIO","63001","ARMENIA","0.002","KILOGRAMO"
"2012-01-27T00:00:00.000","08","ATLANTICO","08001","BARRANQUILLA","0.028","KILOGRAMO"
"2012-01-26T00:00:00.000","66","RISARALDA","66001","PEREIRA","0.013","KILOGRAMO"
"2012-01-26T00:00:00.000","76","VALLE DEL CAUCA","76001","CALI","0.001","KILOGRAMO"
"2012-01-26T00:00:00.000","25","CUNDINAMARCA","25269","FACATATIVA","1.057","KILOGRAMO"
"2012-01-26T00:00:00.000","66","RISARALDA","66170","DOSQUEBRADAS","0.002","KILOGRAMO"
"2012-01-26T00:00:00.000","66","RISARALDA","66400","LA VIRGINIA","0.005","KILOGRAMO"
"2012-01-25T00:00:00.000","76","VALLE DEL CAUCA","76001","CALI","0.001","KILOGRAMO"
"2012-01-25T00:00:00.000","66","RISARALDA","66170","DOSQUEBRADAS","0.002","KILOGRAMO"
"2012-01-24T00:00:00.000","63","QUINDIO","63001","ARMENIA","0.053","KILOGRAMO"
"2012-01-24T00:00:00.000","66","RISARALDA","66170","DOSQUEBRADAS","0.001","KILOGRAMO"
"2012-01-24T00:00:00.000","13","BOLIVAR","13001","CARTAGENA DE INDIAS","0.788","KILOGRAMO"
"2012-01-23T00:00:00.000","66","RISARALDA","66001","PEREIRA","0.003","KILOGRAMO"
"2012-01-23T00:00:00.000","66","RISARALDA","66170","DOSQUEBRADAS","0.002","KILOGRAMO"
"2012-01-23T00:00:00.000","76","VALLE DEL CAUCA","76001","CALI","0.001","KILOGRAMO"
"2012-01-23T00:00:00.000","63","QUINDIO","63001","ARMENIA","0.013","KILOGRAMO"
"2012-01-22T00:00:00.000","25","CUNDINAMARCA","25817","TOCANCIPA","0.001","KILOGRAMO"
"2012-01-22T00:00:00.000","76","VALLE DEL CAUCA","76001","CALI","0.003","KILOGRAMO"
"2012-01-22T00:00:00.000","66","RISARALDA","66001","PEREIRA","0.004","KILOGRAMO"
"2012-01-22T00:00:00.000","66","RISARALDA","66572","PUEBLO RICO","0.068","KILOGRAMO"
"2012-01-22T00:00:00.000","63","QUINDIO","63001","ARMENIA","0.002","KILOGRAMO"
"2012-01-22T00:00:00.000","66","RISARALDA","66170","DOSQUEBRADAS","0.002","KILOGRAMO"
"2012-01-21T00:00:00.000","66","RISARALDA","66170","DOSQUEBRADAS","0.001","KILOGRAMO"
"2012-01-21T00:00:00.000","63","QUINDIO","63001","ARMENIA","0.007","KILOGRAMO"
"2012-01-21T00:00:00.000","76","VALLE DEL CAUCA","76001","CALI","0.002","KILOGRAMO"
"2012-01-21T00:00:00.000","66","RISARALDA","66440","MARSELLA","0.003","KILOGRAMO"
"2012-01-20T00:00:00.000","76","VALLE DEL CAUCA","76001","CALI","0.002","KILOGRAMO"
"2012-01-20T00:00:00.000","63","QUINDIO","63001","ARMENIA","0.007","KILOGRAMO"
"2012-01-20T00:00:00.000","76","VALLE DEL CAUCA","76520","PALMIRA","6.5","KILOGRAMO"
"2012-01-20T00:00:00.000","66","RISARALDA","66001","PEREIRA","0.016","KILOGRAMO"
"2012-01-20T00:00:00.000","54","NORTE DE SANTANDER","54001","CUCUTA","0.0024","KILOGRAMO"
"2012-01-19T00:00:00.000","66","RISARALDA","66170","DOSQUEBRADAS","0.347","KILOGRAMO"
"2012-01-19T00:00:00.000","76","VALLE DEL CAUCA","76001","CALI","0.006","KILOGRAMO"
"2012-01-19T00:00:00.000","63","QUINDIO","63001","ARMENIA","0.013","KILOGRAMO"
"2012-01-18T00:00:00.000","54","NORTE DE SANTANDER","54001","CUCUTA","0.008","KILOGRAMO"
"2012-01-18T00:00:00.000","76","VALLE DEL CAUCA","76001","CALI","0.043","KILOGRAMO"
"2012-01-18T00:00:00.000","63","QUINDIO","63001","ARMENIA","0.001","KILOGRAMO"
"2012-01-17T00:00:00.000","66","RISARALDA","66170","DOSQUEBRADAS","0.001","KILOGRAMO"
"2012-01-17T00:00:00.000","76","VALLE DEL CAUCA","76001","CALI","0.003","KILOGRAMO"
"2012-01-17T00:00:00.000","54","NORTE DE SANTANDER","54261","EL ZULIA","1.005","KILOGRAMO"
"2012-01-16T00:00:00.000","66","RISARALDA","66170","DOSQUEBRADAS","0.005","KILOGRAMO"
"2012-01-16T00:00:00.000","11","BOGOTA D.C.","11001","BOGOTA D.C.","0.1","KILOGRAMO"
"2012-01-16T00:00:00.000","63","QUINDIO","63130","CALARCA","0.002","KILOGRAMO"
"2012-01-16T00:00:00.000","66","RISARALDA","66001","PEREIRA","0.003","KILOGRAMO"
"2012-01-15T00:00:00.000","76","VALLE DEL CAUCA","76001","CALI","0.004","KILOGRAMO"
"2012-01-15T00:00:00.000","66","RISARALDA","66170","DOSQUEBRADAS","0.002","KILOGRAMO"
"2012-01-14T00:00:00.000","76","VALLE DEL CAUCA","76001","CALI","0.005","KILOGRAMO"
"2012-01-13T00:00:00.000","63","QUINDIO","63001","ARMENIA","0.31","KILOGRAMO"
"2012-01-13T00:00:00.000","76","VALLE DEL CAUCA","76001","CALI","0.004","KILOGRAMO"
"2012-01-13T00:00:00.000","66","RISARALDA","66001","PEREIRA","0.002","KILOGRAMO"
"2012-01-13T00:00:00.000","66","RISARALDA","66170","DOSQUEBRADAS","0.001","KILOGRAMO"
"2012-01-12T00:00:00.000","76","VALLE DEL CAUCA","76001","CALI","0.01","KILOGRAMO"
"2012-01-12T00:00:00.000","63","QUINDIO","63001","ARMENIA","0.002","KILOGRAMO"
"2012-01-12T00:00:00.000","66","RISARALDA","66001","PEREIRA","0.004","KILOGRAMO"
"2012-01-11T00:00:00.000","19","CAUCA","19532","PATIA","1.6","KILOGRAMO"
"2012-01-11T00:00:00.000","66","RISARALDA","66001","PEREIRA","0.004","KILOGRAMO"
"2012-01-11T00:00:00.000","76","VALLE DEL CAUCA","76001","CALI","0.007","KILOGRAMO"
"2012-01-10T00:00:00.000","66","RISARALDA","66170","DOSQUEBRADAS","0.003","KILOGRAMO"
"2012-01-09T00:00:00.000","76","VALLE DEL CAUCA","76001","CALI","0.003","KILOGRAMO"
"2012-01-09T00:00:00.000","66","RISARALDA","66170","DOSQUEBRADAS","0.003","KILOGRAMO"
"2012-01-08T00:00:00.000","76","VALLE DEL CAUCA","76001","CALI","0.007","KILOGRAMO"
"2012-01-08T00:00:00.000","66","RISARALDA","66170","DOSQUEBRADAS","0.001","KILOGRAMO"
"2012-01-08T00:00:00.000","54","NORTE DE SANTANDER","54001","CUCUTA","0.001","KILOGRAMO"
"2012-01-08T00:00:00.000","76","VALLE DEL CAUCA","76147","CARTAGO","0.02","KILOGRAMO"
"2012-01-07T00:00:00.000","76","VALLE DEL CAUCA","76001","CALI","0.001","KILOGRAMO"
"2012-01-07T00:00:00.000","63","QUINDIO","63001","ARMENIA","0.002","KILOGRAMO"
"2012-01-07T00:00:00.000","66","RISARALDA","66170","DOSQUEBRADAS","0.001","KILOGRAMO"
"2012-01-06T00:00:00.000","08","ATLANTICO","08001","BARRANQUILLA","0.018","KILOGRAMO"
"2012-01-06T00:00:00.000","66","RISARALDA","66170","DOSQUEBRADAS","0.002","KILOGRAMO"
"2012-01-05T00:00:00.000","63","QUINDIO","63001","ARMENIA","0.002","KILOGRAMO"
"2012-01-05T00:00:00.000","66","RISARALDA","66001","PEREIRA","0.004","KILOGRAMO"
"2012-01-04T00:00:00.000","63","QUINDIO","63001","ARMENIA","0.005","KILOGRAMO"
"2012-01-04T00:00:00.000","66","RISARALDA","66001","PEREIRA","0.001","KILOGRAMO"
"2012-01-03T00:00:00.000","66","RISARALDA","66170","DOSQUEBRADAS","0.001","KILOGRAMO"
"2012-01-03T00:00:00.000","63","QUINDIO","63001","ARMENIA","0.001","KILOGRAMO"
"2012-01-02T00:00:00.000","63","QUINDIO","63001","ARMENIA","0.001","KILOGRAMO"
"2011-12-28T00:00:00.000","63","QUINDIO","63001","ARMENIA","0.001","KILOGRAMO"
"2011-12-28T00:00:00.000","76","VALLE DEL CAUCA","76111","GUADALAJARA DE BUGA","0.005","KILOGRAMO"
"2011-12-27T00:00:00.000","76","VALLE DEL CAUCA","76001","CALI","0.03","KILOGRAMO"
"2011-12-27T00:00:00.000","66","RISARALDA","66170","DOSQUEBRADAS","0.002","KILOGRAMO"
"2011-12-24T00:00:00.000","19","CAUCA","19698","SANTANDER DE QUILICHAO","0.004","KILOGRAMO"
"2011-12-24T00:00:00.000","76","VALLE DEL CAUCA","76126","CALIMA","0.006","KILOGRAMO"
"2011-12-24T00:00:00.000","66","RISARALDA","66001","PEREIRA","0.001","KILOGRAMO"
"2011-12-22T00:00:00.000","76","VALLE DEL CAUCA","76001","CALI","0.006","KILOGRAMO"
"2011-12-19T00:00:00.000","19","CAUCA","19698","SANTANDER DE QUILICHAO","0.0143","KILOGRAMO"
"2011-12-17T00:00:00.000","66","RISARALDA","66170","DOSQUEBRADAS","0.001","KILOGRAMO"
"2011-12-16T00:00:00.000","66","RISARALDA","66001","PEREIRA","0.019","KILOGRAMO"
"2011-12-16T00:00:00.000","76","VALLE DEL CAUCA","76001","CALI","0.005","KILOGRAMO"
"2011-12-16T00:00:00.000","66","RISARALDA","66170","DOSQUEBRADAS","0.004","KILOGRAMO"
"2011-12-16T00:00:00.000","63","QUINDIO","63001","ARMENIA","0.005","KILOGRAMO"
"2011-12-15T00:00:00.000","54","NORTE DE SANTANDER","54001","CUCUTA","0.0015","KILOGRAMO"
"2011-12-15T00:00:00.000","66","RISARALDA","66170","DOSQUEBRADAS","0.002","KILOGRAMO"
"2011-12-15T00:00:00.000","05","ANTIOQUIA","05001","MEDELLIN","0.05","KILOGRAMO"
"2011-12-14T00:00:00.000","66","RISARALDA","66170","DOSQUEBRADAS","0.003","KILOGRAMO"
"2011-12-14T00:00:00.000","76","VALLE DEL CAUCA","76001","CALI","0.002","KILOGRAMO"
"2011-12-13T00:00:00.000","66","RISARALDA","66001","PEREIRA","0.001","KILOGRAMO"
"2011-12-13T00:00:00.000","76","VALLE DEL CAUCA","76001","CALI","0.005","KILOGRAMO"
"2011-12-13T00:00:00.000","66","RISARALDA","66170","DOSQUEBRADAS","0.001","KILOGRAMO"
"2011-12-12T00:00:00.000","76","VALLE DEL CAUCA","76001","CALI","0.006","KILOGRAMO"
"2011-12-11T00:00:00.000","76","VALLE DEL CAUCA","76001","CALI","0.012","KILOGRAMO"
"2011-12-10T00:00:00.000","05","ANTIOQUIA","05001","MEDELLIN","0.03","KILOGRAMO"
"2011-12-09T00:00:00.000","66","RISARALDA","66001","PEREIRA","0.07","KILOGRAMO"
"2011-12-08T00:00:00.000","54","NORTE DE SANTANDER","54001","CUCUTA","0.045","KILOGRAMO"
"2011-12-08T00:00:00.000","66","RISARALDA","66001","PEREIRA","0.03","KILOGRAMO"
"2011-12-07T00:00:00.000","76","VALLE DEL CAUCA","76001","CALI","0.001","KILOGRAMO"
"2011-12-07T00:00:00.000","66","RISARALDA","66001","PEREIRA","0.021","KILOGRAMO"
"2011-12-07T00:00:00.000","66","RISARALDA","66170","DOSQUEBRADAS","0.04","KILOGRAMO"
"2011-12-05T00:00:00.000","08","ATLANTICO","08001","BARRANQUILLA","0.303","KILOGRAMO"
"2011-12-05T00:00:00.000","54","NORTE DE SANTANDER","54001","CUCUTA","0.0044","KILOGRAMO"
"2011-12-04T00:00:00.000","76","VALLE DEL CAUCA","76001","CALI","0.004","KILOGRAMO"
"2011-12-04T00:00:00.000","63","QUINDIO","63001","ARMENIA","0.004","KILOGRAMO"
"2011-12-03T00:00:00.000","63","QUINDIO","63001","ARMENIA","0.001","KILOGRAMO"
"2011-12-02T00:00:00.000","63","QUINDIO","63001","ARMENIA","0.001","KILOGRAMO"
"2011-12-01T00:00:00.000","66","RISARALDA","66682","SANTA ROSA DE CABAL","0.013","KILOGRAMO"
"2011-11-28T00:00:00.000","66","RISARALDA","66170","DOSQUEBRADAS","0.005","KILOGRAMO"
"2011-11-27T00:00:00.000","19","CAUCA","19698","SANTANDER DE QUILICHAO","0.12","KILOGRAMO"
"2011-11-26T00:00:00.000","76","VALLE DEL CAUCA","76001","CALI","0.001","KILOGRAMO"
"2011-11-26T00:00:00.000","63","QUINDIO","63001","ARMENIA","0.003","KILOGRAMO"
"2011-11-26T00:00:00.000","66","RISARALDA","66682","SANTA ROSA DE CABAL","0.004","KILOGRAMO"
"2011-11-25T00:00:00.000","66","RISARALDA","66170","DOSQUEBRADAS","0.001","KILOGRAMO"
"2011-11-25T00:00:00.000","76","VALLE DEL CAUCA","76001","CALI","0.002","KILOGRAMO"
"2011-11-25T00:00:00.000","63","QUINDIO","63001","ARMENIA","0.001","KILOGRAMO"
"2011-11-24T00:00:00.000","54","NORTE DE SANTANDER","54498","OCAÑA","1.1","KILOGRAMO"
"2011-11-23T00:00:00.000","05","ANTIOQUIA","05318","GUARNE","1.044","KILOGRAMO"
"2011-11-22T00:00:00.000","63","QUINDIO","63001","ARMENIA","0.004","KILOGRAMO"
"2011-11-22T00:00:00.000","54","NORTE DE SANTANDER","54001","CUCUTA","0.003","KILOGRAMO"
"2011-11-21T00:00:00.000","54","NORTE DE SANTANDER","54001","CUCUTA","0.001","KILOGRAMO"
"2011-11-21T00:00:00.000","63","QUINDIO","63001","ARMENIA","0.005","KILOGRAMO"
"2011-11-20T00:00:00.000","66","RISARALDA","66170","DOSQUEBRADAS","0.001","KILOGRAMO"
"2011-11-19T00:00:00.000","63","QUINDIO","63001","ARMENIA","0.001","KILOGRAMO"
"2011-11-18T00:00:00.000","47","MAGDALENA","47001","SANTA MARTA","0.003","KILOGRAMO"
"2011-11-18T00:00:00.000","63","QUINDIO","63001","ARMENIA","0.001","KILOGRAMO"
"2011-11-17T00:00:00.000","54","NORTE DE SANTANDER","54001","CUCUTA","0.001","KILOGRAMO"
"2011-11-17T00:00:00.000","76","VALLE DEL CAUCA","76001","CALI","0.004","KILOGRAMO"
"2011-11-16T00:00:00.000","66","RISARALDA","66170","DOSQUEBRADAS","0.001","KILOGRAMO"
"2011-11-16T00:00:00.000","63","QUINDIO","63001","ARMENIA","0.001","KILOGRAMO"
"2011-11-16T00:00:00.000","SIN ESTABLECER","SIN ESTABLECER","SIN ESTABLECER","SIN ESTABLECER","1","KILOGRAMO"
"2011-11-16T00:00:00.000","76","VALLE DEL CAUCA","76001","CALI","0.001","KILOGRAMO"
"2011-11-15T00:00:00.000","63","QUINDIO","63001","ARMENIA","0.001","KILOGRAMO"
"2011-11-15T00:00:00.000","66","RISARALDA","66001","PEREIRA","0.008","KILOGRAMO"
"2011-11-15T00:00:00.000","76","VALLE DEL CAUCA","76001","CALI","0.001","KILOGRAMO"
"2011-11-15T00:00:00.000","19","CAUCA","19001","POPAYAN","3","KILOGRAMO"
"2011-11-13T00:00:00.000","63","QUINDIO","63594","QUIMBAYA","0.002","KILOGRAMO"
"2011-11-13T00:00:00.000","63","QUINDIO","63001","ARMENIA","0.013","KILOGRAMO"
"2011-11-12T00:00:00.000","63","QUINDIO","63272","FILANDIA","0.002","KILOGRAMO"
"2011-11-11T00:00:00.000","05","ANTIOQUIA","05088","BELLO","0.005","KILOGRAMO"
"2011-11-11T00:00:00.000","54","NORTE DE SANTANDER","54001","CUCUTA","2.0807","KILOGRAMO"
"2011-11-10T00:00:00.000","66","RISARALDA","66170","DOSQUEBRADAS","0.002","KILOGRAMO"
"2011-11-10T00:00:00.000","63","QUINDIO","63001","ARMENIA","0.004","KILOGRAMO"
"2011-11-09T00:00:00.000","66","RISARALDA","66170","DOSQUEBRADAS","0.037","KILOGRAMO"
"2011-11-09T00:00:00.000","63","QUINDIO","63001","ARMENIA","0.001","KILOGRAMO"
"2011-11-09T00:00:00.000","66","RISARALDA","66001","PEREIRA","0.001","KILOGRAMO"
"2011-11-09T00:00:00.000","54","NORTE DE SANTANDER","54001","CUCUTA","0.002","KILOGRAMO"
"2011-11-09T00:00:00.000","76","VALLE DEL CAUCA","76001","CALI","0.008","KILOGRAMO"
"2011-11-08T00:00:00.000","63","QUINDIO","63001","ARMENIA","0.001","KILOGRAMO"
"2011-11-08T00:00:00.000","76","VALLE DEL CAUCA","76001","CALI","0.001","KILOGRAMO"
"2011-11-07T00:00:00.000","63","QUINDIO","63401","LA TEBAIDA","0.767","KILOGRAMO"
"2011-11-07T00:00:00.000","76","VALLE DEL CAUCA","76001","CALI","0.011","KILOGRAMO"
"2011-11-07T00:00:00.000","66","RISARALDA","66001","PEREIRA","0.002","KILOGRAMO"
"2011-11-06T00:00:00.000","63","QUINDIO","63001","ARMENIA","0.006","KILOGRAMO"
"2011-11-05T00:00:00.000","76","VALLE DEL CAUCA","76001","CALI","0.001","KILOGRAMO"
"2011-11-04T00:00:00.000","66","RISARALDA","66001","PEREIRA","0.05","KILOGRAMO"
"2011-11-04T00:00:00.000","08","ATLANTICO","08433","MALAMBO","0.015","KILOGRAMO"
"2011-11-04T00:00:00.000","76","VALLE DEL CAUCA","76001","CALI","0.003","KILOGRAMO"
"2011-11-03T00:00:00.000","63","QUINDIO","63001","ARMENIA","0.004","KILOGRAMO"
"2011-11-02T00:00:00.000","66","RISARALDA","66001","PEREIRA","0.002","KILOGRAMO"
"2011-11-02T00:00:00.000","76","VALLE DEL CAUCA","76001","CALI","0.002","KILOGRAMO"
"2011-11-01T00:00:00.000","76","VALLE DEL CAUCA","76001","CALI","0.007","KILOGRAMO"
"2011-10-31T00:00:00.000","63","QUINDIO","63001","ARMENIA","0.001","KILOGRAMO"
"2011-10-30T00:00:00.000","66","RISARALDA","66170","DOSQUEBRADAS","0.009","KILOGRAMO"
"2011-10-30T00:00:00.000","76","VALLE DEL CAUCA","76001","CALI","0.002","KILOGRAMO"
"2011-10-29T00:00:00.000","63","QUINDIO","63001","ARMENIA","0.001","KILOGRAMO"
"2011-10-28T00:00:00.000","63","QUINDIO","63001","ARMENIA","0.002","KILOGRAMO"
"2011-10-28T00:00:00.000","66","RISARALDA","66001","PEREIRA","0.01","KILOGRAMO"
"2011-10-27T00:00:00.000","76","VALLE DEL CAUCA","76001","CALI","0.007","KILOGRAMO"
"2011-10-26T00:00:00.000","66","RISARALDA","66170","DOSQUEBRADAS","0.001","KILOGRAMO"
"2011-10-26T00:00:00.000","08","ATLANTICO","08758","SOLEDAD","0.14","KILOGRAMO"
"2011-10-26T00:00:00.000","76","VALLE DEL CAUCA","76001","CALI","0.003","KILOGRAMO"
"2011-10-26T00:00:00.000","63","QUINDIO","63001","ARMENIA","0.007","KILOGRAMO"
"2011-10-25T00:00:00.000","66","RISARALDA","66170","DOSQUEBRADAS","0.001","KILOGRAMO"
"2011-10-24T00:00:00.000","66","RISARALDA","66001","PEREIRA","0.001","KILOGRAMO"
"2011-10-24T00:00:00.000","76","VALLE DEL CAUCA","76001","CALI","0.001","KILOGRAMO"
"2011-10-24T00:00:00.000","66","RISARALDA","66170","DOSQUEBRADAS","0.001","KILOGRAMO"
"2011-10-22T00:00:00.000","76","VALLE DEL CAUCA","76001","CALI","0.004","KILOGRAMO"
"2011-10-22T00:00:00.000","66","RISARALDA","66001","PEREIRA","0.001","KILOGRAMO"
"2011-10-22T00:00:00.000","63","QUINDIO","63001","ARMENIA","0.005","KILOGRAMO"
"2011-10-21T00:00:00.000","63","QUINDIO","63001","ARMENIA","0.006","KILOGRAMO"
"2011-10-21T00:00:00.000","66","RISARALDA","66001","PEREIRA","0.01","KILOGRAMO"
"2011-10-20T00:00:00.000","66","RISARALDA","66001","PEREIRA","0.002","KILOGRAMO"
"2011-10-19T00:00:00.000","54","NORTE DE SANTANDER","54001","CUCUTA","0.0015","KILOGRAMO"
"2011-10-19T00:00:00.000","63","QUINDIO","63001","ARMENIA","0.001","KILOGRAMO"
"2011-10-19T00:00:00.000","76","VALLE DEL CAUCA","76001","CALI","0.002","KILOGRAMO"
"2011-10-19T00:00:00.000","66","RISARALDA","66001","PEREIRA","0.014","KILOGRAMO"
"2011-10-19T00:00:00.000","66","RISARALDA","66594","QUINCHIA","0.002","KILOGRAMO"
"2011-10-18T00:00:00.000","66","RISARALDA","66170","DOSQUEBRADAS","0.002","KILOGRAMO"
"2011-10-18T00:00:00.000","66","RISARALDA","66001","PEREIRA","0.002","KILOGRAMO"
"2011-10-18T00:00:00.000","63","QUINDIO","63001","ARMENIA","0.002","KILOGRAMO"
"2011-10-17T00:00:00.000","19","CAUCA","19698","SANTANDER DE QUILICHAO","0.003","KILOGRAMO"
"2011-10-17T00:00:00.000","76","VALLE DEL CAUCA","76001","CALI","0.001","KILOGRAMO"
"2011-10-15T00:00:00.000","66","RISARALDA","66001","PEREIRA","0.003","KILOGRAMO"
"2011-10-14T00:00:00.000","76","VALLE DEL CAUCA","76001","CALI","0.002","KILOGRAMO"
"2011-10-14T00:00:00.000","63","QUINDIO","63001","ARMENIA","0.018","KILOGRAMO"
"2011-10-13T00:00:00.000","76","VALLE DEL CAUCA","76001","CALI","0.001","KILOGRAMO"
"2011-10-13T00:00:00.000","66","RISARALDA","66170","DOSQUEBRADAS","0.001","KILOGRAMO"
"2011-10-13T00:00:00.000","63","QUINDIO","63190","CIRCASIA","0.001","KILOGRAMO"
"2011-10-13T00:00:00.000","63","QUINDIO","63001","ARMENIA","0.001","KILOGRAMO"
"2011-10-12T00:00:00.000","66","RISARALDA","66170","DOSQUEBRADAS","0.003","KILOGRAMO"
"2011-10-12T00:00:00.000","76","VALLE DEL CAUCA","76001","CALI","0.004","KILOGRAMO"
"2011-10-09T00:00:00.000","08","ATLANTICO","08001","BARRANQUILLA","0.002","KILOGRAMO"
"2011-10-08T00:00:00.000","66","RISARALDA","66170","DOSQUEBRADAS","0.002","KILOGRAMO"
"2011-10-07T00:00:00.000","63","QUINDIO","63001","ARMENIA","0.014","KILOGRAMO"
"2011-10-07T00:00:00.000","76","VALLE DEL CAUCA","76001","CALI","0.001","KILOGRAMO"
"2011-10-07T00:00:00.000","66","RISARALDA","66170","DOSQUEBRADAS","0.001","KILOGRAMO"
"2011-10-06T00:00:00.000","66","RISARALDA","66170","DOSQUEBRADAS","0.002","KILOGRAMO"
"2011-10-06T00:00:00.000","76","VALLE DEL CAUCA","76001","CALI","0.001","KILOGRAMO"
"2011-10-06T00:00:00.000","63","QUINDIO","63001","ARMENIA","0.001","KILOGRAMO"
"2011-10-05T00:00:00.000","66","RISARALDA","66170","DOSQUEBRADAS","0.001","KILOGRAMO"
"2011-10-05T00:00:00.000","76","VALLE DEL CAUCA","76001","CALI","0.006","KILOGRAMO"
"2011-10-05T00:00:00.000","66","RISARALDA","66001","PEREIRA","0.002","KILOGRAMO"
"2011-10-04T00:00:00.000","54","NORTE DE SANTANDER","54001","CUCUTA","4.285","KILOGRAMO"
"2011-10-04T00:00:00.000","66","RISARALDA","66170","DOSQUEBRADAS","0.001","KILOGRAMO"
"2011-10-04T00:00:00.000","76","VALLE DEL CAUCA","76109","BUENAVENTURA","1.175","KILOGRAMO"
"2011-10-04T00:00:00.000","66","RISARALDA","66001","PEREIRA","0.009","KILOGRAMO"
"2011-10-03T00:00:00.000","66","RISARALDA","66001","PEREIRA","0.005","KILOGRAMO"
"2011-10-03T00:00:00.000","63","QUINDIO","63001","ARMENIA","0.001","KILOGRAMO"
"2011-10-03T00:00:00.000","66","RISARALDA","66170","DOSQUEBRADAS","0.001","KILOGRAMO"
"2011-10-02T00:00:00.000","76","VALLE DEL CAUCA","76001","CALI","0.004","KILOGRAMO"
"2011-10-02T00:00:00.000","84005","FLORIDA","8400501","MIAMI","1.008","KILOGRAMO"
"2011-10-02T00:00:00.000","66","RISARALDA","66170","DOSQUEBRADAS","0.001","KILOGRAMO"
"2011-10-01T00:00:00.000","63","QUINDIO","63001","ARMENIA","0.011","KILOGRAMO"
"2011-10-01T00:00:00.000","05","ANTIOQUIA","05001","MEDELLIN","0.1","KILOGRAMO"
"2011-10-01T00:00:00.000","66","RISARALDA","66001","PEREIRA","0.017","KILOGRAMO"
"2011-09-30T00:00:00.000","63","QUINDIO","63548","PIJAO","0.001","KILOGRAMO"
"2011-09-30T00:00:00.000","08","ATLANTICO","08001","BARRANQUILLA","0.009","KILOGRAMO"
"2011-09-30T00:00:00.000","08","ATLANTICO","08560","PONEDERA","0.002","KILOGRAMO"
"2011-09-30T00:00:00.000","66","RISARALDA","66170","DOSQUEBRADAS","0.042","KILOGRAMO"
"2011-09-30T00:00:00.000","66","RISARALDA","66001","PEREIRA","0.001","KILOGRAMO"
"2011-09-30T00:00:00.000","08","ATLANTICO","08372","JUAN DE ACOSTA","0.002","KILOGRAMO"
"2011-09-29T00:00:00.000","63","QUINDIO","63001","ARMENIA","0.001","KILOGRAMO"
"2011-09-29T00:00:00.000","76","VALLE DEL CAUCA","76001","CALI","0.002","KILOGRAMO"
"2011-09-29T00:00:00.000","08","ATLANTICO","08141","CANDELARIA","0.002","KILOGRAMO"
"2011-09-29T00:00:00.000","52","NARIÑO","52210","CONTADERO","0.94","KILOGRAMO"
"2011-09-29T00:00:00.000","66","RISARALDA","66170","DOSQUEBRADAS","0.001","KILOGRAMO"
"2011-09-28T00:00:00.000","63","QUINDIO","63001","ARMENIA","0.001","KILOGRAMO"
"2011-09-28T00:00:00.000","08","ATLANTICO","08137","CAMPO DE LA CRUZ","0.001","KILOGRAMO"
"2011-09-28T00:00:00.000","08","ATLANTICO","08634","SABANAGRANDE","0.002","KILOGRAMO"
"2011-09-27T00:00:00.000","63","QUINDIO","63001","ARMENIA","0.003","KILOGRAMO"
"2011-09-27T00:00:00.000","54","NORTE DE SANTANDER","54001","CUCUTA","1.295","KILOGRAMO"
"2011-09-27T00:00:00.000","68","SANTANDER","68081","BARRANCABERMEJA","0.003","KILOGRAMO"
"2011-09-26T00:00:00.000","05","ANTIOQUIA","05615","RIONEGRO","1","KILOGRAMO"
"2011-09-26T00:00:00.000","63","QUINDIO","63001","ARMENIA","0.001","KILOGRAMO"
"2011-09-25T00:00:00.000","76","VALLE DEL CAUCA","76001","CALI","0.001","KILOGRAMO"
"2011-09-25T00:00:00.000","63","QUINDIO","63001","ARMENIA","0.002","KILOGRAMO"
"2011-09-24T00:00:00.000","63","QUINDIO","63001","ARMENIA","0.001","KILOGRAMO"
"2011-09-24T00:00:00.000","76","VALLE DEL CAUCA","76001","CALI","0.009","KILOGRAMO"
"2011-09-23T00:00:00.000","19","CAUCA","19698","SANTANDER DE QUILICHAO","1.027","KILOGRAMO"
"2011-09-22T00:00:00.000","63","QUINDIO","63001","ARMENIA","0.002","KILOGRAMO"
"2011-09-22T00:00:00.000","76","VALLE DEL CAUCA","76001","CALI","0.015","KILOGRAMO"
"2011-09-21T00:00:00.000","19","CAUCA","19698","SANTANDER DE QUILICHAO","0.007","KILOGRAMO"
"2011-09-21T00:00:00.000","76","VALLE DEL CAUCA","76001","CALI","0.003","KILOGRAMO"
"2011-09-19T00:00:00.000","66","RISARALDA","66001","PEREIRA","0.02","KILOGRAMO"
"2011-09-19T00:00:00.000","63","QUINDIO","63001","ARMENIA","0.003","KILOGRAMO"
"2011-09-19T00:00:00.000","66","RISARALDA","66170","DOSQUEBRADAS","0.001","KILOGRAMO"
"2011-09-18T00:00:00.000","63","QUINDIO","63001","ARMENIA","0.001","KILOGRAMO"
"2011-09-18T00:00:00.000","76","VALLE DEL CAUCA","76001","CALI","0.006","KILOGRAMO"
"2011-09-17T00:00:00.000","63","QUINDIO","63001","ARMENIA","0.006","KILOGRAMO"
"2011-09-17T00:00:00.000","76","VALLE DEL CAUCA","76001","CALI","0.004","KILOGRAMO"
"2011-09-16T00:00:00.000","52","NARIÑO","52786","TAMINANGO","0.008","KILOGRAMO"
"2011-09-16T00:00:00.000","66","RISARALDA","66170","DOSQUEBRADAS","0.001","KILOGRAMO"
"2011-09-16T00:00:00.000","63","QUINDIO","63001","ARMENIA","0.003","KILOGRAMO"
"2011-09-16T00:00:00.000","76","VALLE DEL CAUCA","76001","CALI","0.01","KILOGRAMO"
"2011-09-15T00:00:00.000","76","VALLE DEL CAUCA","76001","CALI","0.006","KILOGRAMO"
"2011-09-14T00:00:00.000","66","RISARALDA","66001","PEREIRA","0.002","KILOGRAMO"
"2011-09-14T00:00:00.000","66","RISARALDA","66170","DOSQUEBRADAS","0.001","KILOGRAMO"
"2011-09-14T00:00:00.000","63","QUINDIO","63001","ARMENIA","0.001","KILOGRAMO"
"2011-09-14T00:00:00.000","63","QUINDIO","63190","CIRCASIA","0.003","KILOGRAMO"
"2011-09-13T00:00:00.000","11","BOGOTA D.C.","11001","BOGOTA D.C.","1.7","KILOGRAMO"
"2011-09-13T00:00:00.000","63","QUINDIO","63001","ARMENIA","0.001","KILOGRAMO"
"2011-09-12T00:00:00.000","76","VALLE DEL CAUCA","76001","CALI","0.002","KILOGRAMO"
"2011-09-12T00:00:00.000","66","RISARALDA","66170","DOSQUEBRADAS","0.001","KILOGRAMO"
"2011-09-12T00:00:00.000","63","QUINDIO","63001","ARMENIA","0.002","KILOGRAMO"
"2011-09-10T00:00:00.000","66","RISARALDA","66170","DOSQUEBRADAS","0.001","KILOGRAMO"
"2011-09-10T00:00:00.000","05","ANTIOQUIA","05001","MEDELLIN","0.01","KILOGRAMO"
"2011-09-09T00:00:00.000","76","VALLE DEL CAUCA","76001","CALI","0.007","KILOGRAMO"
"2011-09-09T00:00:00.000","66","RISARALDA","66170","DOSQUEBRADAS","0.001","KILOGRAMO"
"2011-09-09T00:00:00.000","08","ATLANTICO","08758","SOLEDAD","0.015","KILOGRAMO"
"2011-09-08T00:00:00.000","76","VALLE DEL CAUCA","76001","CALI","0.003","KILOGRAMO"
"2011-09-08T00:00:00.000","08","ATLANTICO","08675","SANTA LUCIA","0.006","KILOGRAMO"
"2011-09-08T00:00:00.000","66","RISARALDA","66170","DOSQUEBRADAS","0.001","KILOGRAMO"
"2011-09-08T00:00:00.000","63","QUINDIO","63001","ARMENIA","0.001","KILOGRAMO"
"2011-09-07T00:00:00.000","25","CUNDINAMARCA","25754","SOACHA","1.004","KILOGRAMO"
"2011-09-07T00:00:00.000","63","QUINDIO","63001","ARMENIA","0.006","KILOGRAMO"
"2011-09-07T00:00:00.000","66","RISARALDA","66170","DOSQUEBRADAS","0.001","KILOGRAMO"
"2011-09-06T00:00:00.000","76","VALLE DEL CAUCA","76001","CALI","0.002","KILOGRAMO"
"2011-09-06T00:00:00.000","63","QUINDIO","63001","ARMENIA","0.004","KILOGRAMO"
"2011-09-06T00:00:00.000","54","NORTE DE SANTANDER","54405","LOS PATIOS","3.675","KILOGRAMO"
"2011-09-05T00:00:00.000","76","VALLE DEL CAUCA","76001","CALI","0.902","KILOGRAMO"
"2011-09-05T00:00:00.000","17","CALDAS","17001","MANIZALES","0.003","KILOGRAMO"
"2011-09-04T00:00:00.000","63","QUINDIO","63470","MONTENEGRO","0.002","KILOGRAMO"
"2011-09-03T00:00:00.000","19","CAUCA","19001","POPAYAN","5","KILOGRAMO"
"2011-09-02T00:00:00.000","66","RISARALDA","66170","DOSQUEBRADAS","0.003","KILOGRAMO"
"2011-09-01T00:00:00.000","66","RISARALDA","66170","DOSQUEBRADAS","0.001","KILOGRAMO"
"2011-09-01T00:00:00.000","19","CAUCA","19698","SANTANDER DE QUILICHAO","0.004","KILOGRAMO"
"2011-08-31T00:00:00.000","63","QUINDIO","63001","ARMENIA","0.001","KILOGRAMO"
"2011-08-31T00:00:00.000","11","BOGOTA D.C.","11001","BOGOTA D.C.","0.4","KILOGRAMO"
"2011-08-30T00:00:00.000","08","ATLANTICO","08001","BARRANQUILLA","0.002","KILOGRAMO"
"2011-08-30T00:00:00.000","76","VALLE DEL CAUCA","76001","CALI","0.007","KILOGRAMO"
"2011-08-29T00:00:00.000","76","VALLE DEL CAUCA","76001","CALI","0.01","KILOGRAMO"
"2011-08-29T00:00:00.000","66","RISARALDA","66170","DOSQUEBRADAS","0.08","KILOGRAMO"
"2011-08-28T00:00:00.000","63","QUINDIO","63001","ARMENIA","0.001","KILOGRAMO"
"2011-08-27T00:00:00.000","05","ANTIOQUIA","05001","MEDELLIN","0.03","KILOGRAMO"
"2011-08-27T00:00:00.000","66","RISARALDA","66170","DOSQUEBRADAS","0.001","KILOGRAMO"
"2011-08-26T00:00:00.000","66","RISARALDA","66170","DOSQUEBRADAS","0.001","KILOGRAMO"
"2011-08-26T00:00:00.000","05","ANTIOQUIA","05001","MEDELLIN","0.015","KILOGRAMO"
"2011-08-26T00:00:00.000","76","VALLE DEL CAUCA","76001","CALI","0.002","KILOGRAMO"
"2011-08-25T00:00:00.000","63","QUINDIO","63001","ARMENIA","0.002","KILOGRAMO"
"2011-08-24T00:00:00.000","66","RISARALDA","66001","PEREIRA","0.002","KILOGRAMO"
"2011-08-24T00:00:00.000","63","QUINDIO","63001","ARMENIA","0.001","KILOGRAMO"
"2011-08-24T00:00:00.000","63","QUINDIO","63470","MONTENEGRO","0.002","KILOGRAMO"
"2011-08-23T00:00:00.000","66","RISARALDA","66001","PEREIRA","0.013","KILOGRAMO"
"2011-08-23T00:00:00.000","76","VALLE DEL CAUCA","76001","CALI","0.004","KILOGRAMO"
"2011-08-23T00:00:00.000","19","CAUCA","19622","ROSAS","2","KILOGRAMO"
"2011-08-23T00:00:00.000","63","QUINDIO","63001","ARMENIA","0.002","KILOGRAMO"
"2011-08-22T00:00:00.000","66","RISARALDA","66001","PEREIRA","0.002","KILOGRAMO"
"2011-08-22T00:00:00.000","63","QUINDIO","63001","ARMENIA","0.001","KILOGRAMO"
"2011-08-22T00:00:00.000","63","QUINDIO","63470","MONTENEGRO","0.002","KILOGRAMO"
"2011-08-21T00:00:00.000","63","QUINDIO","63001","ARMENIA","0.011","KILOGRAMO"
"2011-08-21T00:00:00.000","66","RISARALDA","66170","DOSQUEBRADAS","0.002","KILOGRAMO"
"2011-08-21T00:00:00.000","63","QUINDIO","63470","MONTENEGRO","0.002","KILOGRAMO"
"2011-08-20T00:00:00.000","66","RISARALDA","66170","DOSQUEBRADAS","0.049","KILOGRAMO"
"2011-08-20T00:00:00.000","05","ANTIOQUIA","05001","MEDELLIN","0.05","KILOGRAMO"
"2011-08-20T00:00:00.000","19","CAUCA","19698","SANTANDER DE QUILICHAO","0.001","KILOGRAMO"
"2011-08-20T00:00:00.000","66","RISARALDA","66001","PEREIRA","0.003","KILOGRAMO"
"2011-08-19T00:00:00.000","63","QUINDIO","63001","ARMENIA","0.016","KILOGRAMO"
"2011-08-19T00:00:00.000","63","QUINDIO","63470","MONTENEGRO","0.002","KILOGRAMO"
"2011-08-19T00:00:00.000","76","VALLE DEL CAUCA","76001","CALI","0.007","KILOGRAMO"
"2011-08-19T00:00:00.000","05","ANTIOQUIA","05001","MEDELLIN","0.0103","KILOGRAMO"
"2011-08-18T00:00:00.000","76","VALLE DEL CAUCA","76001","CALI","0.005","KILOGRAMO"
"2011-08-18T00:00:00.000","11","BOGOTA D.C.","11001","BOGOTA D.C.","2.009","KILOGRAMO"
"2011-08-17T00:00:00.000","66","RISARALDA","66170","DOSQUEBRADAS","0.004","KILOGRAMO"
"2011-08-17T00:00:00.000","76","VALLE DEL CAUCA","76001","CALI","0.003","KILOGRAMO"
"2011-08-17T00:00:00.000","52","NARIÑO","52320","GUAITARILLA","4.3","KILOGRAMO"
"2011-08-16T00:00:00.000","66","RISARALDA","66001","PEREIRA","0.001","KILOGRAMO"
"2011-08-15T00:00:00.000","76","VALLE DEL CAUCA","76001","CALI","0.002","KILOGRAMO"
"2011-08-15T00:00:00.000","66","RISARALDA","66170","DOSQUEBRADAS","0.001","KILOGRAMO"
"2011-08-14T00:00:00.000","76","VALLE DEL CAUCA","76001","CALI","4.01","KILOGRAMO"
"2011-08-13T00:00:00.000","63","QUINDIO","63001","ARMENIA","0.001","KILOGRAMO"
"2011-08-13T00:00:00.000","19","CAUCA","19698","SANTANDER DE QUILICHAO","0.003","KILOGRAMO"
"2011-08-13T00:00:00.000","76","VALLE DEL CAUCA","76001","CALI","0.005","KILOGRAMO"
"2011-08-12T00:00:00.000","76","VALLE DEL CAUCA","76001","CALI","0.008","KILOGRAMO"
"2011-08-12T00:00:00.000","19","CAUCA","19532","PATIA","2","KILOGRAMO"
"2011-08-12T00:00:00.000","63","QUINDIO","63001","ARMENIA","0.032","KILOGRAMO"
"2011-08-12T00:00:00.000","84005","FLORIDA","8400501","MIAMI","11.3","KILOGRAMO"
"2011-08-11T00:00:00.000","76","VALLE DEL CAUCA","76001","CALI","0.004","KILOGRAMO"
"2011-08-10T00:00:00.000","76","VALLE DEL CAUCA","76001","CALI","0.005","KILOGRAMO"
"2011-08-10T00:00:00.000","66","RISARALDA","66170","DOSQUEBRADAS","0.003","KILOGRAMO"
"2011-08-10T00:00:00.000","66","RISARALDA","66001","PEREIRA","0.001","KILOGRAMO"
"2011-08-09T00:00:00.000","76","VALLE DEL CAUCA","76001","CALI","0.003","KILOGRAMO"
"2011-08-09T00:00:00.000","54","NORTE DE SANTANDER","54001","CUCUTA","0.0156","KILOGRAMO"
"2011-08-09T00:00:00.000","08","ATLANTICO","08758","SOLEDAD","0.08","KILOGRAMO"
"2011-08-08T00:00:00.000","66","RISARALDA","66170","DOSQUEBRADAS","0.001","KILOGRAMO"
"2011-08-08T00:00:00.000","63","QUINDIO","63001","ARMENIA","0.009","KILOGRAMO"
"2011-08-08T00:00:00.000","76","VALLE DEL CAUCA","76001","CALI","0.001","KILOGRAMO"
"2011-08-07T00:00:00.000","76","VALLE DEL CAUCA","76001","CALI","0.008","KILOGRAMO"
"2011-08-07T00:00:00.000","66","RISARALDA","66170","DOSQUEBRADAS","0.005","KILOGRAMO"
"2011-08-06T00:00:00.000","76","VALLE DEL CAUCA","76001","CALI","0.002","KILOGRAMO"
"2011-08-06T00:00:00.000","63","QUINDIO","63470","MONTENEGRO","0.002","KILOGRAMO"
"2011-08-06T00:00:00.000","08","ATLANTICO","08758","SOLEDAD","9.343","KILOGRAMO"
"2011-08-06T00:00:00.000","66","RISARALDA","66170","DOSQUEBRADAS","0.004","KILOGRAMO"
"2011-08-05T00:00:00.000","66","RISARALDA","66001","PEREIRA","0.02","KILOGRAMO"
"2011-08-05T00:00:00.000","76","VALLE DEL CAUCA","76001","CALI","0.001","KILOGRAMO"
"2011-08-04T00:00:00.000","19","CAUCA","19698","SANTANDER DE QUILICHAO","0.001","KILOGRAMO"
"2011-08-04T00:00:00.000","66","RISARALDA","66001","PEREIRA","0.041","KILOGRAMO"
"2011-08-03T00:00:00.000","63","QUINDIO","63001","ARMENIA","0.002","KILOGRAMO"
"2011-08-03T00:00:00.000","66","RISARALDA","66170","DOSQUEBRADAS","0.001","KILOGRAMO"
"2011-08-01T00:00:00.000","66","RISARALDA","66170","DOSQUEBRADAS","0.001","KILOGRAMO"
"2011-08-01T00:00:00.000","05","ANTIOQUIA","05079","BARBOSA","0.004","KILOGRAMO"
"2011-08-01T00:00:00.000","76","VALLE DEL CAUCA","76001","CALI","0.005","KILOGRAMO"
"2011-08-01T00:00:00.000","47","MAGDALENA","47001","SANTA MARTA","8.6","KILOGRAMO"
"2011-07-31T00:00:00.000","66","RISARALDA","66170","DOSQUEBRADAS","0.001","KILOGRAMO"
"2011-07-31T00:00:00.000","76","VALLE DEL CAUCA","76001","CALI","0.002","KILOGRAMO"
"2011-07-30T00:00:00.000","63","QUINDIO","63001","ARMENIA","0.006","KILOGRAMO"
"2011-07-30T00:00:00.000","76","VALLE DEL CAUCA","76001","CALI","0.006","KILOGRAMO"
"2011-07-30T00:00:00.000","19","CAUCA","19698","SANTANDER DE QUILICHAO","0.004","KILOGRAMO"
"2011-07-29T00:00:00.000","63","QUINDIO","63001","ARMENIA","0.025","KILOGRAMO"
"2011-07-29T00:00:00.000","76","VALLE DEL CAUCA","76001","CALI","0.003","KILOGRAMO"
"2011-07-28T00:00:00.000","63","QUINDIO","63001","ARMENIA","0.001","KILOGRAMO"
"2011-07-28T00:00:00.000","66","RISARALDA","66170","DOSQUEBRADAS","0.053","KILOGRAMO"
"2011-07-28T00:00:00.000","76","VALLE DEL CAUCA","76001","CALI","0.003","KILOGRAMO"
"2011-07-27T00:00:00.000","47","MAGDALENA","47001","SANTA MARTA","0.003","KILOGRAMO"
"2011-07-27T00:00:00.000","76","VALLE DEL CAUCA","76001","CALI","0.007","KILOGRAMO"
"2011-07-27T00:00:00.000","19","CAUCA","19698","SANTANDER DE QUILICHAO","0.002","KILOGRAMO"
"2011-07-26T00:00:00.000","91","AMAZONAS","91001","LETICIA","2.176","KILOGRAMO"
"2011-07-26T00:00:00.000","66","RISARALDA","66170","DOSQUEBRADAS","0.068","KILOGRAMO"
"2011-07-25T00:00:00.000","19","CAUCA","19698","SANTANDER DE QUILICHAO","0.001","KILOGRAMO"
"2011-07-25T00:00:00.000","66","RISARALDA","66001","PEREIRA","0.002","KILOGRAMO"
"2011-07-24T00:00:00.000","63","QUINDIO","63001","ARMENIA","0.001","KILOGRAMO"
"2011-07-24T00:00:00.000","66","RISARALDA","66170","DOSQUEBRADAS","0.001","KILOGRAMO"
"2011-07-24T00:00:00.000","76","VALLE DEL CAUCA","76001","CALI","0.002","KILOGRAMO"
"2011-07-23T00:00:00.000","SIN ESTABLECER","SIN ESTABLECER","SIN ESTABLECER","SIN ESTABLECER","230","KILOGRAMO"
"2011-07-23T00:00:00.000","76","VALLE DEL CAUCA","76001","CALI","0.007","KILOGRAMO"
"2011-07-23T00:00:00.000","19","CAUCA","19698","SANTANDER DE QUILICHAO","0.0025","KILOGRAMO"
"2011-07-23T00:00:00.000","63","QUINDIO","63001","ARMENIA","0.001","KILOGRAMO"
"2011-07-22T00:00:00.000","08","ATLANTICO","08520","PALMAR DE VARELA","0.005","KILOGRAMO"
"2011-07-22T00:00:00.000","66","RISARALDA","66001","PEREIRA","0.054","KILOGRAMO"
"2011-07-22T00:00:00.000","66","RISARALDA","66170","DOSQUEBRADAS","0.002","KILOGRAMO"
"2011-07-21T00:00:00.000","08","ATLANTICO","08685","SANTO TOMAS","0.003","KILOGRAMO"
"2011-07-21T00:00:00.000","76","VALLE DEL CAUCA","76001","CALI","0.003","KILOGRAMO"
"2011-07-21T00:00:00.000","66","RISARALDA","66170","DOSQUEBRADAS","0.001","KILOGRAMO"
"2011-07-20T00:00:00.000","63","QUINDIO","63001","ARMENIA","0.009","KILOGRAMO"
"2011-07-20T00:00:00.000","19","CAUCA","19698","SANTANDER DE QUILICHAO","0.006","KILOGRAMO"
"2011-07-19T00:00:00.000","63","QUINDIO","63001","ARMENIA","0.001","KILOGRAMO"
"2011-07-19T00:00:00.000","19","CAUCA","19698","SANTANDER DE QUILICHAO","0.01","KILOGRAMO"
"2011-07-19T00:00:00.000","76","VALLE DEL CAUCA","76001","CALI","0.01","KILOGRAMO"
"2011-07-18T00:00:00.000","08","ATLANTICO","08638","SABANALARGA","0.001","KILOGRAMO"
"2011-07-18T00:00:00.000","76","VALLE DEL CAUCA","76001","CALI","0.002","KILOGRAMO"
"2011-07-17T00:00:00.000","63","QUINDIO","63001","ARMENIA","0.001","KILOGRAMO"
"2011-07-17T00:00:00.000","76","VALLE DEL CAUCA","76001","CALI","0.004","KILOGRAMO"
"2011-07-17T00:00:00.000","66","RISARALDA","66170","DOSQUEBRADAS","0.002","KILOGRAMO"
"2011-07-16T00:00:00.000","76","VALLE DEL CAUCA","76001","CALI","0.01","KILOGRAMO"
"2011-07-16T00:00:00.000","66","RISARALDA","66170","DOSQUEBRADAS","0.001","KILOGRAMO"
"2011-07-15T00:00:00.000","66","RISARALDA","66001","PEREIRA","0.002","KILOGRAMO"
"2011-07-15T00:00:00.000","66","RISARALDA","66170","DOSQUEBRADAS","0.001","KILOGRAMO"
"2011-07-15T00:00:00.000","19","CAUCA","19698","SANTANDER DE QUILICHAO","0.004","KILOGRAMO"
"2011-07-15T00:00:00.000","76","VALLE DEL CAUCA","76001","CALI","0.004","KILOGRAMO"
"2011-07-14T00:00:00.000","66","RISARALDA","66001","PEREIRA","0.001","KILOGRAMO"
"2011-07-14T00:00:00.000","66","RISARALDA","66170","DOSQUEBRADAS","0.002","KILOGRAMO"
"2011-07-14T00:00:00.000","63","QUINDIO","63470","MONTENEGRO","0.002","KILOGRAMO"
"2011-07-14T00:00:00.000","76","VALLE DEL CAUCA","76001","CALI","0.002","KILOGRAMO"
"2011-07-13T00:00:00.000","19","CAUCA","19698","SANTANDER DE QUILICHAO","0.001","KILOGRAMO"
"2011-07-13T00:00:00.000","66","RISARALDA","66170","DOSQUEBRADAS","0.004","KILOGRAMO"
"2011-07-12T00:00:00.000","63","QUINDIO","63001","ARMENIA","0.005","KILOGRAMO"
"2011-07-11T00:00:00.000","76","VALLE DEL CAUCA","76001","CALI","0.002","KILOGRAMO"
"2011-07-10T00:00:00.000","66","RISARALDA","66170","DOSQUEBRADAS","0.003","KILOGRAMO"
"2011-07-10T00:00:00.000","19","CAUCA","19698","SANTANDER DE QUILICHAO","0.009","KILOGRAMO"
"2011-07-09T00:00:00.000","66","RISARALDA","66170","DOSQUEBRADAS","0.001","KILOGRAMO"
"2011-07-09T00:00:00.000","63","QUINDIO","63001","ARMENIA","0.001","KILOGRAMO"
"2011-07-09T00:00:00.000","76","VALLE DEL CAUCA","76001","CALI","0.003","KILOGRAMO"
"2011-07-08T00:00:00.000","63","QUINDIO","63111","BUENAVISTA","0.003","KILOGRAMO"
"2011-07-08T00:00:00.000","91","AMAZONAS","91001","LETICIA","3.994","KILOGRAMO"
"2011-07-08T00:00:00.000","08","ATLANTICO","08001","BARRANQUILLA","0.002","KILOGRAMO"
"2011-07-08T00:00:00.000","66","RISARALDA","66045","APIA","0.004","KILOGRAMO"
"2011-07-08T00:00:00.000","76","VALLE DEL CAUCA","76001","CALI","0.003","KILOGRAMO"
"2011-07-08T00:00:00.000","66","RISARALDA","66170","DOSQUEBRADAS","0.002","KILOGRAMO"
"2011-07-07T00:00:00.000","66","RISARALDA","66001","PEREIRA","0.001","KILOGRAMO"
"2011-07-07T00:00:00.000","52","NARIÑO","52240","CHACHAGÜI","2.977","KILOGRAMO"
"2011-07-07T00:00:00.000","63","QUINDIO","63001","ARMENIA","0.001","KILOGRAMO"
"2011-07-07T00:00:00.000","66","RISARALDA","66170","DOSQUEBRADAS","0.001","KILOGRAMO"
"2011-07-06T00:00:00.000","52","NARIÑO","52835","SAN ANDRES DE TUMACO","0.005","KILOGRAMO"
"2011-07-06T00:00:00.000","19","CAUCA","19698","SANTANDER DE QUILICHAO","0.002","KILOGRAMO"
"2011-07-06T00:00:00.000","63","QUINDIO","63001","ARMENIA","0.01","KILOGRAMO"
"2011-07-06T00:00:00.000","44","LA GUAJIRA","44847","URIBIA","0.278","KILOGRAMO"
"2011-07-06T00:00:00.000","44","LA GUAJIRA","44001","RIOHACHA","0.28","KILOGRAMO"
"2011-07-06T00:00:00.000","66","RISARALDA","66170","DOSQUEBRADAS","0.001","KILOGRAMO"
"2011-07-06T00:00:00.000","76","VALLE DEL CAUCA","76001","CALI","0.003","KILOGRAMO"
"2011-07-05T00:00:00.000","76","VALLE DEL CAUCA","76001","CALI","0.005","KILOGRAMO"
"2011-07-05T00:00:00.000","63","QUINDIO","63001","ARMENIA","0.015","KILOGRAMO"
"2011-07-05T00:00:00.000","66","RISARALDA","66170","DOSQUEBRADAS","0.003","KILOGRAMO"
"2011-07-04T00:00:00.000","66","RISARALDA","66170","DOSQUEBRADAS","0.001","KILOGRAMO"
"2011-07-04T00:00:00.000","76","VALLE DEL CAUCA","76001","CALI","0.008","KILOGRAMO"
"2011-07-04T00:00:00.000","63","QUINDIO","63001","ARMENIA","0.002","KILOGRAMO"
"2011-07-03T00:00:00.000","76","VALLE DEL CAUCA","76001","CALI","0.005","KILOGRAMO"
"2011-07-03T00:00:00.000","63","QUINDIO","63001","ARMENIA","0.002","KILOGRAMO"
"2011-07-02T00:00:00.000","08","ATLANTICO","08001","BARRANQUILLA","0.004","KILOGRAMO"
"2011-07-02T00:00:00.000","66","RISARALDA","66170","DOSQUEBRADAS","0.001","KILOGRAMO"
"2011-07-01T00:00:00.000","66","RISARALDA","66170","DOSQUEBRADAS","0.001","KILOGRAMO"
"2011-07-01T00:00:00.000","66","RISARALDA","66001","PEREIRA","0.015","KILOGRAMO"
"2011-07-01T00:00:00.000","76","VALLE DEL CAUCA","76001","CALI","0.002","KILOGRAMO"
"2011-07-01T00:00:00.000","11","BOGOTA D.C.","11001","BOGOTA D.C.","0.618","KILOGRAMO"
"2011-06-30T00:00:00.000","66","RISARALDA","66170","DOSQUEBRADAS","0.001","KILOGRAMO"
"2011-06-30T00:00:00.000","76","VALLE DEL CAUCA","76001","CALI","0.003","KILOGRAMO"
"2011-06-30T00:00:00.000","66","RISARALDA","66001","PEREIRA","0.001","KILOGRAMO"
"2011-06-30T00:00:00.000","54","NORTE DE SANTANDER","54518","PAMPLONA","0.0015","KILOGRAMO"
"2011-06-30T00:00:00.000","63","QUINDIO","63001","ARMENIA","1.732","KILOGRAMO"
"2011-06-30T00:00:00.000","19","CAUCA","19698","SANTANDER DE QUILICHAO","0.003","KILOGRAMO"
"2011-06-29T00:00:00.000","63","QUINDIO","63001","ARMENIA","0.001","KILOGRAMO"
"2011-06-29T00:00:00.000","76","VALLE DEL CAUCA","76001","CALI","0.009","KILOGRAMO"
"2011-06-29T00:00:00.000","66","RISARALDA","66001","PEREIRA","0.001","KILOGRAMO"
"2011-06-29T00:00:00.000","66","RISARALDA","66170","DOSQUEBRADAS","0.071","KILOGRAMO"
"2011-06-28T00:00:00.000","05","ANTIOQUIA","05001","MEDELLIN","0.07","KILOGRAMO"
"2011-06-28T00:00:00.000","76","VALLE DEL CAUCA","76001","CALI","0.002","KILOGRAMO"
"2011-06-28T00:00:00.000","63","QUINDIO","63001","ARMENIA","0.002","KILOGRAMO"
"2011-06-28T00:00:00.000","66","RISARALDA","66170","DOSQUEBRADAS","0.231","KILOGRAMO"
"2011-06-27T00:00:00.000","76","VALLE DEL CAUCA","76001","CALI","0.003","KILOGRAMO"
"2011-06-27T00:00:00.000","63","QUINDIO","63001","ARMENIA","0.003","KILOGRAMO"
"2011-06-27T00:00:00.000","05","ANTIOQUIA","05615","RIONEGRO","1","KILOGRAMO"
"2011-06-27T00:00:00.000","66","RISARALDA","66170","DOSQUEBRADAS","0.001","KILOGRAMO"
"2011-06-26T00:00:00.000","63","QUINDIO","63001","ARMENIA","0.001","KILOGRAMO"
"2011-06-26T00:00:00.000","66","RISARALDA","66170","DOSQUEBRADAS","0.002","KILOGRAMO"
"2011-06-26T00:00:00.000","76","VALLE DEL CAUCA","76001","CALI","0.015","KILOGRAMO"
"2011-06-25T00:00:00.000","66","RISARALDA","66170","DOSQUEBRADAS","0.003","KILOGRAMO"
"2011-06-24T00:00:00.000","76","VALLE DEL CAUCA","76001","CALI","0.002","KILOGRAMO"
"2011-06-23T00:00:00.000","76","VALLE DEL CAUCA","76111","GUADALAJARA DE BUGA","0.002","KILOGRAMO"
"2011-06-23T00:00:00.000","66","RISARALDA","66001","PEREIRA","0.002","KILOGRAMO"
"2011-06-23T00:00:00.000","66","RISARALDA","66170","DOSQUEBRADAS","0.001","KILOGRAMO"
"2011-06-22T00:00:00.000","63","QUINDIO","63001","ARMENIA","0.026","KILOGRAMO"
"2011-06-22T00:00:00.000","66","RISARALDA","66001","PEREIRA","0.008","KILOGRAMO"
"2011-06-22T00:00:00.000","66","RISARALDA","66170","DOSQUEBRADAS","0.004","KILOGRAMO"
"2011-06-21T00:00:00.000","76","VALLE DEL CAUCA","76001","CALI","0.007","KILOGRAMO"
"2011-06-21T00:00:00.000","66","RISARALDA","66170","DOSQUEBRADAS","0.001","KILOGRAMO"
"2011-06-21T00:00:00.000","08","ATLANTICO","08606","REPELON","0.001","KILOGRAMO"
"2011-06-20T00:00:00.000","76","VALLE DEL CAUCA","76001","CALI","0.002","KILOGRAMO"
"2011-06-20T00:00:00.000","63","QUINDIO","63001","ARMENIA","0.003","KILOGRAMO"
"2011-06-20T00:00:00.000","11","BOGOTA D.C.","11001","BOGOTA D.C.","2","KILOGRAMO"
"2011-06-19T00:00:00.000","63","QUINDIO","63001","ARMENIA","0.001","KILOGRAMO"
"2011-06-19T00:00:00.000","66","RISARALDA","66170","DOSQUEBRADAS","0.001","KILOGRAMO"
"2011-06-18T00:00:00.000","76","VALLE DEL CAUCA","76001","CALI","0.006","KILOGRAMO"
"2011-06-18T00:00:00.000","66","RISARALDA","66170","DOSQUEBRADAS","0.081","KILOGRAMO"
"2011-06-17T00:00:00.000","63","QUINDIO","63001","ARMENIA","0.003","KILOGRAMO"
"2011-06-17T00:00:00.000","66","RISARALDA","66170","DOSQUEBRADAS","0.001","KILOGRAMO"
"2011-06-16T00:00:00.000","47","MAGDALENA","47189","CIENAGA","6.54","KILOGRAMO"
"2011-06-16T00:00:00.000","66","RISARALDA","66001","PEREIRA","0.006","KILOGRAMO"
"2011-06-16T00:00:00.000","76","VALLE DEL CAUCA","76001","CALI","0.008","KILOGRAMO"
"2011-06-16T00:00:00.000","11","BOGOTA D.C.","11001","BOGOTA D.C.","0.03","KILOGRAMO"
"2011-06-14T00:00:00.000","66","RISARALDA","66170","DOSQUEBRADAS","0.001","KILOGRAMO"
"2011-06-14T00:00:00.000","76","VALLE DEL CAUCA","76001","CALI","0.002","KILOGRAMO"
"2011-06-13T00:00:00.000","76","VALLE DEL CAUCA","76001","CALI","0.003","KILOGRAMO"
"2011-06-12T00:00:00.000","76","VALLE DEL CAUCA","76001","CALI","0.017","KILOGRAMO"
"2011-06-12T00:00:00.000","63","QUINDIO","63001","ARMENIA","0.003","KILOGRAMO"
"2011-06-12T00:00:00.000","88","SAN ANDRES ISLAS","88001","SAN ANDRES","4","KILOGRAMO"
"2011-06-12T00:00:00.000","66","RISARALDA","66170","DOSQUEBRADAS","0.003","KILOGRAMO"
"2011-06-11T00:00:00.000","63","QUINDIO","63001","ARMENIA","0.001","KILOGRAMO"
"2011-06-11T00:00:00.000","66","RISARALDA","66170","DOSQUEBRADAS","0.004","KILOGRAMO"
"2011-06-11T00:00:00.000","76","VALLE DEL CAUCA","76001","CALI","0.009","KILOGRAMO"
"2011-06-10T00:00:00.000","66","RISARALDA","66001","PEREIRA","0.03","KILOGRAMO"
"2011-06-10T00:00:00.000","66","RISARALDA","66170","DOSQUEBRADAS","0.003","KILOGRAMO"
"2011-06-10T00:00:00.000","76","VALLE DEL CAUCA","76001","CALI","0.001","KILOGRAMO"
"2011-06-10T00:00:00.000","05","ANTIOQUIA","05001","MEDELLIN","0.025","KILOGRAMO"
"2011-06-09T00:00:00.000","76","VALLE DEL CAUCA","76001","CALI","0.002","KILOGRAMO"
"2011-06-09T00:00:00.000","63","QUINDIO","63130","CALARCA","1","KILOGRAMO"
"2011-06-08T00:00:00.000","63","QUINDIO","63130","CALARCA","0.01","KILOGRAMO"
"2011-06-08T00:00:00.000","76","VALLE DEL CAUCA","76001","CALI","0.003","KILOGRAMO"
"2011-06-08T00:00:00.000","66","RISARALDA","66170","DOSQUEBRADAS","0.002","KILOGRAMO"
"2011-06-07T00:00:00.000","76","VALLE DEL CAUCA","76001","CALI","0.018","KILOGRAMO"
"2011-06-07T00:00:00.000","76","VALLE DEL CAUCA","76520","PALMIRA","0.6","KILOGRAMO"
"2011-06-07T00:00:00.000","54","NORTE DE SANTANDER","54001","CUCUTA","0.002","KILOGRAMO"
"2011-06-07T00:00:00.000","11","BOGOTA D.C.","11001","BOGOTA D.C.","0.5","KILOGRAMO"
"2011-06-06T00:00:00.000","66","RISARALDA","66170","DOSQUEBRADAS","0.052","KILOGRAMO"
"2011-06-05T00:00:00.000","66","RISARALDA","66170","DOSQUEBRADAS","0.004","KILOGRAMO"
"2011-06-05T00:00:00.000","63","QUINDIO","63001","ARMENIA","0.003","KILOGRAMO"
"2011-06-04T00:00:00.000","54","NORTE DE SANTANDER","54001","CUCUTA","0.012","KILOGRAMO"
"2011-06-04T00:00:00.000","66","RISARALDA","66170","DOSQUEBRADAS","0.005","KILOGRAMO"
"2011-06-04T00:00:00.000","76","VALLE DEL CAUCA","76001","CALI","0.031","KILOGRAMO"
"2011-06-03T00:00:00.000","66","RISARALDA","66170","DOSQUEBRADAS","0.218","KILOGRAMO"
"2011-06-03T00:00:00.000","63","QUINDIO","63001","ARMENIA","0.002","KILOGRAMO"
"2011-06-03T00:00:00.000","66","RISARALDA","66001","PEREIRA","0.027","KILOGRAMO"
"2011-06-03T00:00:00.000","76","VALLE DEL CAUCA","76001","CALI","0.004","KILOGRAMO"
"2011-06-02T00:00:00.000","66","RISARALDA","66170","DOSQUEBRADAS","0.001","KILOGRAMO"
"2011-06-02T00:00:00.000","63","QUINDIO","63001","ARMENIA","0.002","KILOGRAMO"
"2011-06-02T00:00:00.000","66","RISARALDA","66440","MARSELLA","0.015","KILOGRAMO"
"2011-06-02T00:00:00.000","SIN ESTABLECER","SIN ESTABLECER","SIN ESTABLECER","SIN ESTABLECER","0.53","KILOGRAMO"
"2011-06-01T00:00:00.000","66","RISARALDA","66170","DOSQUEBRADAS","0.001","KILOGRAMO"
"2011-06-01T00:00:00.000","76","VALLE DEL CAUCA","76001","CALI","0.003","KILOGRAMO"
"2011-06-01T00:00:00.000","63","QUINDIO","63001","ARMENIA","0.004","KILOGRAMO"
"2011-05-31T00:00:00.000","25","CUNDINAMARCA","25572","PUERTO SALGAR","4.692","KILOGRAMO"
"2011-05-31T00:00:00.000","66","RISARALDA","66170","DOSQUEBRADAS","0.002","KILOGRAMO"
"2011-05-31T00:00:00.000","20","CESAR","20001","VALLEDUPAR","0.005","KILOGRAMO"
"2011-05-31T00:00:00.000","76","VALLE DEL CAUCA","76001","CALI","0.006","KILOGRAMO"
"2011-05-31T00:00:00.000","73","TOLIMA","73001","IBAGUE","0.042","KILOGRAMO"
"2011-05-31T00:00:00.000","17","CALDAS","17380","LA DORADA","4.692","KILOGRAMO"
"2011-05-31T00:00:00.000","63","QUINDIO","63001","ARMENIA","0.003","KILOGRAMO"
"2011-05-30T00:00:00.000","76","VALLE DEL CAUCA","76001","CALI","0.002","KILOGRAMO"
"2011-05-30T00:00:00.000","44","LA GUAJIRA","44001","RIOHACHA","2.62","KILOGRAMO"
"2011-05-30T00:00:00.000","66","RISARALDA","66170","DOSQUEBRADAS","0.006","KILOGRAMO"
"2011-05-30T00:00:00.000","20","CESAR","20001","VALLEDUPAR","0.002","KILOGRAMO"
"2011-05-29T00:00:00.000","66","RISARALDA","66170","DOSQUEBRADAS","0.003","KILOGRAMO"
"2011-05-29T00:00:00.000","76","VALLE DEL CAUCA","76001","CALI","0.005","KILOGRAMO"
"2011-05-28T00:00:00.000","66","RISARALDA","66170","DOSQUEBRADAS","0.002","KILOGRAMO"
"2011-05-28T00:00:00.000","08","ATLANTICO","08421","LURUACO","0.001","KILOGRAMO"
"2011-05-28T00:00:00.000","76","VALLE DEL CAUCA","76001","CALI","0.002","KILOGRAMO"
"2011-05-27T00:00:00.000","76","VALLE DEL CAUCA","76001","CALI","0.002","KILOGRAMO"
"2011-05-27T00:00:00.000","11","BOGOTA D.C.","11001","BOGOTA D.C.","2.923","KILOGRAMO"
"2011-05-27T00:00:00.000","63","QUINDIO","63001","ARMENIA","0.002","KILOGRAMO"
"2011-05-27T00:00:00.000","66","RISARALDA","66170","DOSQUEBRADAS","0.002","KILOGRAMO"
"2011-05-27T00:00:00.000","66","RISARALDA","66001","PEREIRA","0.021","KILOGRAMO"
"2011-05-26T00:00:00.000","68","SANTANDER","68001","BUCARAMANGA","0.003","KILOGRAMO"
"2011-05-26T00:00:00.000","76","VALLE DEL CAUCA","76001","CALI","0.025","KILOGRAMO"
"2011-05-26T00:00:00.000","54","NORTE DE SANTANDER","54001","CUCUTA","0.0045","KILOGRAMO"
"2011-05-26T00:00:00.000","05","ANTIOQUIA","05001","MEDELLIN","0.019","KILOGRAMO"
"2011-05-25T00:00:00.000","66","RISARALDA","66170","DOSQUEBRADAS","0.007","KILOGRAMO"
"2011-05-25T00:00:00.000","76","VALLE DEL CAUCA","76001","CALI","0.002","KILOGRAMO"
"2011-05-25T00:00:00.000","08","ATLANTICO","08001","BARRANQUILLA","0.001","KILOGRAMO"
"2011-05-25T00:00:00.000","63","QUINDIO","63001","ARMENIA","0.015","KILOGRAMO"
"2011-05-24T00:00:00.000","66","RISARALDA","66170","DOSQUEBRADAS","0.003","KILOGRAMO"
"2011-05-23T00:00:00.000","76","VALLE DEL CAUCA","76001","CALI","0.014","KILOGRAMO"
"2011-05-23T00:00:00.000","63","QUINDIO","63212","CORDOBA","0.003","KILOGRAMO"
"2011-05-23T00:00:00.000","63","QUINDIO","63001","ARMENIA","0.002","KILOGRAMO"
"2011-05-22T00:00:00.000","76","VALLE DEL CAUCA","76001","CALI","0.002","KILOGRAMO"
"2011-05-21T00:00:00.000","54","NORTE DE SANTANDER","54261","EL ZULIA","6","KILOGRAMO"
"2011-05-21T00:00:00.000","63","QUINDIO","63001","ARMENIA","0.001","KILOGRAMO"
"2011-05-21T00:00:00.000","76","VALLE DEL CAUCA","76001","CALI","0.002","KILOGRAMO"
"2011-05-21T00:00:00.000","66","RISARALDA","66170","DOSQUEBRADAS","0.002","KILOGRAMO"
"2011-05-20T00:00:00.000","76","VALLE DEL CAUCA","76001","CALI","0.007","KILOGRAMO"
"2011-05-20T00:00:00.000","66","RISARALDA","66170","DOSQUEBRADAS","0.003","KILOGRAMO"
"2011-05-19T00:00:00.000","66","RISARALDA","66001","PEREIRA","0.005","KILOGRAMO"
"2011-05-19T00:00:00.000","76","VALLE DEL CAUCA","76001","CALI","0.001","KILOGRAMO"
"2011-05-19T00:00:00.000","63","QUINDIO","63001","ARMENIA","0.001","KILOGRAMO"
"2011-05-18T00:00:00.000","76","VALLE DEL CAUCA","76001","CALI","0.004","KILOGRAMO"
"2011-05-18T00:00:00.000","63","QUINDIO","63001","ARMENIA","0.006","KILOGRAMO"
"2011-05-18T00:00:00.000","66","RISARALDA","66170","DOSQUEBRADAS","0.002","KILOGRAMO"
"2011-05-18T00:00:00.000","66","RISARALDA","66001","PEREIRA","0.004","KILOGRAMO"
"2011-05-17T00:00:00.000","63","QUINDIO","63001","ARMENIA","0.001","KILOGRAMO"
"2011-05-17T00:00:00.000","66","RISARALDA","66170","DOSQUEBRADAS","0.003","KILOGRAMO"
"2011-05-16T00:00:00.000","76","VALLE DEL CAUCA","76001","CALI","0.002","KILOGRAMO"
"2011-05-16T00:00:00.000","66","RISARALDA","66170","DOSQUEBRADAS","0.001","KILOGRAMO"
"2011-05-15T00:00:00.000","25","CUNDINAMARCA","25740","SIBATE","3.291","KILOGRAMO"
"2011-05-15T00:00:00.000","66","RISARALDA","66170","DOSQUEBRADAS","0.006","KILOGRAMO"
"2011-05-15T00:00:00.000","76","VALLE DEL CAUCA","76001","CALI","0.002","KILOGRAMO"
"2011-05-15T00:00:00.000","63","QUINDIO","63001","ARMENIA","0.001","KILOGRAMO"
"2011-05-14T00:00:00.000","63","QUINDIO","63001","ARMENIA","0.001","KILOGRAMO"
"2011-05-14T00:00:00.000","76","VALLE DEL CAUCA","76001","CALI","0.003","KILOGRAMO"
"2011-05-14T00:00:00.000","54","NORTE DE SANTANDER","54001","CUCUTA","0.0015","KILOGRAMO"
"2011-05-14T00:00:00.000","19","CAUCA","19698","SANTANDER DE QUILICHAO","0.003","KILOGRAMO"
"2011-05-14T00:00:00.000","66","RISARALDA","66170","DOSQUEBRADAS","0.003","KILOGRAMO"
"2011-05-13T00:00:00.000","08","ATLANTICO","08001","BARRANQUILLA","0.014","KILOGRAMO"
"2011-05-13T00:00:00.000","63","QUINDIO","63001","ARMENIA","0.015","KILOGRAMO"
"2011-05-13T00:00:00.000","76","VALLE DEL CAUCA","76001","CALI","0.002","KILOGRAMO"
"2011-05-13T00:00:00.000","66","RISARALDA","66001","PEREIRA","0.018","KILOGRAMO"
"2011-05-12T00:00:00.000","66","RISARALDA","66170","DOSQUEBRADAS","0.001","KILOGRAMO"
"2011-05-12T00:00:00.000","08","ATLANTICO","08001","BARRANQUILLA","0.008","KILOGRAMO"
"2011-05-12T00:00:00.000","66","RISARALDA","66088","BELEN DE UMBRIA","0.007","KILOGRAMO"
"2011-05-12T00:00:00.000","76","VALLE DEL CAUCA","76001","CALI","0.01","KILOGRAMO"
"2011-05-12T00:00:00.000","66","RISARALDA","66001","PEREIRA","0.01","KILOGRAMO"
"2011-05-11T00:00:00.000","52","NARIÑO","52678","SAMANIEGO","2.5","KILOGRAMO"
"2011-05-11T00:00:00.000","76","VALLE DEL CAUCA","76001","CALI","0.002","KILOGRAMO"
"2011-05-11T00:00:00.000","08","ATLANTICO","08832","TUBARA","0.003","KILOGRAMO"
"2011-05-11T00:00:00.000","66","RISARALDA","66170","DOSQUEBRADAS","0.001","KILOGRAMO"
"2011-05-10T00:00:00.000","63","QUINDIO","63001","ARMENIA","0.002","KILOGRAMO"
"2011-05-10T00:00:00.000","76","VALLE DEL CAUCA","76001","CALI","0.022","KILOGRAMO"
"2011-05-10T00:00:00.000","66","RISARALDA","66001","PEREIRA","0.025","KILOGRAMO"
"2011-05-09T00:00:00.000","66","RISARALDA","66170","DOSQUEBRADAS","0.001","KILOGRAMO"
"2011-05-09T00:00:00.000","63","QUINDIO","63001","ARMENIA","0.001","KILOGRAMO"
"2011-05-08T00:00:00.000","66","RISARALDA","66170","DOSQUEBRADAS","0.004","KILOGRAMO"
"2011-05-08T00:00:00.000","63","QUINDIO","63001","ARMENIA","0.001","KILOGRAMO"
"2011-05-08T00:00:00.000","76","VALLE DEL CAUCA","76001","CALI","0.013","KILOGRAMO"
"2011-05-07T00:00:00.000","66","RISARALDA","66170","DOSQUEBRADAS","0.003","KILOGRAMO"
"2011-05-07T00:00:00.000","63","QUINDIO","63190","CIRCASIA","0.002","KILOGRAMO"
"2011-05-07T00:00:00.000","76","VALLE DEL CAUCA","76001","CALI","0.003","KILOGRAMO"
"2011-05-06T00:00:00.000","63","QUINDIO","63470","MONTENEGRO","0.002","KILOGRAMO"
"2011-05-06T00:00:00.000","63","QUINDIO","63001","ARMENIA","0.002","KILOGRAMO"
"2011-05-06T00:00:00.000","66","RISARALDA","66170","DOSQUEBRADAS","0.003","KILOGRAMO"
"2011-05-05T00:00:00.000","63","QUINDIO","63001","ARMENIA","0.001","KILOGRAMO"
"2011-05-05T00:00:00.000","54","NORTE DE SANTANDER","54001","CUCUTA","0.003","KILOGRAMO"
"2011-05-05T00:00:00.000","76","VALLE DEL CAUCA","76001","CALI","0.009","KILOGRAMO"
"2011-05-04T00:00:00.000","66","RISARALDA","66001","PEREIRA","0.021","KILOGRAMO"
"2011-05-03T00:00:00.000","66","RISARALDA","66170","DOSQUEBRADAS","0.032","KILOGRAMO"
"2011-05-03T00:00:00.000","19","CAUCA","19698","SANTANDER DE QUILICHAO","0.003","KILOGRAMO"
"2011-05-03T00:00:00.000","66","RISARALDA","66001","PEREIRA","0.007","KILOGRAMO"
"2011-05-02T00:00:00.000","63","QUINDIO","63272","FILANDIA","0.007","KILOGRAMO"
"2011-05-02T00:00:00.000","63","QUINDIO","63001","ARMENIA","0.002","KILOGRAMO"
"2011-05-02T00:00:00.000","66","RISARALDA","66170","DOSQUEBRADAS","0.001","KILOGRAMO"
"2011-05-02T00:00:00.000","76","VALLE DEL CAUCA","76001","CALI","0.009","KILOGRAMO"
"2011-05-01T00:00:00.000","63","QUINDIO","63001","ARMENIA","0.005","KILOGRAMO"
"2011-05-01T00:00:00.000","66","RISARALDA","66170","DOSQUEBRADAS","0.001","KILOGRAMO"
"2011-05-01T00:00:00.000","76","VALLE DEL CAUCA","76001","CALI","0.005","KILOGRAMO"
"2011-04-30T00:00:00.000","63","QUINDIO","63001","ARMENIA","0.016","KILOGRAMO"
"2011-04-30T00:00:00.000","76","VALLE DEL CAUCA","76520","PALMIRA","1.011","KILOGRAMO"
"2011-04-30T00:00:00.000","66","RISARALDA","66170","DOSQUEBRADAS","0.002","KILOGRAMO"
"2011-04-30T00:00:00.000","76","VALLE DEL CAUCA","76001","CALI","0.002","KILOGRAMO"
"2011-04-30T00:00:00.000","05","ANTIOQUIA","05001","MEDELLIN","0.03","KILOGRAMO"
"2011-04-29T00:00:00.000","66","RISARALDA","66170","DOSQUEBRADAS","0.001","KILOGRAMO"
"2011-04-29T00:00:00.000","54","NORTE DE SANTANDER","54001","CUCUTA","0.00020","KILOGRAMO"
"2011-04-29T00:00:00.000","76","VALLE DEL CAUCA","76001","CALI","0.012","KILOGRAMO"
"2011-04-29T00:00:00.000","63","QUINDIO","63594","QUIMBAYA","0.005","KILOGRAMO"
"2011-04-29T00:00:00.000","63","QUINDIO","63001","ARMENIA","0.002","KILOGRAMO"
"2011-04-29T00:00:00.000","13","BOLIVAR","13001","CARTAGENA DE INDIAS","0.5","KILOGRAMO"
"2011-04-28T00:00:00.000","52","NARIÑO","52356","IPIALES","1.891","KILOGRAMO"
"2011-04-28T00:00:00.000","63","QUINDIO","63001","ARMENIA","0.004","KILOGRAMO"
"2011-04-28T00:00:00.000","66","RISARALDA","66170","DOSQUEBRADAS","0.029","KILOGRAMO"
"2011-04-28T00:00:00.000","76","VALLE DEL CAUCA","76828","TRUJILLO","0.001","KILOGRAMO"
"2011-04-27T00:00:00.000","66","RISARALDA","66170","DOSQUEBRADAS","0.002","KILOGRAMO"
"2011-04-27T00:00:00.000","66","RISARALDA","66001","PEREIRA","0.003","KILOGRAMO"
"2011-04-27T00:00:00.000","76","VALLE DEL CAUCA","76001","CALI","0.004","KILOGRAMO"
"2011-04-27T00:00:00.000","63","QUINDIO","63001","ARMENIA","0.005","KILOGRAMO"
"2011-04-26T00:00:00.000","66","RISARALDA","66170","DOSQUEBRADAS","0.046","KILOGRAMO"
"2011-04-26T00:00:00.000","66","RISARALDA","66001","PEREIRA","0.018","KILOGRAMO"
"2011-04-26T00:00:00.000","76","VALLE DEL CAUCA","76001","CALI","0.017","KILOGRAMO"
"2011-04-25T00:00:00.000","66","RISARALDA","66170","DOSQUEBRADAS","0.001","KILOGRAMO"
"2011-04-25T00:00:00.000","76","VALLE DEL CAUCA","76001","CALI","0.008","KILOGRAMO"
"2011-04-25T00:00:00.000","63","QUINDIO","63001","ARMENIA","0.007","KILOGRAMO"
"2011-04-24T00:00:00.000","63","QUINDIO","63001","ARMENIA","0.001","KILOGRAMO"
"2011-04-24T00:00:00.000","76","VALLE DEL CAUCA","76001","CALI","0.002","KILOGRAMO"
"2011-04-23T00:00:00.000","76","VALLE DEL CAUCA","76001","CALI","0.004","KILOGRAMO"
"2011-04-23T00:00:00.000","66","RISARALDA","66170","DOSQUEBRADAS","0.04","KILOGRAMO"
"2011-04-23T00:00:00.000","63","QUINDIO","63001","ARMENIA","0.004","KILOGRAMO"
"2011-04-22T00:00:00.000","66","RISARALDA","66170","DOSQUEBRADAS","0.031","KILOGRAMO"
"2011-04-22T00:00:00.000","76","VALLE DEL CAUCA","76001","CALI","0.001","KILOGRAMO"
"2011-04-22T00:00:00.000","63","QUINDIO","63001","ARMENIA","0.005","KILOGRAMO"
"2011-04-21T00:00:00.000","76","VALLE DEL CAUCA","76001","CALI","0.003","KILOGRAMO"
"2011-04-21T00:00:00.000","66","RISARALDA","66170","DOSQUEBRADAS","0.031","KILOGRAMO"
"2011-04-20T00:00:00.000","66","RISARALDA","66170","DOSQUEBRADAS","0.026","KILOGRAMO"
"2011-04-20T00:00:00.000","66","RISARALDA","66001","PEREIRA","0.002","KILOGRAMO"
"2011-04-19T00:00:00.000","66","RISARALDA","66170","DOSQUEBRADAS","0.028","KILOGRAMO"
"2011-04-19T00:00:00.000","66","RISARALDA","66001","PEREIRA","0.001","KILOGRAMO"
"2011-04-19T00:00:00.000","63","QUINDIO","63001","ARMENIA","0.005","KILOGRAMO"
"2011-04-19T00:00:00.000","76","VALLE DEL CAUCA","76001","CALI","0.001","KILOGRAMO"
"2011-04-18T00:00:00.000","66","RISARALDA","66170","DOSQUEBRADAS","0.035","KILOGRAMO"
"2011-04-18T00:00:00.000","63","QUINDIO","63001","ARMENIA","0.003","KILOGRAMO"
"2011-04-18T00:00:00.000","76","VALLE DEL CAUCA","76001","CALI","0.002","KILOGRAMO"
"2011-04-17T00:00:00.000","63","QUINDIO","63001","ARMENIA","0.282","KILOGRAMO"
"2011-04-16T00:00:00.000","63","QUINDIO","63001","ARMENIA","0.011","KILOGRAMO"
"2011-04-16T00:00:00.000","76","VALLE DEL CAUCA","76001","CALI","0.001","KILOGRAMO"
"2011-04-16T00:00:00.000","54","NORTE DE SANTANDER","54001","CUCUTA","0.0081","KILOGRAMO"
"2011-04-15T00:00:00.000","63","QUINDIO","63001","ARMENIA","0.001","KILOGRAMO"
"2011-04-15T00:00:00.000","66","RISARALDA","66170","DOSQUEBRADAS","0.033","KILOGRAMO"
"2011-04-15T00:00:00.000","08","ATLANTICO","08001","BARRANQUILLA","3.984","KILOGRAMO"
"2011-04-15T00:00:00.000","76","VALLE DEL CAUCA","76001","CALI","0.002","KILOGRAMO"
"2011-04-14T00:00:00.000","76","VALLE DEL CAUCA","76001","CALI","0.003","KILOGRAMO"
"2011-04-14T00:00:00.000","63","QUINDIO","63001","ARMENIA","0.002","KILOGRAMO"
"2011-04-14T00:00:00.000","66","RISARALDA","66001","PEREIRA","0.007","KILOGRAMO"
"2011-04-14T00:00:00.000","66","RISARALDA","66170","DOSQUEBRADAS","0.027","KILOGRAMO"
"2011-04-13T00:00:00.000","63","QUINDIO","63001","ARMENIA","0.004","KILOGRAMO"
"2011-04-13T00:00:00.000","76","VALLE DEL CAUCA","76001","CALI","0.002","KILOGRAMO"
"2011-04-13T00:00:00.000","66","RISARALDA","66170","DOSQUEBRADAS","0.001","KILOGRAMO"
"2011-04-12T00:00:00.000","08","ATLANTICO","08001","BARRANQUILLA","1.45","KILOGRAMO"
"2011-04-12T00:00:00.000","66","RISARALDA","66001","PEREIRA","0.003","KILOGRAMO"
"2011-04-12T00:00:00.000","63","QUINDIO","63001","ARMENIA","0.002","KILOGRAMO"
"2011-04-12T00:00:00.000","76","VALLE DEL CAUCA","76001","CALI","0.006","KILOGRAMO"
"2011-04-12T00:00:00.000","66","RISARALDA","66170","DOSQUEBRADAS","0.019","KILOGRAMO"
"2011-04-11T00:00:00.000","63","QUINDIO","63001","ARMENIA","0.003","KILOGRAMO"
"2011-04-11T00:00:00.000","66","RISARALDA","66170","DOSQUEBRADAS","0.004","KILOGRAMO"
"2011-04-11T00:00:00.000","76","VALLE DEL CAUCA","76001","CALI","0.004","KILOGRAMO"
"2011-04-09T00:00:00.000","63","QUINDIO","63001","ARMENIA","0.003","KILOGRAMO"
"2011-04-09T00:00:00.000","66","RISARALDA","66001","PEREIRA","0.001","KILOGRAMO"
"2011-04-09T00:00:00.000","76","VALLE DEL CAUCA","76001","CALI","0.001","KILOGRAMO"
"2011-04-09T00:00:00.000","08","ATLANTICO","08001","BARRANQUILLA","0.008","KILOGRAMO"
"2011-04-08T00:00:00.000","63","QUINDIO","63001","ARMENIA","0.003","KILOGRAMO"
"2011-04-08T00:00:00.000","76","VALLE DEL CAUCA","76001","CALI","0.002","KILOGRAMO"
"2011-04-08T00:00:00.000","66","RISARALDA","66170","DOSQUEBRADAS","0.002","KILOGRAMO"
"2011-04-08T00:00:00.000","66","RISARALDA","66001","PEREIRA","0.001","KILOGRAMO"
"2011-04-07T00:00:00.000","66","RISARALDA","66001","PEREIRA","0.03","KILOGRAMO"
"2011-04-07T00:00:00.000","63","QUINDIO","63001","ARMENIA","0.001","KILOGRAMO"
"2011-04-07T00:00:00.000","52","NARIÑO","52356","IPIALES","8.755","KILOGRAMO"
"2011-04-07T00:00:00.000","76","VALLE DEL CAUCA","76001","CALI","0.003","KILOGRAMO"
"2011-04-06T00:00:00.000","66","RISARALDA","66170","DOSQUEBRADAS","0.001","KILOGRAMO"
"2011-04-06T00:00:00.000","63","QUINDIO","63001","ARMENIA","0.002","KILOGRAMO"
"2011-04-05T00:00:00.000","66","RISARALDA","66001","PEREIRA","0.118","KILOGRAMO"
"2011-04-05T00:00:00.000","76","VALLE DEL CAUCA","76001","CALI","0.002","KILOGRAMO"
"2011-04-05T00:00:00.000","63","QUINDIO","63001","ARMENIA","0.02","KILOGRAMO"
"2011-04-04T00:00:00.000","63","QUINDIO","63001","ARMENIA","0.003","KILOGRAMO"
"2011-04-04T00:00:00.000","66","RISARALDA","66170","DOSQUEBRADAS","0.03","KILOGRAMO"
"2011-04-04T00:00:00.000","76","VALLE DEL CAUCA","76001","CALI","0.005","KILOGRAMO"
"2011-04-03T00:00:00.000","66","RISARALDA","66170","DOSQUEBRADAS","0.005","KILOGRAMO"
"2011-04-03T00:00:00.000","76","VALLE DEL CAUCA","76001","CALI","0.002","KILOGRAMO"
"2011-04-03T00:00:00.000","63","QUINDIO","63001","ARMENIA","0.004","KILOGRAMO"
"2011-04-03T00:00:00.000","63","QUINDIO","63401","LA TEBAIDA","0.008","KILOGRAMO"
"2011-04-03T00:00:00.000","63","QUINDIO","63302","GENOVA","0.002","KILOGRAMO"
"2011-04-02T00:00:00.000","76","VALLE DEL CAUCA","76001","CALI","0.002","KILOGRAMO"
"2011-04-02T00:00:00.000","63","QUINDIO","63001","ARMENIA","0.022","KILOGRAMO"
"2011-04-01T00:00:00.000","63","QUINDIO","63001","ARMENIA","0.002","KILOGRAMO"
"2011-04-01T00:00:00.000","08","ATLANTICO","08001","BARRANQUILLA","0.018","KILOGRAMO"
"2011-04-01T00:00:00.000","66","RISARALDA","66001","PEREIRA","0.06","KILOGRAMO"
"2011-04-01T00:00:00.000","66","RISARALDA","66170","DOSQUEBRADAS","0.002","KILOGRAMO"
"2011-04-01T00:00:00.000","76","VALLE DEL CAUCA","76001","CALI","0.005","KILOGRAMO"
"2011-03-31T00:00:00.000","66","RISARALDA","66170","DOSQUEBRADAS","0.003","KILOGRAMO"
"2011-03-31T00:00:00.000","66","RISARALDA","66001","PEREIRA","0.001","KILOGRAMO"
"2011-03-31T00:00:00.000","20","CESAR","20001","VALLEDUPAR","0.007","KILOGRAMO"
"2011-03-31T00:00:00.000","63","QUINDIO","63001","ARMENIA","1.272","KILOGRAMO"
"2011-03-31T00:00:00.000","76","VALLE DEL CAUCA","76001","CALI","0.002","KILOGRAMO"
"2011-03-30T00:00:00.000","63","QUINDIO","63001","ARMENIA","0.092","KILOGRAMO"
"2011-03-30T00:00:00.000","66","RISARALDA","66170","DOSQUEBRADAS","0.001","KILOGRAMO"
"2011-03-30T00:00:00.000","63","QUINDIO","63401","LA TEBAIDA","0.005","KILOGRAMO"
"2011-03-30T00:00:00.000","76","VALLE DEL CAUCA","76001","CALI","0.005","KILOGRAMO"
"2011-03-29T00:00:00.000","63","QUINDIO","63001","ARMENIA","0.001","KILOGRAMO"
"2011-03-29T00:00:00.000","63","QUINDIO","63190","CIRCASIA","0.001","KILOGRAMO"
"2011-03-29T00:00:00.000","66","RISARALDA","66001","PEREIRA","0.017","KILOGRAMO"
"2011-03-28T00:00:00.000","66","RISARALDA","66001","PEREIRA","0.017","KILOGRAMO"
"2011-03-28T00:00:00.000","66","RISARALDA","66170","DOSQUEBRADAS","0.002","KILOGRAMO"
"2011-03-27T00:00:00.000","76","VALLE DEL CAUCA","76001","CALI","0.002","KILOGRAMO"
"2011-03-27T00:00:00.000","66","RISARALDA","66170","DOSQUEBRADAS","0.002","KILOGRAMO"
"2011-03-26T00:00:00.000","63","QUINDIO","63130","CALARCA","0.008","KILOGRAMO"
"2011-03-26T00:00:00.000","63","QUINDIO","63001","ARMENIA","0.006","KILOGRAMO"
"2011-03-26T00:00:00.000","66","RISARALDA","66170","DOSQUEBRADAS","0.111","KILOGRAMO"
"2011-03-24T00:00:00.000","27","CHOCO","27075","BAHIA SOLANO","31.07","KILOGRAMO"
"2011-03-24T00:00:00.000","76","VALLE DEL CAUCA","76001","CALI","0.004","KILOGRAMO"
"2011-03-24T00:00:00.000","76","VALLE DEL CAUCA","76109","BUENAVENTURA","31.75","KILOGRAMO"
"2011-03-24T00:00:00.000","63","QUINDIO","63001","ARMENIA","0.01","KILOGRAMO"
"2011-03-24T00:00:00.000","66","RISARALDA","66001","PEREIRA","0.001","KILOGRAMO"
"2011-03-23T00:00:00.000","66","RISARALDA","66001","PEREIRA","0.003","KILOGRAMO"
"2011-03-23T00:00:00.000","76","VALLE DEL CAUCA","76001","CALI","0.003","KILOGRAMO"
"2011-03-23T00:00:00.000","66","RISARALDA","66170","DOSQUEBRADAS","0.001","KILOGRAMO"
"2011-03-23T00:00:00.000","63","QUINDIO","63130","CALARCA","0.01","KILOGRAMO"
"2011-03-22T00:00:00.000","66","RISARALDA","66170","DOSQUEBRADAS","0.002","KILOGRAMO"
"2011-03-21T00:00:00.000","76","VALLE DEL CAUCA","76001","CALI","0.002","KILOGRAMO"
"2011-03-21T00:00:00.000","66","RISARALDA","66170","DOSQUEBRADAS","0.002","KILOGRAMO"
"2011-03-19T00:00:00.000","66","RISARALDA","66001","PEREIRA","0.002","KILOGRAMO"
"2011-03-19T00:00:00.000","63","QUINDIO","63001","ARMENIA","0.002","KILOGRAMO"
"2011-03-19T00:00:00.000","66","RISARALDA","66170","DOSQUEBRADAS","0.003","KILOGRAMO"
"2011-03-18T00:00:00.000","66","RISARALDA","66001","PEREIRA","0.001","KILOGRAMO"
"2011-03-18T00:00:00.000","05","ANTIOQUIA","05001","MEDELLIN","0.01","KILOGRAMO"
"2011-03-18T00:00:00.000","63","QUINDIO","63001","ARMENIA","0.055","KILOGRAMO"
"2011-03-18T00:00:00.000","66","RISARALDA","66170","DOSQUEBRADAS","0.002","KILOGRAMO"
"2011-03-18T00:00:00.000","11","BOGOTA D.C.","11001","BOGOTA D.C.","4.208","KILOGRAMO"
"2011-03-17T00:00:00.000","63","QUINDIO","63001","ARMENIA","0.006","KILOGRAMO"
"2011-03-17T00:00:00.000","66","RISARALDA","66001","PEREIRA","0.003","KILOGRAMO"
"2011-03-16T00:00:00.000","66","RISARALDA","66170","DOSQUEBRADAS","0.001","KILOGRAMO"
"2011-03-16T00:00:00.000","63","QUINDIO","63001","ARMENIA","0.003","KILOGRAMO"
"2011-03-16T00:00:00.000","66","RISARALDA","66001","PEREIRA","0.002","KILOGRAMO"
"2011-03-15T00:00:00.000","84005","FLORIDA","8400501","MIAMI","5.45","KILOGRAMO"
"2011-03-15T00:00:00.000","66","RISARALDA","66075","BALBOA","0.004","KILOGRAMO"
"2011-03-15T00:00:00.000","19","CAUCA","19698","SANTANDER DE QUILICHAO","0.004","KILOGRAMO"
"2011-03-15T00:00:00.000","66","RISARALDA","66170","DOSQUEBRADAS","0.001","KILOGRAMO"
"2011-03-15T00:00:00.000","76","VALLE DEL CAUCA","76001","CALI","0.001","KILOGRAMO"
"2011-03-14T00:00:00.000","66","RISARALDA","66170","DOSQUEBRADAS","0.001","KILOGRAMO"
"2011-03-13T00:00:00.000","63","QUINDIO","63001","ARMENIA","0.001","KILOGRAMO"
"2011-03-13T00:00:00.000","66","RISARALDA","66001","PEREIRA","0.001","KILOGRAMO"
"2011-03-13T00:00:00.000","66","RISARALDA","66170","DOSQUEBRADAS","0.001","KILOGRAMO"
"2011-03-12T00:00:00.000","63","QUINDIO","63001","ARMENIA","0.001","KILOGRAMO"
"2011-03-12T00:00:00.000","63","QUINDIO","63690","SALENTO","0.003","KILOGRAMO"
"2011-03-11T00:00:00.000","66","RISARALDA","66001","PEREIRA","0.002","KILOGRAMO"
"2011-03-11T00:00:00.000","52","NARIÑO","52356","IPIALES","18.6","KILOGRAMO"
"2011-03-11T00:00:00.000","66","RISARALDA","66170","DOSQUEBRADAS","0.001","KILOGRAMO"
"2011-03-10T00:00:00.000","66","RISARALDA","66001","PEREIRA","0.004","KILOGRAMO"
"2011-03-10T00:00:00.000","63","QUINDIO","63001","ARMENIA","0.003","KILOGRAMO"
"2011-03-09T00:00:00.000","66","RISARALDA","66001","PEREIRA","0.001","KILOGRAMO"
"2011-03-08T00:00:00.000","05","ANTIOQUIA","05001","MEDELLIN","26.926","KILOGRAMO"
"2011-03-08T00:00:00.000","66","RISARALDA","66001","PEREIRA","0.001","KILOGRAMO"
"2011-03-08T00:00:00.000","63","QUINDIO","63001","ARMENIA","0.002","KILOGRAMO"
"2011-03-07T00:00:00.000","05","ANTIOQUIA","05138","CAÑASGORDAS","0.002","KILOGRAMO"
"2011-03-06T00:00:00.000","63","QUINDIO","63548","PIJAO","0.001","KILOGRAMO"
"2011-03-05T00:00:00.000","63","QUINDIO","63190","CIRCASIA","0.004","KILOGRAMO"
"2011-03-05T00:00:00.000","63","QUINDIO","63130","CALARCA","0.006","KILOGRAMO"
"2011-03-05T00:00:00.000","66","RISARALDA","66170","DOSQUEBRADAS","0.002","KILOGRAMO"
"2011-03-05T00:00:00.000","63","QUINDIO","63001","ARMENIA","0.007","KILOGRAMO"
"2011-03-04T00:00:00.000","66","RISARALDA","66170","DOSQUEBRADAS","0.008","KILOGRAMO"
"2011-03-04T00:00:00.000","63","QUINDIO","63130","CALARCA","0.006","KILOGRAMO"
"2011-03-04T00:00:00.000","63","QUINDIO","63001","ARMENIA","0.002","KILOGRAMO"
"2011-03-04T00:00:00.000","66","RISARALDA","66001","PEREIRA","0.009","KILOGRAMO"
"2011-03-03T00:00:00.000","11","BOGOTA D.C.","11001","BOGOTA D.C.","1.8744","KILOGRAMO"
"2011-03-03T00:00:00.000","66","RISARALDA","66572","PUEBLO RICO","0.002","KILOGRAMO"
"2011-03-03T00:00:00.000","63","QUINDIO","63001","ARMENIA","0.001","KILOGRAMO"
"2011-03-03T00:00:00.000","66","RISARALDA","66001","PEREIRA","0.034","KILOGRAMO"
"2011-03-02T00:00:00.000","63","QUINDIO","63001","ARMENIA","0.003","KILOGRAMO"
"2011-03-02T00:00:00.000","76","VALLE DEL CAUCA","76001","CALI","0.005","KILOGRAMO"
"2011-03-01T00:00:00.000","63","QUINDIO","63130","CALARCA","0.004","KILOGRAMO"
"2011-03-01T00:00:00.000","63","QUINDIO","63001","ARMENIA","0.005","KILOGRAMO"
"2011-03-01T00:00:00.000","66","RISARALDA","66001","PEREIRA","0.001","KILOGRAMO"
"2011-02-28T00:00:00.000","66","RISARALDA","66001","PEREIRA","0.001","KILOGRAMO"
"2011-02-28T00:00:00.000","11","BOGOTA D.C.","11001","BOGOTA D.C.","1.713","KILOGRAMO"
"2011-02-28T00:00:00.000","66","RISARALDA","66170","DOSQUEBRADAS","0.001","KILOGRAMO"
"2011-02-27T00:00:00.000","66","RISARALDA","66170","DOSQUEBRADAS","0.001","KILOGRAMO"
"2011-02-27T00:00:00.000","63","QUINDIO","63001","ARMENIA","0.001","KILOGRAMO"
"2011-02-27T00:00:00.000","66","RISARALDA","66001","PEREIRA","0.001","KILOGRAMO"
"2011-02-26T00:00:00.000","76","VALLE DEL CAUCA","76001","CALI","0.005","KILOGRAMO"
"2011-02-26T00:00:00.000","63","QUINDIO","63130","CALARCA","0.009","KILOGRAMO"
"2011-02-26T00:00:00.000","63","QUINDIO","63190","CIRCASIA","0.005","KILOGRAMO"
"2011-02-26T00:00:00.000","54","NORTE DE SANTANDER","54001","CUCUTA","0.001","KILOGRAMO"
"2011-02-26T00:00:00.000","66","RISARALDA","66170","DOSQUEBRADAS","0.001","KILOGRAMO"
"2011-02-26T00:00:00.000","63","QUINDIO","63001","ARMENIA","0.001","KILOGRAMO"
"2011-02-26T00:00:00.000","11","BOGOTA D.C.","11001","BOGOTA D.C.","0.9712","KILOGRAMO"
"2011-02-25T00:00:00.000","66","RISARALDA","66170","DOSQUEBRADAS","0.001","KILOGRAMO"
"2011-02-25T00:00:00.000","63","QUINDIO","63130","CALARCA","0.008","KILOGRAMO"
"2011-02-25T00:00:00.000","66","RISARALDA","66400","LA VIRGINIA","0.01","KILOGRAMO"
"2011-02-24T00:00:00.000","63","QUINDIO","63594","QUIMBAYA","0.017","KILOGRAMO"
"2011-02-24T00:00:00.000","63","QUINDIO","63130","CALARCA","0.013","KILOGRAMO"
"2011-02-24T00:00:00.000","76","VALLE DEL CAUCA","76001","CALI","0.003","KILOGRAMO"
"2011-02-24T00:00:00.000","63","QUINDIO","63001","ARMENIA","0.001","KILOGRAMO"
"2011-02-24T00:00:00.000","66","RISARALDA","66001","PEREIRA","0.008","KILOGRAMO"
"2011-02-24T00:00:00.000","52","NARIÑO","52110","BUESACO","5.12","KILOGRAMO"
"2011-02-23T00:00:00.000","63","QUINDIO","63001","ARMENIA","0.001","KILOGRAMO"
"2011-02-23T00:00:00.000","66","RISARALDA","66383","LA CELIA","0.018","KILOGRAMO"
"2011-02-23T00:00:00.000","66","RISARALDA","66001","PEREIRA","0.001","KILOGRAMO"
"2011-02-23T00:00:00.000","66","RISARALDA","66170","DOSQUEBRADAS","0.001","KILOGRAMO"
"2011-02-23T00:00:00.000","68","SANTANDER","68081","BARRANCABERMEJA","0.007","KILOGRAMO"
"2011-02-22T00:00:00.000","66","RISARALDA","66170","DOSQUEBRADAS","0.001","KILOGRAMO"
"2011-02-22T00:00:00.000","66","RISARALDA","66001","PEREIRA","0.002","KILOGRAMO"
"2011-02-22T00:00:00.000","63","QUINDIO","63001","ARMENIA","0.003","KILOGRAMO"
"2011-02-21T00:00:00.000","76","VALLE DEL CAUCA","76001","CALI","0.003","KILOGRAMO"
"2011-02-21T00:00:00.000","63","QUINDIO","63130","CALARCA","0.006","KILOGRAMO"
"2011-02-21T00:00:00.000","66","RISARALDA","66001","PEREIRA","0.001","KILOGRAMO"
"2011-02-20T00:00:00.000","66","RISARALDA","66170","DOSQUEBRADAS","0.001","KILOGRAMO"
"2011-02-20T00:00:00.000","44","LA GUAJIRA","44430","MAICAO","3.505","KILOGRAMO"
"2011-02-20T00:00:00.000","63","QUINDIO","63001","ARMENIA","0.003","KILOGRAMO"
"2011-02-20T00:00:00.000","05","ANTIOQUIA","05615","RIONEGRO","0.997","KILOGRAMO"
"2011-02-19T00:00:00.000","66","RISARALDA","66170","DOSQUEBRADAS","0.001","KILOGRAMO"
"2011-02-18T00:00:00.000","63","QUINDIO","63001","ARMENIA","0.002","KILOGRAMO"
"2011-02-18T00:00:00.000","76","VALLE DEL CAUCA","76001","CALI","0.003","KILOGRAMO"
"2011-02-18T00:00:00.000","15","BOYACA","15001","TUNJA","2.9644","KILOGRAMO"
"2011-02-17T00:00:00.000","66","RISARALDA","66170","DOSQUEBRADAS","0.002","KILOGRAMO"
"2011-02-17T00:00:00.000","63","QUINDIO","63001","ARMENIA","0.023","KILOGRAMO"
"2011-02-17T00:00:00.000","66","RISARALDA","66001","PEREIRA","0.002","KILOGRAMO"
"2011-02-16T00:00:00.000","11","BOGOTA D.C.","11001","BOGOTA D.C.","3.122","KILOGRAMO"
"2011-02-16T00:00:00.000","66","RISARALDA","66170","DOSQUEBRADAS","0.002","KILOGRAMO"
"2011-02-16T00:00:00.000","66","RISARALDA","66001","PEREIRA","0.002","KILOGRAMO"
"2011-02-15T00:00:00.000","66","RISARALDA","66001","PEREIRA","0.001","KILOGRAMO"
"2011-02-15T00:00:00.000","76","VALLE DEL CAUCA","76001","CALI","0.008","KILOGRAMO"
"2011-02-15T00:00:00.000","19","CAUCA","19698","SANTANDER DE QUILICHAO","0.006","KILOGRAMO"
"2011-02-14T00:00:00.000","63","QUINDIO","63001","ARMENIA","0.002","KILOGRAMO"
"2011-02-13T00:00:00.000","76","VALLE DEL CAUCA","76001","CALI","0.012","KILOGRAMO"
"2011-02-13T00:00:00.000","66","RISARALDA","66170","DOSQUEBRADAS","0.001","KILOGRAMO"
"2011-02-13T00:00:00.000","63","QUINDIO","63190","CIRCASIA","0.001","KILOGRAMO"
"2011-02-12T00:00:00.000","76","VALLE DEL CAUCA","76001","CALI","0.005","KILOGRAMO"
"2011-02-11T00:00:00.000","63","QUINDIO","63001","ARMENIA","0.003","KILOGRAMO"
"2011-02-11T00:00:00.000","52","NARIÑO","52110","BUESACO","10","KILOGRAMO"
"2011-02-11T00:00:00.000","66","RISARALDA","66001","PEREIRA","0.004","KILOGRAMO"
"2011-02-10T00:00:00.000","63","QUINDIO","63001","ARMENIA","0.002","KILOGRAMO"
"2011-02-09T00:00:00.000","66","RISARALDA","66170","DOSQUEBRADAS","0.002","KILOGRAMO"
"2011-02-09T00:00:00.000","66","RISARALDA","66001","PEREIRA","0.005","KILOGRAMO"
"2011-02-08T00:00:00.000","63","QUINDIO","63001","ARMENIA","0.001","KILOGRAMO"
"2011-02-08T00:00:00.000","66","RISARALDA","66001","PEREIRA","0.017","KILOGRAMO"
"2011-02-08T00:00:00.000","66","RISARALDA","66170","DOSQUEBRADAS","0.002","KILOGRAMO"
"2011-02-08T00:00:00.000","63","QUINDIO","63401","LA TEBAIDA","1.5","KILOGRAMO"
"2011-02-08T00:00:00.000","54","NORTE DE SANTANDER","54001","CUCUTA","0.0019","KILOGRAMO"
"2011-02-07T00:00:00.000","05","ANTIOQUIA","05615","RIONEGRO","1.764","KILOGRAMO"
"2011-02-07T00:00:00.000","66","RISARALDA","66170","DOSQUEBRADAS","0.052","KILOGRAMO"
"2011-02-07T00:00:00.000","76","VALLE DEL CAUCA","76520","PALMIRA","0.36","KILOGRAMO"
"2011-02-06T00:00:00.000","66","RISARALDA","66001","PEREIRA","0.002","KILOGRAMO"
"2011-02-06T00:00:00.000","19","CAUCA","19698","SANTANDER DE QUILICHAO","0.002","KILOGRAMO"
"2011-02-06T00:00:00.000","66","RISARALDA","66170","DOSQUEBRADAS","0.001","KILOGRAMO"
"2011-02-06T00:00:00.000","63","QUINDIO","63001","ARMENIA","0.001","KILOGRAMO"
"2011-02-05T00:00:00.000","76","VALLE DEL CAUCA","76520","PALMIRA","0.212","KILOGRAMO"
"2011-02-05T00:00:00.000","66","RISARALDA","66001","PEREIRA","0.001","KILOGRAMO"
"2011-02-05T00:00:00.000","66","RISARALDA","66170","DOSQUEBRADAS","0.002","KILOGRAMO"
"2011-02-04T00:00:00.000","66","RISARALDA","66170","DOSQUEBRADAS","0.002","KILOGRAMO"
"2011-02-04T00:00:00.000","76","VALLE DEL CAUCA","76520","PALMIRA","0.5","KILOGRAMO"
"2011-02-04T00:00:00.000","66","RISARALDA","66001","PEREIRA","0.001","KILOGRAMO"
"2011-02-03T00:00:00.000","66","RISARALDA","66170","DOSQUEBRADAS","0.028","KILOGRAMO"
"2011-02-03T00:00:00.000","66","RISARALDA","66001","PEREIRA","0.002","KILOGRAMO"
"2011-02-03T00:00:00.000","54","NORTE DE SANTANDER","54001","CUCUTA","0.002","KILOGRAMO"
"2011-02-02T00:00:00.000","19","CAUCA","19698","SANTANDER DE QUILICHAO","0.01","KILOGRAMO"
"2011-02-02T00:00:00.000","66","RISARALDA","66001","PEREIRA","0.024","KILOGRAMO"
"2011-02-02T00:00:00.000","76","VALLE DEL CAUCA","76520","PALMIRA","0.009","KILOGRAMO"
"2011-02-01T00:00:00.000","66","RISARALDA","66170","DOSQUEBRADAS","0.001","KILOGRAMO"
"2011-02-01T00:00:00.000","66","RISARALDA","66001","PEREIRA","0.001","KILOGRAMO"
"2011-02-01T00:00:00.000","63","QUINDIO","63001","ARMENIA","0.014","KILOGRAMO"
"2011-01-31T00:00:00.000","63","QUINDIO","63001","ARMENIA","0.001","KILOGRAMO"
"2011-01-31T00:00:00.000","54","NORTE DE SANTANDER","54001","CUCUTA","0.002","KILOGRAMO"
"2011-01-31T00:00:00.000","66","RISARALDA","66001","PEREIRA","0.006","KILOGRAMO"
"2011-01-29T00:00:00.000","05","ANTIOQUIA","05615","RIONEGRO","0.86","KILOGRAMO"
"2011-01-29T00:00:00.000","66","RISARALDA","66170","DOSQUEBRADAS","0.001","KILOGRAMO"
"2011-01-29T00:00:00.000","54","NORTE DE SANTANDER","54001","CUCUTA","0.00070","KILOGRAMO"
"2011-01-29T00:00:00.000","08","ATLANTICO","08638","SABANALARGA","0.001","KILOGRAMO"
"2011-01-29T00:00:00.000","63","QUINDIO","63690","SALENTO","0.003","KILOGRAMO"
"2011-01-29T00:00:00.000","63","QUINDIO","63001","ARMENIA","0.002","KILOGRAMO"
"2011-01-28T00:00:00.000","66","RISARALDA","66170","DOSQUEBRADAS","0.002","KILOGRAMO"
"2011-01-28T00:00:00.000","84005","FLORIDA","8400501","MIAMI","6.5","KILOGRAMO"
"2011-01-28T00:00:00.000","66","RISARALDA","66001","PEREIRA","0.015","KILOGRAMO"
"2011-01-27T00:00:00.000","66","RISARALDA","66170","DOSQUEBRADAS","0.003","KILOGRAMO"
"2011-01-27T00:00:00.000","66","RISARALDA","66001","PEREIRA","0.002","KILOGRAMO"
"2011-01-27T00:00:00.000","63","QUINDIO","63001","ARMENIA","0.001","KILOGRAMO"
"2011-01-26T00:00:00.000","66","RISARALDA","66001","PEREIRA","0.031","KILOGRAMO"
"2011-01-26T00:00:00.000","63","QUINDIO","63001","ARMENIA","0.001","KILOGRAMO"
"2011-01-25T00:00:00.000","73","TOLIMA","73001","IBAGUE","0.5","KILOGRAMO"
"2011-01-25T00:00:00.000","66","RISARALDA","66001","PEREIRA","0.004","KILOGRAMO"
"2011-01-24T00:00:00.000","66","RISARALDA","66001","PEREIRA","0.078","KILOGRAMO"
"2011-01-24T00:00:00.000","63","QUINDIO","63001","ARMENIA","0.003","KILOGRAMO"
"2011-01-24T00:00:00.000","19","CAUCA","19698","SANTANDER DE QUILICHAO","0.025","KILOGRAMO"
"2011-01-23T00:00:00.000","63","QUINDIO","63001","ARMENIA","0.001","KILOGRAMO"
"2011-01-22T00:00:00.000","08","ATLANTICO","08001","BARRANQUILLA","0.04","KILOGRAMO"
"2011-01-22T00:00:00.000","63","QUINDIO","63001","ARMENIA","0.004","KILOGRAMO"
"2011-01-22T00:00:00.000","66","RISARALDA","66001","PEREIRA","0.002","KILOGRAMO"
"2011-01-22T00:00:00.000","76","VALLE DEL CAUCA","76001","CALI","0.007","KILOGRAMO"
"2011-01-21T00:00:00.000","66","RISARALDA","66170","DOSQUEBRADAS","0.002","KILOGRAMO"
"2011-01-21T00:00:00.000","63","QUINDIO","63001","ARMENIA","0.002","KILOGRAMO"
"2011-01-20T00:00:00.000","66","RISARALDA","66001","PEREIRA","0.002","KILOGRAMO"
"2011-01-20T00:00:00.000","63","QUINDIO","63001","ARMENIA","0.001","KILOGRAMO"
"2011-01-20T00:00:00.000","05","ANTIOQUIA","05001","MEDELLIN","0.005","KILOGRAMO"
"2011-01-19T00:00:00.000","63","QUINDIO","63001","ARMENIA","0.002","KILOGRAMO"
"2011-01-19T00:00:00.000","66","RISARALDA","66001","PEREIRA","0.002","KILOGRAMO"
"2011-01-18T00:00:00.000","63","QUINDIO","63001","ARMENIA","0.027","KILOGRAMO"
"2011-01-18T00:00:00.000","54","NORTE DE SANTANDER","54001","CUCUTA","0.000050","KILOGRAMO"
"2011-01-18T00:00:00.000","66","RISARALDA","66001","PEREIRA","0.004","KILOGRAMO"
"2011-01-18T00:00:00.000","66","RISARALDA","66170","DOSQUEBRADAS","0.001","KILOGRAMO"
"2011-01-17T00:00:00.000","66","RISARALDA","66001","PEREIRA","0.001","KILOGRAMO"
"2011-01-17T00:00:00.000","63","QUINDIO","63001","ARMENIA","0.001","KILOGRAMO"
"2011-01-17T00:00:00.000","05","ANTIOQUIA","05001","MEDELLIN","0.01","KILOGRAMO"
"2011-01-17T00:00:00.000","66","RISARALDA","66170","DOSQUEBRADAS","0.001","KILOGRAMO"
"2011-01-16T00:00:00.000","66","RISARALDA","66170","DOSQUEBRADAS","0.21","KILOGRAMO"
"2011-01-16T00:00:00.000","63","QUINDIO","63001","ARMENIA","0.001","KILOGRAMO"
"2011-01-16T00:00:00.000","66","RISARALDA","66001","PEREIRA","0.217","KILOGRAMO"
"2011-01-15T00:00:00.000","66","RISARALDA","66170","DOSQUEBRADAS","0.002","KILOGRAMO"
"2011-01-15T00:00:00.000","63","QUINDIO","63001","ARMENIA","0.001","KILOGRAMO"
"2011-01-14T00:00:00.000","66","RISARALDA","66001","PEREIRA","0.002","KILOGRAMO"
"2011-01-14T00:00:00.000","52","NARIÑO","52378","LA CRUZ","6.76","KILOGRAMO"
"2011-01-14T00:00:00.000","63","QUINDIO","63001","ARMENIA","0.003","KILOGRAMO"
"2011-01-14T00:00:00.000","13","BOLIVAR","13001","CARTAGENA DE INDIAS","0.009","KILOGRAMO"
"2011-01-13T00:00:00.000","66","RISARALDA","66001","PEREIRA","0.016","KILOGRAMO"
"2011-01-13T00:00:00.000","66","RISARALDA","66170","DOSQUEBRADAS","0.012","KILOGRAMO"
"2011-01-13T00:00:00.000","05","ANTIOQUIA","05001","MEDELLIN","0.025","KILOGRAMO"
"2011-01-12T00:00:00.000","66","RISARALDA","66170","DOSQUEBRADAS","0.001","KILOGRAMO"
"2011-01-12T00:00:00.000","66","RISARALDA","66001","PEREIRA","0.017","KILOGRAMO"
"2011-01-12T00:00:00.000","63","QUINDIO","63001","ARMENIA","0.001","KILOGRAMO"
"2011-01-11T00:00:00.000","66","RISARALDA","66170","DOSQUEBRADAS","0.002","KILOGRAMO"
"2011-01-11T00:00:00.000","05","ANTIOQUIA","05138","CAÑASGORDAS","0.00060","KILOGRAMO"
"2011-01-10T00:00:00.000","66","RISARALDA","66170","DOSQUEBRADAS","0.001","KILOGRAMO"
"2011-01-10T00:00:00.000","66","RISARALDA","66001","PEREIRA","0.006","KILOGRAMO"
"2011-01-10T00:00:00.000","05","ANTIOQUIA","05001","MEDELLIN","0.015","KILOGRAMO"
"2011-01-10T00:00:00.000","63","QUINDIO","63001","ARMENIA","0.002","KILOGRAMO"
"2011-01-09T00:00:00.000","66","RISARALDA","66170","DOSQUEBRADAS","0.001","KILOGRAMO"
"2011-01-09T00:00:00.000","63","QUINDIO","63001","ARMENIA","0.001","KILOGRAMO"
"2011-01-08T00:00:00.000","76","VALLE DEL CAUCA","76622","ROLDANILLO","0.002","KILOGRAMO"
"2011-01-08T00:00:00.000","76","VALLE DEL CAUCA","76001","CALI","0.051","KILOGRAMO"
"2011-01-08T00:00:00.000","66","RISARALDA","66170","DOSQUEBRADAS","0.002","KILOGRAMO"
"2011-01-08T00:00:00.000","66","RISARALDA","66001","PEREIRA","0.006","KILOGRAMO"
"2011-01-08T00:00:00.000","63","QUINDIO","63001","ARMENIA","0.001","KILOGRAMO"
"2011-01-07T00:00:00.000","81","ARAUCA","81794","TAME","0.008","KILOGRAMO"
"2011-01-07T00:00:00.000","66","RISARALDA","66170","DOSQUEBRADAS","0.003","KILOGRAMO"
"2011-01-07T00:00:00.000","63","QUINDIO","63001","ARMENIA","0.001","KILOGRAMO"
"2011-01-07T00:00:00.000","76","VALLE DEL CAUCA","76001","CALI","0.001","KILOGRAMO"
"2011-01-07T00:00:00.000","66","RISARALDA","66001","PEREIRA","0.002","KILOGRAMO"
"2011-01-06T00:00:00.000","54","NORTE DE SANTANDER","54001","CUCUTA","0.006","KILOGRAMO"
"2011-01-06T00:00:00.000","63","QUINDIO","63001","ARMENIA","0.001","KILOGRAMO"
"2011-01-06T00:00:00.000","76","VALLE DEL CAUCA","76001","CALI","0.002","KILOGRAMO"
"2011-01-05T00:00:00.000","66","RISARALDA","66001","PEREIRA","0.099","KILOGRAMO"
"2011-01-05T00:00:00.000","66","RISARALDA","66170","DOSQUEBRADAS","0.001","KILOGRAMO"
"2011-01-04T00:00:00.000","66","RISARALDA","66170","DOSQUEBRADAS","0.011","KILOGRAMO"
"2011-01-03T00:00:00.000","05","ANTIOQUIA","05001","MEDELLIN","0.01","KILOGRAMO"
"2011-01-03T00:00:00.000","66","RISARALDA","66001","PEREIRA","0.061","KILOGRAMO"
"2011-01-03T00:00:00.000","63","QUINDIO","63001","ARMENIA","0.001","KILOGRAMO"
"2011-01-02T00:00:00.000","66","RISARALDA","66001","PEREIRA","0.02","KILOGRAMO"
"2011-01-01T00:00:00.000","66","RISARALDA","66001","PEREIRA","0.012","KILOGRAMO"
"2010-12-31T00:00:00.000","47","MAGDALENA","47001","SANTA MARTA","0.002","KILOGRAMO"
"2010-12-30T00:00:00.000","63","QUINDIO","63001","ARMENIA","0.011","KILOGRAMO"
"2010-12-29T00:00:00.000","76","VALLE DEL CAUCA","76111","GUADALAJARA DE BUGA","0.005","KILOGRAMO"
"2010-12-29T00:00:00.000","66","RISARALDA","66170","DOSQUEBRADAS","0.001","KILOGRAMO"
"2010-12-29T00:00:00.000","54","NORTE DE SANTANDER","54001","CUCUTA","0.002","KILOGRAMO"
"2010-12-27T00:00:00.000","63","QUINDIO","63001","ARMENIA","0.004","KILOGRAMO"
"2010-12-26T00:00:00.000","63","QUINDIO","63001","ARMENIA","0.001","KILOGRAMO"
"2010-12-26T00:00:00.000","66","RISARALDA","66001","PEREIRA","0.001","KILOGRAMO"
"2010-12-25T00:00:00.000","66","RISARALDA","66170","DOSQUEBRADAS","0.001","KILOGRAMO"
"2010-12-23T00:00:00.000","66","RISARALDA","66170","DOSQUEBRADAS","0.003","KILOGRAMO"
"2010-12-23T00:00:00.000","76","VALLE DEL CAUCA","76001","CALI","0.001","KILOGRAMO"
"2010-12-22T00:00:00.000","54","NORTE DE SANTANDER","54001","CUCUTA","0.001","KILOGRAMO"
"2010-12-22T00:00:00.000","66","RISARALDA","66170","DOSQUEBRADAS","0.002","KILOGRAMO"
"2010-12-21T00:00:00.000","13","BOLIVAR","13001","CARTAGENA DE INDIAS","0.8515","KILOGRAMO"
"2010-12-21T00:00:00.000","63","QUINDIO","63001","ARMENIA","0.003","KILOGRAMO"
"2010-12-21T00:00:00.000","66","RISARALDA","66170","DOSQUEBRADAS","0.003","KILOGRAMO"
"2010-12-20T00:00:00.000","66","RISARALDA","66170","DOSQUEBRADAS","0.009","KILOGRAMO"
"2010-12-19T00:00:00.000","66","RISARALDA","66170","DOSQUEBRADAS","0.001","KILOGRAMO"
"2010-12-18T00:00:00.000","63","QUINDIO","63001","ARMENIA","0.002","KILOGRAMO"
"2010-12-17T00:00:00.000","66","RISARALDA","66001","PEREIRA","0.001","KILOGRAMO"
"2010-12-17T00:00:00.000","66","RISARALDA","66170","DOSQUEBRADAS","0.001","KILOGRAMO"
"2010-12-17T00:00:00.000","47","MAGDALENA","47001","SANTA MARTA","4.265","KILOGRAMO"
"2010-12-15T00:00:00.000","66","RISARALDA","66001","PEREIRA","0.001","KILOGRAMO"
"2010-12-15T00:00:00.000","76","VALLE DEL CAUCA","76520","PALMIRA","0.4","KILOGRAMO"
"2010-12-14T00:00:00.000","54","NORTE DE SANTANDER","54001","CUCUTA","0.001","KILOGRAMO"
"2010-12-14T00:00:00.000","66","RISARALDA","66001","PEREIRA","0.001","KILOGRAMO"
"2010-12-13T00:00:00.000","66","RISARALDA","66170","DOSQUEBRADAS","0.001","KILOGRAMO"
"2010-12-12T00:00:00.000","63","QUINDIO","63001","ARMENIA","0.001","KILOGRAMO"
"2010-12-11T00:00:00.000","66","RISARALDA","66001","PEREIRA","0.001","KILOGRAMO"
"2010-12-11T00:00:00.000","66","RISARALDA","66170","DOSQUEBRADAS","0.001","KILOGRAMO"
"2010-12-11T00:00:00.000","63","QUINDIO","63001","ARMENIA","0.028","KILOGRAMO"
"2010-12-10T00:00:00.000","19","CAUCA","19698","SANTANDER DE QUILICHAO","0.005","KILOGRAMO"
"2010-12-10T00:00:00.000","66","RISARALDA","66170","DOSQUEBRADAS","0.002","KILOGRAMO"
"2010-12-09T00:00:00.000","66","RISARALDA","66170","DOSQUEBRADAS","0.002","KILOGRAMO"
"2010-12-09T00:00:00.000","76","VALLE DEL CAUCA","76520","PALMIRA","0.25","KILOGRAMO"
"2010-12-08T00:00:00.000","66","RISARALDA","66170","DOSQUEBRADAS","0.001","KILOGRAMO"
"2010-12-08T00:00:00.000","76","VALLE DEL CAUCA","76001","CALI","0.003","KILOGRAMO"
"2010-12-07T00:00:00.000","66","RISARALDA","66001","PEREIRA","0.003","KILOGRAMO"
"2010-12-07T00:00:00.000","66","RISARALDA","66170","DOSQUEBRADAS","0.001","KILOGRAMO"
"2010-12-05T00:00:00.000","76","VALLE DEL CAUCA","76001","CALI","0.001","KILOGRAMO"
"2010-12-05T00:00:00.000","11","BOGOTA D.C.","11001","BOGOTA D.C.","0.0123","KILOGRAMO"
"2010-12-02T00:00:00.000","66","RISARALDA","66170","DOSQUEBRADAS","0.002","KILOGRAMO"
"2010-12-02T00:00:00.000","76","VALLE DEL CAUCA","76520","PALMIRA","1.13","KILOGRAMO"
"2010-12-02T00:00:00.000","66","RISARALDA","66001","PEREIRA","0.002","KILOGRAMO"
"2010-12-01T00:00:00.000","66","RISARALDA","66001","PEREIRA","0.001","KILOGRAMO"
"2010-12-01T00:00:00.000","66","RISARALDA","66170","DOSQUEBRADAS","0.002","KILOGRAMO"
"2010-12-01T00:00:00.000","63","QUINDIO","63001","ARMENIA","0.001","KILOGRAMO"
"2010-11-30T00:00:00.000","76","VALLE DEL CAUCA","76834","TULUA","3.959","KILOGRAMO"
"2010-11-30T00:00:00.000","66","RISARALDA","66170","DOSQUEBRADAS","0.001","KILOGRAMO"
"2010-11-30T00:00:00.000","76","VALLE DEL CAUCA","76001","CALI","0.003","KILOGRAMO"
"2010-11-28T00:00:00.000","63","QUINDIO","63001","ARMENIA","0.001","KILOGRAMO"
"2010-11-28T00:00:00.000","17","CALDAS","17174","CHINCHINA","0.25","KILOGRAMO"
"2010-11-27T00:00:00.000","05","ANTIOQUIA","05001","MEDELLIN","0.003","KILOGRAMO"
"2010-11-27T00:00:00.000","66","RISARALDA","66170","DOSQUEBRADAS","0.002","KILOGRAMO"
"2010-11-26T00:00:00.000","66","RISARALDA","66001","PEREIRA","0.006","KILOGRAMO"
"2010-11-26T00:00:00.000","63","QUINDIO","63001","ARMENIA","0.001","KILOGRAMO"
"2010-11-26T00:00:00.000","66","RISARALDA","66170","DOSQUEBRADAS","0.001","KILOGRAMO"
"2010-11-25T00:00:00.000","76","VALLE DEL CAUCA","76001","CALI","28.673","KILOGRAMO"
"2010-11-24T00:00:00.000","66","RISARALDA","66001","PEREIRA","0.002","KILOGRAMO"
"2010-11-24T00:00:00.000","66","RISARALDA","66170","DOSQUEBRADAS","0.001","KILOGRAMO"
"2010-11-23T00:00:00.000","66","RISARALDA","66170","DOSQUEBRADAS","0.001","KILOGRAMO"
"2010-11-23T00:00:00.000","54","NORTE DE SANTANDER","54001","CUCUTA","0.001","KILOGRAMO"
"2010-11-22T00:00:00.000","76","VALLE DEL CAUCA","76001","CALI","0.002","KILOGRAMO"
"2010-11-22T00:00:00.000","66","RISARALDA","66001","PEREIRA","0.005","KILOGRAMO"
"2010-11-22T00:00:00.000","63","QUINDIO","63001","ARMENIA","0.003","KILOGRAMO"
"2010-11-21T00:00:00.000","66","RISARALDA","66170","DOSQUEBRADAS","0.002","KILOGRAMO"
"2010-11-21T00:00:00.000","63","QUINDIO","63001","ARMENIA","0.003","KILOGRAMO"
"2010-11-20T00:00:00.000","08","ATLANTICO","08001","BARRANQUILLA","27.015","KILOGRAMO"
"2010-11-20T00:00:00.000","66","RISARALDA","66170","DOSQUEBRADAS","0.002","KILOGRAMO"
"2010-11-20T00:00:00.000","76","VALLE DEL CAUCA","76520","PALMIRA","0.75","KILOGRAMO"
"2010-11-20T00:00:00.000","66","RISARALDA","66001","PEREIRA","0.002","KILOGRAMO"
"2010-11-20T00:00:00.000","63","QUINDIO","63001","ARMENIA","0.014","KILOGRAMO"
"2010-11-19T00:00:00.000","66","RISARALDA","66001","PEREIRA","0.009","KILOGRAMO"
"2010-11-19T00:00:00.000","54","NORTE DE SANTANDER","54001","CUCUTA","0.01","KILOGRAMO"
"2010-11-18T00:00:00.000","66","RISARALDA","66170","DOSQUEBRADAS","0.003","KILOGRAMO"
"2010-11-18T00:00:00.000","66","RISARALDA","66001","PEREIRA","0.002","KILOGRAMO"
"2010-11-17T00:00:00.000","66","RISARALDA","66170","DOSQUEBRADAS","0.002","KILOGRAMO"
"2010-11-17T00:00:00.000","76","VALLE DEL CAUCA","76001","CALI","0.002","KILOGRAMO"
"2010-11-17T00:00:00.000","66","RISARALDA","66001","PEREIRA","0.01","KILOGRAMO"
"2010-11-15T00:00:00.000","76","VALLE DEL CAUCA","76001","CALI","0.004","KILOGRAMO"
"2010-11-15T00:00:00.000","63","QUINDIO","63001","ARMENIA","0.001","KILOGRAMO"
"2010-11-14T00:00:00.000","76","VALLE DEL CAUCA","76001","CALI","0.002","KILOGRAMO"
"2010-11-14T00:00:00.000","63","QUINDIO","63001","ARMENIA","0.001","KILOGRAMO"
"2010-11-13T00:00:00.000","66","RISARALDA","66001","PEREIRA","0.013","KILOGRAMO"
"2010-11-13T00:00:00.000","66","RISARALDA","66170","DOSQUEBRADAS","0.002","KILOGRAMO"
"2010-11-12T00:00:00.000","66","RISARALDA","66170","DOSQUEBRADAS","0.001","KILOGRAMO"
"2010-11-12T00:00:00.000","11","BOGOTA D.C.","11001","BOGOTA D.C.","11.732","KILOGRAMO"
"2010-11-11T00:00:00.000","76","VALLE DEL CAUCA","76001","CALI","0.003","KILOGRAMO"
"2010-11-11T00:00:00.000","63","QUINDIO","63001","ARMENIA","0.001","KILOGRAMO"
"2010-11-11T00:00:00.000","66","RISARALDA","66170","DOSQUEBRADAS","0.001","KILOGRAMO"
"2010-11-10T00:00:00.000","66","RISARALDA","66170","DOSQUEBRADAS","0.002","KILOGRAMO"
"2010-11-10T00:00:00.000","76","VALLE DEL CAUCA","76001","CALI","0.001","KILOGRAMO"
"2010-11-10T00:00:00.000","05","ANTIOQUIA","05001","MEDELLIN","2","KILOGRAMO"
"2010-11-09T00:00:00.000","11","BOGOTA D.C.","11001","BOGOTA D.C.","0.02","KILOGRAMO"
"2010-11-09T00:00:00.000","76","VALLE DEL CAUCA","76001","CALI","0.002","KILOGRAMO"
"2010-11-09T00:00:00.000","63","QUINDIO","63001","ARMENIA","0.002","KILOGRAMO"
"2010-11-09T00:00:00.000","05","ANTIOQUIA","05440","MARINILLA","1.298","KILOGRAMO"
"2010-11-08T00:00:00.000","63","QUINDIO","63001","ARMENIA","0.001","KILOGRAMO"
"2010-11-08T00:00:00.000","66","RISARALDA","66170","DOSQUEBRADAS","0.001","KILOGRAMO"
"2010-11-07T00:00:00.000","66","RISARALDA","66170","DOSQUEBRADAS","0.001","KILOGRAMO"
"2010-11-07T00:00:00.000","63","QUINDIO","63190","CIRCASIA","0.003","KILOGRAMO"
"2010-11-07T00:00:00.000","19","CAUCA","19698","SANTANDER DE QUILICHAO","0.01","KILOGRAMO"
"2010-11-06T00:00:00.000","13","BOLIVAR","13001","CARTAGENA DE INDIAS","6","KILOGRAMO"
"2010-11-06T00:00:00.000","66","RISARALDA","66001","PEREIRA","0.001","KILOGRAMO"
"2010-11-06T00:00:00.000","66","RISARALDA","66170","DOSQUEBRADAS","0.003","KILOGRAMO"
"2010-11-05T00:00:00.000","76","VALLE DEL CAUCA","76001","CALI","0.004","KILOGRAMO"
"2010-11-05T00:00:00.000","66","RISARALDA","66170","DOSQUEBRADAS","0.002","KILOGRAMO"
"2010-11-04T00:00:00.000","66","RISARALDA","66170","DOSQUEBRADAS","0.002","KILOGRAMO"
"2010-11-04T00:00:00.000","76","VALLE DEL CAUCA","76001","CALI","0.002","KILOGRAMO"
"2010-11-04T00:00:00.000","66","RISARALDA","66001","PEREIRA","0.003","KILOGRAMO"
"2010-11-04T00:00:00.000","63","QUINDIO","63001","ARMENIA","0.001","KILOGRAMO"
"2010-11-03T00:00:00.000","63","QUINDIO","63001","ARMENIA","0.001","KILOGRAMO"
"2010-11-03T00:00:00.000","66","RISARALDA","66170","DOSQUEBRADAS","0.001","KILOGRAMO"
"2010-11-03T00:00:00.000","66","RISARALDA","66001","PEREIRA","0.001","KILOGRAMO"
"2010-11-02T00:00:00.000","05","ANTIOQUIA","05088","BELLO","0.003","KILOGRAMO"
"2010-11-02T00:00:00.000","05","ANTIOQUIA","05615","RIONEGRO","0.9943","KILOGRAMO"
"2010-10-31T00:00:00.000","66","RISARALDA","66170","DOSQUEBRADAS","0.001","KILOGRAMO"
"2010-10-31T00:00:00.000","66","RISARALDA","66001","PEREIRA","0.004","KILOGRAMO"
"2010-10-30T00:00:00.000","63","QUINDIO","63001","ARMENIA","0.001","KILOGRAMO"
"2010-10-29T00:00:00.000","08","ATLANTICO","08433","MALAMBO","0.01","KILOGRAMO"
"2010-10-29T00:00:00.000","66","RISARALDA","66170","DOSQUEBRADAS","0.002","KILOGRAMO"
"2010-10-29T00:00:00.000","76","VALLE DEL CAUCA","76001","CALI","0.003","KILOGRAMO"
"2010-10-28T00:00:00.000","66","RISARALDA","66170","DOSQUEBRADAS","0.001","KILOGRAMO"
"2010-10-28T00:00:00.000","66","RISARALDA","66001","PEREIRA","0.011","KILOGRAMO"
"2010-10-27T00:00:00.000","76","VALLE DEL CAUCA","76001","CALI","0.002","KILOGRAMO"
"2010-10-27T00:00:00.000","66","RISARALDA","66001","PEREIRA","0.001","KILOGRAMO"
"2010-10-27T00:00:00.000","66","RISARALDA","66170","DOSQUEBRADAS","0.001","KILOGRAMO"
"2010-10-26T00:00:00.000","66","RISARALDA","66170","DOSQUEBRADAS","0.001","KILOGRAMO"
"2010-10-25T00:00:00.000","66","RISARALDA","66170","DOSQUEBRADAS","0.001","KILOGRAMO"
"2010-10-25T00:00:00.000","63","QUINDIO","63001","ARMENIA","0.001","KILOGRAMO"
"2010-10-23T00:00:00.000","08","ATLANTICO","08001","BARRANQUILLA","0.002","KILOGRAMO"
"2010-10-22T00:00:00.000","66","RISARALDA","66170","DOSQUEBRADAS","0.002","KILOGRAMO"
"2010-10-21T00:00:00.000","66","RISARALDA","66001","PEREIRA","0.003","KILOGRAMO"
"2010-10-21T00:00:00.000","76","VALLE DEL CAUCA","76001","CALI","0.002","KILOGRAMO"
"2010-10-21T00:00:00.000","66","RISARALDA","66170","DOSQUEBRADAS","0.001","KILOGRAMO"
"2010-10-20T00:00:00.000","66","RISARALDA","66001","PEREIRA","0.001","KILOGRAMO"
"2010-10-19T00:00:00.000","66","RISARALDA","66001","PEREIRA","0.001","KILOGRAMO"
"2010-10-19T00:00:00.000","63","QUINDIO","63001","ARMENIA","0.002","KILOGRAMO"
"2010-10-19T00:00:00.000","66","RISARALDA","66170","DOSQUEBRADAS","0.001","KILOGRAMO"
"2010-10-18T00:00:00.000","76","VALLE DEL CAUCA","76001","CALI","0.011","KILOGRAMO"
"2010-10-18T00:00:00.000","63","QUINDIO","63001","ARMENIA","0.001","KILOGRAMO"
"2010-10-18T00:00:00.000","66","RISARALDA","66170","DOSQUEBRADAS","0.001","KILOGRAMO"
"2010-10-17T00:00:00.000","63","QUINDIO","63401","LA TEBAIDA","2.059","KILOGRAMO"
"2010-10-17T00:00:00.000","66","RISARALDA","66170","DOSQUEBRADAS","0.003","KILOGRAMO"
"2010-10-17T00:00:00.000","63","QUINDIO","63001","ARMENIA","0.002","KILOGRAMO"
"2010-10-16T00:00:00.000","66","RISARALDA","66170","DOSQUEBRADAS","0.003","KILOGRAMO"
"2010-10-16T00:00:00.000","19","CAUCA","19698","SANTANDER DE QUILICHAO","0.01","KILOGRAMO"
"2010-10-16T00:00:00.000","63","QUINDIO","63001","ARMENIA","0.001","KILOGRAMO"
"2010-10-16T00:00:00.000","66","RISARALDA","66001","PEREIRA","0.001","KILOGRAMO"
"2010-10-16T00:00:00.000","08","ATLANTICO","08001","BARRANQUILLA","0.003","KILOGRAMO"
"2010-10-15T00:00:00.000","76","VALLE DEL CAUCA","76001","CALI","0.004","KILOGRAMO"
"2010-10-14T00:00:00.000","63","QUINDIO","63001","ARMENIA","0.001","KILOGRAMO"
"2010-10-13T00:00:00.000","08","ATLANTICO","08001","BARRANQUILLA","0.005","KILOGRAMO"
"2010-10-13T00:00:00.000","66","RISARALDA","66170","DOSQUEBRADAS","0.001","KILOGRAMO"
"2010-10-13T00:00:00.000","63","QUINDIO","63001","ARMENIA","0.001","KILOGRAMO"
"2010-10-13T00:00:00.000","66","RISARALDA","66001","PEREIRA","0.001","KILOGRAMO"
"2010-10-12T00:00:00.000","66","RISARALDA","66001","PEREIRA","0.001","KILOGRAMO"
"2010-10-12T00:00:00.000","66","RISARALDA","66170","DOSQUEBRADAS","0.002","KILOGRAMO"
"2010-10-12T00:00:00.000","63","QUINDIO","63001","ARMENIA","0.002","KILOGRAMO"
"2010-10-12T00:00:00.000","08","ATLANTICO","08001","BARRANQUILLA","0.001","KILOGRAMO"
"2010-10-11T00:00:00.000","19","CAUCA","19548","PIENDAMO - TUNIA","1.5","KILOGRAMO"
"2010-10-11T00:00:00.000","76","VALLE DEL CAUCA","76001","CALI","0.002","KILOGRAMO"
"2010-10-11T00:00:00.000","66","RISARALDA","66170","DOSQUEBRADAS","0.001","KILOGRAMO"
"2010-10-11T00:00:00.000","66","RISARALDA","66001","PEREIRA","0.001","KILOGRAMO"
"2010-10-10T00:00:00.000","66","RISARALDA","66001","PEREIRA","0.002","KILOGRAMO"
"2010-10-10T00:00:00.000","66","RISARALDA","66170","DOSQUEBRADAS","0.001","KILOGRAMO"
"2010-10-10T00:00:00.000","63","QUINDIO","63001","ARMENIA","0.002","KILOGRAMO"
"2010-10-09T00:00:00.000","66","RISARALDA","66001","PEREIRA","0.001","KILOGRAMO"
"2010-10-09T00:00:00.000","SIN ESTABLECER","SIN ESTABLECER","SIN ESTABLECER","SIN ESTABLECER","5","KILOGRAMO"
"2010-10-09T00:00:00.000","76","VALLE DEL CAUCA","76001","CALI","0.002","KILOGRAMO"
"2010-10-08T00:00:00.000","63","QUINDIO","63001","ARMENIA","0.001","KILOGRAMO"
"2010-10-08T00:00:00.000","66","RISARALDA","66001","PEREIRA","0.001","KILOGRAMO"
"2010-10-08T00:00:00.000","66","RISARALDA","66170","DOSQUEBRADAS","0.001","KILOGRAMO"
"2010-10-07T00:00:00.000","66","RISARALDA","66001","PEREIRA","0.003","KILOGRAMO"
"2010-10-07T00:00:00.000","54","NORTE DE SANTANDER","54001","CUCUTA","0.0098","KILOGRAMO"
"2010-10-07T00:00:00.000","66","RISARALDA","66170","DOSQUEBRADAS","0.002","KILOGRAMO"
"2010-10-06T00:00:00.000","63","QUINDIO","63001","ARMENIA","0.002","KILOGRAMO"
"2010-10-06T00:00:00.000","66","RISARALDA","66170","DOSQUEBRADAS","0.002","KILOGRAMO"
"2010-10-05T00:00:00.000","63","QUINDIO","63001","ARMENIA","0.002","KILOGRAMO"
"2010-10-04T00:00:00.000","66","RISARALDA","66170","DOSQUEBRADAS","0.002","KILOGRAMO"
"2010-10-04T00:00:00.000","66","RISARALDA","66001","PEREIRA","0.002","KILOGRAMO"
"2010-10-04T00:00:00.000","76","VALLE DEL CAUCA","76001","CALI","0.005","KILOGRAMO"
"2010-10-03T00:00:00.000","66","RISARALDA","66170","DOSQUEBRADAS","0.003","KILOGRAMO"
"2010-10-03T00:00:00.000","66","RISARALDA","66001","PEREIRA","0.45","KILOGRAMO"
"2010-10-03T00:00:00.000","76","VALLE DEL CAUCA","76001","CALI","0.002","KILOGRAMO"
"2010-10-02T00:00:00.000","66","RISARALDA","66170","DOSQUEBRADAS","0.001","KILOGRAMO"
"2010-10-02T00:00:00.000","63","QUINDIO","63001","ARMENIA","0.001","KILOGRAMO"
"2010-10-01T00:00:00.000","63","QUINDIO","63001","ARMENIA","0.002","KILOGRAMO"
"2010-10-01T00:00:00.000","08","ATLANTICO","08573","PUERTO COLOMBIA","0.001","KILOGRAMO"
"2010-10-01T00:00:00.000","66","RISARALDA","66001","PEREIRA","0.001","KILOGRAMO"
"2010-10-01T00:00:00.000","66","RISARALDA","66170","DOSQUEBRADAS","0.003","KILOGRAMO"
"2010-09-30T00:00:00.000","66","RISARALDA","66001","PEREIRA","0.003","KILOGRAMO"
"2010-09-30T00:00:00.000","08","ATLANTICO","08001","BARRANQUILLA","0.008","KILOGRAMO"
"2010-09-30T00:00:00.000","63","QUINDIO","63212","CORDOBA","0.003","KILOGRAMO"
"2010-09-30T00:00:00.000","66","RISARALDA","66170","DOSQUEBRADAS","0.002","KILOGRAMO"
"2010-09-29T00:00:00.000","66","RISARALDA","66170","DOSQUEBRADAS","0.001","KILOGRAMO"
"2010-09-29T00:00:00.000","11","BOGOTA D.C.","11001","BOGOTA D.C.","0.265","KILOGRAMO"
"2010-09-29T00:00:00.000","63","QUINDIO","63001","ARMENIA","0.001","KILOGRAMO"
"2010-09-28T00:00:00.000","66","RISARALDA","66001","PEREIRA","0.005","KILOGRAMO"
"2010-09-27T00:00:00.000","66","RISARALDA","66170","DOSQUEBRADAS","0.001","KILOGRAMO"
"2010-09-27T00:00:00.000","76","VALLE DEL CAUCA","76001","CALI","0.002","KILOGRAMO"
"2010-09-27T00:00:00.000","84005","FLORIDA","8400501","MIAMI","2.5","KILOGRAMO"
"2010-09-26T00:00:00.000","76","VALLE DEL CAUCA","76001","CALI","0.01","KILOGRAMO"
"2010-09-26T00:00:00.000","66","RISARALDA","66001","PEREIRA","1.088","KILOGRAMO"
"2010-09-26T00:00:00.000","66","RISARALDA","66170","DOSQUEBRADAS","0.002","KILOGRAMO"
"2010-09-25T00:00:00.000","66","RISARALDA","66170","DOSQUEBRADAS","0.001","KILOGRAMO"
"2010-09-25T00:00:00.000","63","QUINDIO","63001","ARMENIA","0.011","KILOGRAMO"
"2010-09-24T00:00:00.000","08","ATLANTICO","08001","BARRANQUILLA","0.969","KILOGRAMO"
"2010-09-24T00:00:00.000","76","VALLE DEL CAUCA","76001","CALI","0.003","KILOGRAMO"
"2010-09-23T00:00:00.000","76","VALLE DEL CAUCA","76520","PALMIRA","0.349","KILOGRAMO"
"2010-09-23T00:00:00.000","66","RISARALDA","66170","DOSQUEBRADAS","0.001","KILOGRAMO"
"2010-09-23T00:00:00.000","76","VALLE DEL CAUCA","76001","CALI","0.002","KILOGRAMO"
"2010-09-22T00:00:00.000","66","RISARALDA","66001","PEREIRA","0.009","KILOGRAMO"
"2010-09-22T00:00:00.000","41","HUILA","41001","NEIVA","1.881","KILOGRAMO"
"2010-09-22T00:00:00.000","66","RISARALDA","66170","DOSQUEBRADAS","0.003","KILOGRAMO"
"2010-09-22T00:00:00.000","63","QUINDIO","63001","ARMENIA","0.001","KILOGRAMO"
"2010-09-21T00:00:00.000","63","QUINDIO","63001","ARMENIA","0.001","KILOGRAMO"
"2010-09-21T00:00:00.000","66","RISARALDA","66170","DOSQUEBRADAS","0.001","KILOGRAMO"
"2010-09-20T00:00:00.000","66","RISARALDA","66001","PEREIRA","0.001","KILOGRAMO"
"2010-09-19T00:00:00.000","66","RISARALDA","66170","DOSQUEBRADAS","0.001","KILOGRAMO"
"2010-09-19T00:00:00.000","19","CAUCA","19698","SANTANDER DE QUILICHAO","0.004","KILOGRAMO"
"2010-09-19T00:00:00.000","66","RISARALDA","66001","PEREIRA","0.002","KILOGRAMO"
"2010-09-17T00:00:00.000","63","QUINDIO","63001","ARMENIA","0.006","KILOGRAMO"
"2010-09-17T00:00:00.000","66","RISARALDA","66170","DOSQUEBRADAS","0.357","KILOGRAMO"
"2010-09-17T00:00:00.000","05","ANTIOQUIA","05001","MEDELLIN","0.006","KILOGRAMO"
"2010-09-16T00:00:00.000","66","RISARALDA","66170","DOSQUEBRADAS","0.001","KILOGRAMO"
"2010-09-16T00:00:00.000","76","VALLE DEL CAUCA","76001","CALI","0.003","KILOGRAMO"
"2010-09-16T00:00:00.000","11","BOGOTA D.C.","11001","BOGOTA D.C.","0.002","KILOGRAMO"
"2010-09-15T00:00:00.000","66","RISARALDA","66001","PEREIRA","0.002","KILOGRAMO"
"2010-09-14T00:00:00.000","19","CAUCA","19698","SANTANDER DE QUILICHAO","0.006","KILOGRAMO"
"2010-09-14T00:00:00.000","66","RISARALDA","66001","PEREIRA","0.001","KILOGRAMO"
"2010-09-13T00:00:00.000","63","QUINDIO","63001","ARMENIA","0.001","KILOGRAMO"
"2010-09-12T00:00:00.000","44","LA GUAJIRA","44001","RIOHACHA","4.23","KILOGRAMO"
"2010-09-12T00:00:00.000","66","RISARALDA","66001","PEREIRA","0.001","KILOGRAMO"
"2010-09-12T00:00:00.000","66","RISARALDA","66170","DOSQUEBRADAS","0.001","KILOGRAMO"
"2010-09-11T00:00:00.000","66","RISARALDA","66001","PEREIRA","0.001","KILOGRAMO"
"2010-09-10T00:00:00.000","68","SANTANDER","68081","BARRANCABERMEJA","0.006","KILOGRAMO"
"2010-09-10T00:00:00.000","66","RISARALDA","66170","DOSQUEBRADAS","0.002","KILOGRAMO"
"2010-09-09T00:00:00.000","66","RISARALDA","66001","PEREIRA","0.002","KILOGRAMO"
"2010-09-09T00:00:00.000","63","QUINDIO","63001","ARMENIA","0.002","KILOGRAMO"
"2010-09-09T00:00:00.000","66","RISARALDA","66170","DOSQUEBRADAS","0.001","KILOGRAMO"
"2010-09-09T00:00:00.000","19","CAUCA","19001","POPAYAN","5.018","KILOGRAMO"
"2010-09-09T00:00:00.000","19","CAUCA","19698","SANTANDER DE QUILICHAO","0.01","KILOGRAMO"
"2010-09-08T00:00:00.000","76","VALLE DEL CAUCA","76001","CALI","0.003","KILOGRAMO"
"2010-09-08T00:00:00.000","66","RISARALDA","66001","PEREIRA","0.001","KILOGRAMO"
"2010-09-08T00:00:00.000","66","RISARALDA","66170","DOSQUEBRADAS","0.101","KILOGRAMO"
"2010-09-07T00:00:00.000","66","RISARALDA","66001","PEREIRA","0.001","KILOGRAMO"
"2010-09-07T00:00:00.000","66","RISARALDA","66170","DOSQUEBRADAS","0.002","KILOGRAMO"
"2010-09-06T00:00:00.000","63","QUINDIO","63001","ARMENIA","0.001","KILOGRAMO"
"2010-09-06T00:00:00.000","66","RISARALDA","66170","DOSQUEBRADAS","0.002","KILOGRAMO"
"2010-09-06T00:00:00.000","76","VALLE DEL CAUCA","76001","CALI","0.01","KILOGRAMO"
"2010-09-05T00:00:00.000","54","NORTE DE SANTANDER","54001","CUCUTA","0.003","KILOGRAMO"
"2010-09-05T00:00:00.000","66","RISARALDA","66170","DOSQUEBRADAS","0.001","KILOGRAMO"
"2010-09-05T00:00:00.000","63","QUINDIO","63001","ARMENIA","0.002","KILOGRAMO"
"2010-09-04T00:00:00.000","63","QUINDIO","63001","ARMENIA","0.001","KILOGRAMO"
"2010-09-04T00:00:00.000","76","VALLE DEL CAUCA","76001","CALI","0.002","KILOGRAMO"
"2010-09-04T00:00:00.000","66","RISARALDA","66170","DOSQUEBRADAS","0.002","KILOGRAMO"
"2010-09-04T00:00:00.000","66","RISARALDA","66001","PEREIRA","0.003","KILOGRAMO"
"2010-09-02T00:00:00.000","76","VALLE DEL CAUCA","76001","CALI","0.002","KILOGRAMO"
"2010-09-02T00:00:00.000","66","RISARALDA","66170","DOSQUEBRADAS","0.002","KILOGRAMO"
"2010-09-02T00:00:00.000","66","RISARALDA","66001","PEREIRA","0.001","KILOGRAMO"
"2010-09-02T00:00:00.000","05","ANTIOQUIA","05001","MEDELLIN","0.005","KILOGRAMO"
"2010-09-01T00:00:00.000","66","RISARALDA","66170","DOSQUEBRADAS","0.002","KILOGRAMO"
"2010-08-31T00:00:00.000","66","RISARALDA","66001","PEREIRA","0.002","KILOGRAMO"
"2010-08-30T00:00:00.000","66","RISARALDA","66170","DOSQUEBRADAS","0.001","KILOGRAMO"
"2010-08-29T00:00:00.000","66","RISARALDA","66001","PEREIRA","0.003","KILOGRAMO"
"2010-08-29T00:00:00.000","76","VALLE DEL CAUCA","76306","GINEBRA","0.001","KILOGRAMO"
"2010-08-28T00:00:00.000","76","VALLE DEL CAUCA","76001","CALI","0.003","KILOGRAMO"
"2010-08-28T00:00:00.000","66","RISARALDA","66170","DOSQUEBRADAS","0.002","KILOGRAMO"
"2010-08-28T00:00:00.000","63","QUINDIO","63302","GENOVA","0.001","KILOGRAMO"
"2010-08-27T00:00:00.000","08","ATLANTICO","08001","BARRANQUILLA","0.001","KILOGRAMO"
"2010-08-26T00:00:00.000","66","RISARALDA","66170","DOSQUEBRADAS","0.05","KILOGRAMO"
"2010-08-26T00:00:00.000","76","VALLE DEL CAUCA","76001","CALI","0.02","KILOGRAMO"
"2010-08-26T00:00:00.000","63","QUINDIO","63001","ARMENIA","0.001","KILOGRAMO"
"2010-08-25T00:00:00.000","66","RISARALDA","66001","PEREIRA","0.004","KILOGRAMO"
"2010-08-25T00:00:00.000","76","VALLE DEL CAUCA","76001","CALI","0.002","KILOGRAMO"
"2010-08-24T00:00:00.000","66","RISARALDA","66170","DOSQUEBRADAS","0.002","KILOGRAMO"
"2010-08-24T00:00:00.000","66","RISARALDA","66001","PEREIRA","0.005","KILOGRAMO"
"2010-08-24T00:00:00.000","63","QUINDIO","63001","ARMENIA","0.026","KILOGRAMO"
"2010-08-23T00:00:00.000","63","QUINDIO","63001","ARMENIA","0.001","KILOGRAMO"
"2010-08-23T00:00:00.000","66","RISARALDA","66001","PEREIRA","0.005","KILOGRAMO"
"2010-08-22T00:00:00.000","66","RISARALDA","66170","DOSQUEBRADAS","0.002","KILOGRAMO"
"2010-08-22T00:00:00.000","76","VALLE DEL CAUCA","76001","CALI","0.002","KILOGRAMO"
"2010-08-22T00:00:00.000","63","QUINDIO","63001","ARMENIA","0.003","KILOGRAMO"
"2010-08-22T00:00:00.000","05","ANTIOQUIA","05042","SANTA FE DE ANTIOQUIA","1","KILOGRAMO"
"2010-08-22T00:00:00.000","66","RISARALDA","66001","PEREIRA","0.002","KILOGRAMO"
"2010-08-21T00:00:00.000","66","RISARALDA","66001","PEREIRA","0.005","KILOGRAMO"
"2010-08-21T00:00:00.000","19","CAUCA","19845","VILLA RICA","4","KILOGRAMO"
"2010-08-20T00:00:00.000","52","NARIÑO","52356","IPIALES","0.919","KILOGRAMO"
"2010-08-20T00:00:00.000","66","RISARALDA","66001","PEREIRA","0.01","KILOGRAMO"
"2010-08-20T00:00:00.000","66","RISARALDA","66170","DOSQUEBRADAS","0.002","KILOGRAMO"
"2010-08-19T00:00:00.000","11","BOGOTA D.C.","11001","BOGOTA D.C.","0.77","KILOGRAMO"
"2010-08-19T00:00:00.000","15","BOYACA","15001","TUNJA","0.005","KILOGRAMO"
"2010-08-19T00:00:00.000","66","RISARALDA","66001","PEREIRA","0.101","KILOGRAMO"
"2010-08-19T00:00:00.000","76","VALLE DEL CAUCA","76001","CALI","0.004","KILOGRAMO"
"2010-08-19T00:00:00.000","66","RISARALDA","66170","DOSQUEBRADAS","0.002","KILOGRAMO"
"2010-08-18T00:00:00.000","66","RISARALDA","66001","PEREIRA","0.003","KILOGRAMO"
"2010-08-18T00:00:00.000","66","RISARALDA","66170","DOSQUEBRADAS","0.001","KILOGRAMO"
"2010-08-17T00:00:00.000","76","VALLE DEL CAUCA","76001","CALI","0.01","KILOGRAMO"
"2010-08-17T00:00:00.000","63","QUINDIO","63001","ARMENIA","0.001","KILOGRAMO"
"2010-08-17T00:00:00.000","66","RISARALDA","66170","DOSQUEBRADAS","0.003","KILOGRAMO"
"2010-08-17T00:00:00.000","66","RISARALDA","66001","PEREIRA","0.002","KILOGRAMO"
"2010-08-16T00:00:00.000","63","QUINDIO","63001","ARMENIA","0.001","KILOGRAMO"
"2010-08-16T00:00:00.000","66","RISARALDA","66001","PEREIRA","0.004","KILOGRAMO"
"2010-08-16T00:00:00.000","54","NORTE DE SANTANDER","54001","CUCUTA","0.0083","KILOGRAMO"
"2010-08-16T00:00:00.000","76","VALLE DEL CAUCA","76001","CALI","0.005","KILOGRAMO"
"2010-08-16T00:00:00.000","66","RISARALDA","66170","DOSQUEBRADAS","0.001","KILOGRAMO"
"2010-08-15T00:00:00.000","63","QUINDIO","63001","ARMENIA","0.002","KILOGRAMO"
"2010-08-15T00:00:00.000","66","RISARALDA","66001","PEREIRA","0.005","KILOGRAMO"
"2010-08-15T00:00:00.000","76","VALLE DEL CAUCA","76001","CALI","0.001","KILOGRAMO"
"2010-08-14T00:00:00.000","63","QUINDIO","63001","ARMENIA","0.011","KILOGRAMO"
"2010-08-14T00:00:00.000","66","RISARALDA","66170","DOSQUEBRADAS","0.003","KILOGRAMO"
"2010-08-14T00:00:00.000","08","ATLANTICO","08758","SOLEDAD","0.06","KILOGRAMO"
"2010-08-14T00:00:00.000","76","VALLE DEL CAUCA","76001","CALI","0.001","KILOGRAMO"
"2010-08-14T00:00:00.000","08","ATLANTICO","08634","SABANAGRANDE","0.005","KILOGRAMO"
"2010-08-14T00:00:00.000","66","RISARALDA","66001","PEREIRA","0.001","KILOGRAMO"
"2010-08-13T00:00:00.000","SIN ESTABLECER","SIN ESTABLECER","SIN ESTABLECER","SIN ESTABLECER","30","KILOGRAMO"
"2010-08-13T00:00:00.000","66","RISARALDA","66170","DOSQUEBRADAS","0.005","KILOGRAMO"
"2010-08-13T00:00:00.000","76","VALLE DEL CAUCA","76001","CALI","0.001","KILOGRAMO"
"2010-08-12T00:00:00.000","76","VALLE DEL CAUCA","76001","CALI","0.003","KILOGRAMO"
"2010-08-12T00:00:00.000","66","RISARALDA","66001","PEREIRA","0.002","KILOGRAMO"
"2010-08-12T00:00:00.000","66","RISARALDA","66170","DOSQUEBRADAS","0.004","KILOGRAMO"
"2010-08-11T00:00:00.000","76","VALLE DEL CAUCA","76001","CALI","0.001","KILOGRAMO"
"2010-08-11T00:00:00.000","54","NORTE DE SANTANDER","54001","CUCUTA","0.011","KILOGRAMO"
"2010-08-11T00:00:00.000","66","RISARALDA","66170","DOSQUEBRADAS","0.004","KILOGRAMO"
"2010-08-11T00:00:00.000","66","RISARALDA","66001","PEREIRA","0.007","KILOGRAMO"
"2010-08-10T00:00:00.000","66","RISARALDA","66001","PEREIRA","0.001","KILOGRAMO"
"2010-08-10T00:00:00.000","08","ATLANTICO","08758","SOLEDAD","0.02","KILOGRAMO"
"2010-08-10T00:00:00.000","76","VALLE DEL CAUCA","76001","CALI","0.001","KILOGRAMO"
"2010-08-10T00:00:00.000","63","QUINDIO","63001","ARMENIA","0.002","KILOGRAMO"
"2010-08-09T00:00:00.000","66","RISARALDA","66001","PEREIRA","0.004","KILOGRAMO"
"2010-08-09T00:00:00.000","66","RISARALDA","66170","DOSQUEBRADAS","0.001","KILOGRAMO"
"2010-08-08T00:00:00.000","11","BOGOTA D.C.","11001","BOGOTA D.C.","1.052","KILOGRAMO"
"2010-08-08T00:00:00.000","63","QUINDIO","63001","ARMENIA","0.01","KILOGRAMO"
"2010-08-08T00:00:00.000","66","RISARALDA","66001","PEREIRA","0.001","KILOGRAMO"
"2010-08-07T00:00:00.000","54","NORTE DE SANTANDER","54001","CUCUTA","1.1","KILOGRAMO"
"2010-08-07T00:00:00.000","63","QUINDIO","63001","ARMENIA","0.002","KILOGRAMO"
"2010-08-07T00:00:00.000","66","RISARALDA","66001","PEREIRA","0.001","KILOGRAMO"
"2010-08-07T00:00:00.000","66","RISARALDA","66170","DOSQUEBRADAS","0.001","KILOGRAMO"
"2010-08-06T00:00:00.000","76","VALLE DEL CAUCA","76001","CALI","0.008","KILOGRAMO"
"2010-08-06T00:00:00.000","66","RISARALDA","66170","DOSQUEBRADAS","0.022","KILOGRAMO"
"2010-08-05T00:00:00.000","66","RISARALDA","66170","DOSQUEBRADAS","0.001","KILOGRAMO"
"2010-08-05T00:00:00.000","63","QUINDIO","63001","ARMENIA","0.002","KILOGRAMO"
"2010-08-05T00:00:00.000","76","VALLE DEL CAUCA","76001","CALI","0.005","KILOGRAMO"
"2010-08-04T00:00:00.000","66","RISARALDA","66170","DOSQUEBRADAS","0.003","KILOGRAMO"
"2010-08-04T00:00:00.000","11","BOGOTA D.C.","11001","BOGOTA D.C.","0.24","KILOGRAMO"
"2010-08-04T00:00:00.000","66","RISARALDA","66001","PEREIRA","0.002","KILOGRAMO"
"2010-08-04T00:00:00.000","63","QUINDIO","63001","ARMENIA","0.011","KILOGRAMO"
"2010-08-03T00:00:00.000","76","VALLE DEL CAUCA","76001","CALI","0.001","KILOGRAMO"
"2010-08-03T00:00:00.000","66","RISARALDA","66170","DOSQUEBRADAS","0.001","KILOGRAMO"
"2010-08-03T00:00:00.000","63","QUINDIO","63001","ARMENIA","0.002","KILOGRAMO"
"2010-08-03T00:00:00.000","66","RISARALDA","66001","PEREIRA","0.015","KILOGRAMO"
"2010-08-03T00:00:00.000","76","VALLE DEL CAUCA","76520","PALMIRA","0.501","KILOGRAMO"
"2010-08-02T00:00:00.000","66","RISARALDA","66001","PEREIRA","0.002","KILOGRAMO"
"2010-08-02T00:00:00.000","66","RISARALDA","66170","DOSQUEBRADAS","0.001","KILOGRAMO"
"2010-08-02T00:00:00.000","63","QUINDIO","63001","ARMENIA","0.002","KILOGRAMO"
"2010-08-01T00:00:00.000","76","VALLE DEL CAUCA","76001","CALI","0.002","KILOGRAMO"
"2010-08-01T00:00:00.000","63","QUINDIO","63001","ARMENIA","0.002","KILOGRAMO"
"2010-08-01T00:00:00.000","66","RISARALDA","66170","DOSQUEBRADAS","0.002","KILOGRAMO"
"2010-08-01T00:00:00.000","66","RISARALDA","66001","PEREIRA","0.002","KILOGRAMO"
"2010-07-31T00:00:00.000","66","RISARALDA","66170","DOSQUEBRADAS","0.001","KILOGRAMO"
"2010-07-31T00:00:00.000","66","RISARALDA","66001","PEREIRA","0.001","KILOGRAMO"
"2010-07-30T00:00:00.000","66","RISARALDA","66170","DOSQUEBRADAS","0.001","KILOGRAMO"
"2010-07-30T00:00:00.000","54","NORTE DE SANTANDER","54001","CUCUTA","0.001","KILOGRAMO"
"2010-07-30T00:00:00.000","66","RISARALDA","66001","PEREIRA","0.003","KILOGRAMO"
"2010-07-30T00:00:00.000","76","VALLE DEL CAUCA","76001","CALI","0.003","KILOGRAMO"
"2010-07-30T00:00:00.000","63","QUINDIO","63690","SALENTO","0.001","KILOGRAMO"
"2010-07-30T00:00:00.000","63","QUINDIO","63001","ARMENIA","0.001","KILOGRAMO"
"2010-07-29T00:00:00.000","66","RISARALDA","66170","DOSQUEBRADAS","0.191","KILOGRAMO"
"2010-07-29T00:00:00.000","63","QUINDIO","63001","ARMENIA","0.003","KILOGRAMO"
"2010-07-28T00:00:00.000","76","VALLE DEL CAUCA","76109","BUENAVENTURA","4","KILOGRAMO"
"2010-07-28T00:00:00.000","66","RISARALDA","66170","DOSQUEBRADAS","0.001","KILOGRAMO"
"2010-07-28T00:00:00.000","66","RISARALDA","66001","PEREIRA","0.002","KILOGRAMO"
"2010-07-28T00:00:00.000","76","VALLE DEL CAUCA","76001","CALI","0.006","KILOGRAMO"
"2010-07-27T00:00:00.000","17","CALDAS","17001","MANIZALES","0.002","KILOGRAMO"
"2010-07-27T00:00:00.000","63","QUINDIO","63001","ARMENIA","0.001","KILOGRAMO"
"2010-07-27T00:00:00.000","76","VALLE DEL CAUCA","76001","CALI","0.001","KILOGRAMO"
"2010-07-26T00:00:00.000","76","VALLE DEL CAUCA","76001","CALI","0.005","KILOGRAMO"
"2010-07-26T00:00:00.000","66","RISARALDA","66170","DOSQUEBRADAS","0.003","KILOGRAMO"
"2010-07-26T00:00:00.000","54","NORTE DE SANTANDER","54001","CUCUTA","0.0027","KILOGRAMO"
"2010-07-25T00:00:00.000","66","RISARALDA","66170","DOSQUEBRADAS","0.002","KILOGRAMO"
"2010-07-25T00:00:00.000","63","QUINDIO","63001","ARMENIA","0.001","KILOGRAMO"
"2010-07-24T00:00:00.000","66","RISARALDA","66001","PEREIRA","0.003","KILOGRAMO"
"2010-07-24T00:00:00.000","76","VALLE DEL CAUCA","76001","CALI","0.006","KILOGRAMO"
"2010-07-24T00:00:00.000","63","QUINDIO","63001","ARMENIA","0.002","KILOGRAMO"
"2010-07-23T00:00:00.000","52","NARIÑO","52612","RICAURTE","4.3","KILOGRAMO"
"2010-07-23T00:00:00.000","63","QUINDIO","63190","CIRCASIA","0.003","KILOGRAMO"
"2010-07-23T00:00:00.000","66","RISARALDA","66001","PEREIRA","0.03","KILOGRAMO"
"2010-07-23T00:00:00.000","76","VALLE DEL CAUCA","76001","CALI","0.003","KILOGRAMO"
"2010-07-23T00:00:00.000","63","QUINDIO","63001","ARMENIA","0.003","KILOGRAMO"
"2010-07-22T00:00:00.000","54","NORTE DE SANTANDER","54001","CUCUTA","0.00030","KILOGRAMO"
"2010-07-22T00:00:00.000","66","RISARALDA","66001","PEREIRA","0.002","KILOGRAMO"
"2010-07-22T00:00:00.000","63","QUINDIO","63001","ARMENIA","0.006","KILOGRAMO"
"2010-07-21T00:00:00.000","63","QUINDIO","63001","ARMENIA","0.005","KILOGRAMO"
"2010-07-21T00:00:00.000","66","RISARALDA","66170","DOSQUEBRADAS","0.001","KILOGRAMO"
"2010-07-20T00:00:00.000","66","RISARALDA","66170","DOSQUEBRADAS","0.003","KILOGRAMO"
"2010-07-20T00:00:00.000","66","RISARALDA","66001","PEREIRA","0.004","KILOGRAMO"
"2010-07-19T00:00:00.000","66","RISARALDA","66001","PEREIRA","0.001","KILOGRAMO"
"2010-07-19T00:00:00.000","54","NORTE DE SANTANDER","54001","CUCUTA","0.0014","KILOGRAMO"
"2010-07-18T00:00:00.000","66","RISARALDA","66001","PEREIRA","0.002","KILOGRAMO"
"2010-07-18T00:00:00.000","66","RISARALDA","66170","DOSQUEBRADAS","0.001","KILOGRAMO"
"2010-07-17T00:00:00.000","66","RISARALDA","66170","DOSQUEBRADAS","0.001","KILOGRAMO"
"2010-07-17T00:00:00.000","SIN ESTABLECER","SIN ESTABLECER","SIN ESTABLECER","SIN ESTABLECER","18","KILOGRAMO"
"2010-07-16T00:00:00.000","76","VALLE DEL CAUCA","76001","CALI","0.002","KILOGRAMO"
"2010-07-15T00:00:00.000","66","RISARALDA","66170","DOSQUEBRADAS","0.029","KILOGRAMO"
"2010-07-15T00:00:00.000","63","QUINDIO","63001","ARMENIA","0.001","KILOGRAMO"
"2010-07-15T00:00:00.000","66","RISARALDA","66001","PEREIRA","0.004","KILOGRAMO"
"2010-07-15T00:00:00.000","17","CALDAS","17001","MANIZALES","0.003","KILOGRAMO"
"2010-07-14T00:00:00.000","54","NORTE DE SANTANDER","54001","CUCUTA","0.007","KILOGRAMO"
"2010-07-14T00:00:00.000","05","ANTIOQUIA","05079","BARBOSA","0.002","KILOGRAMO"
"2010-07-14T00:00:00.000","66","RISARALDA","66001","PEREIRA","0.001","KILOGRAMO"
"2010-07-14T00:00:00.000","76","VALLE DEL CAUCA","76001","CALI","0.002","KILOGRAMO"
"2010-07-14T00:00:00.000","66","RISARALDA","66170","DOSQUEBRADAS","0.001","KILOGRAMO"
"2010-07-13T00:00:00.000","63","QUINDIO","63001","ARMENIA","0.002","KILOGRAMO"
"2010-07-13T00:00:00.000","66","RISARALDA","66001","PEREIRA","0.002","KILOGRAMO"
"2010-07-13T00:00:00.000","66","RISARALDA","66170","DOSQUEBRADAS","0.002","KILOGRAMO"
"2010-07-12T00:00:00.000","66","RISARALDA","66001","PEREIRA","0.002","KILOGRAMO"
"2010-07-12T00:00:00.000","05","ANTIOQUIA","05615","RIONEGRO","1","KILOGRAMO"
"2010-07-12T00:00:00.000","19","CAUCA","19698","SANTANDER DE QUILICHAO","0.03","KILOGRAMO"
"2010-07-10T00:00:00.000","63","QUINDIO","63001","ARMENIA","0.001","KILOGRAMO"
"2010-07-10T00:00:00.000","05","ANTIOQUIA","05001","MEDELLIN","0.015","KILOGRAMO"
"2010-07-10T00:00:00.000","66","RISARALDA","66170","DOSQUEBRADAS","0.001","KILOGRAMO"
"2010-07-09T00:00:00.000","66","RISARALDA","66001","PEREIRA","0.001","KILOGRAMO"
"2010-07-09T00:00:00.000","66","RISARALDA","66170","DOSQUEBRADAS","0.049","KILOGRAMO"
"2010-07-08T00:00:00.000","63","QUINDIO","63001","ARMENIA","0.014","KILOGRAMO"
"2010-07-08T00:00:00.000","66","RISARALDA","66001","PEREIRA","0.002","KILOGRAMO"
"2010-07-07T00:00:00.000","66","RISARALDA","66170","DOSQUEBRADAS","0.002","KILOGRAMO"
"2010-07-07T00:00:00.000","66","RISARALDA","66001","PEREIRA","0.021","KILOGRAMO"
"2010-07-06T00:00:00.000","66","RISARALDA","66001","PEREIRA","0.003","KILOGRAMO"
"2010-07-05T00:00:00.000","63","QUINDIO","63001","ARMENIA","0.001","KILOGRAMO"
"2010-07-05T00:00:00.000","66","RISARALDA","66001","PEREIRA","0.003","KILOGRAMO"
"2010-07-05T00:00:00.000","76","VALLE DEL CAUCA","76001","CALI","0.001","KILOGRAMO"
"2010-07-04T00:00:00.000","66","RISARALDA","66001","PEREIRA","0.002","KILOGRAMO"
"2010-07-04T00:00:00.000","66","RISARALDA","66170","DOSQUEBRADAS","0.001","KILOGRAMO"
"2010-07-04T00:00:00.000","63","QUINDIO","63001","ARMENIA","0.002","KILOGRAMO"
"2010-07-03T00:00:00.000","66","RISARALDA","66170","DOSQUEBRADAS","0.1","KILOGRAMO"
"2010-07-03T00:00:00.000","54","NORTE DE SANTANDER","54001","CUCUTA","0.002","KILOGRAMO"
"2010-07-03T00:00:00.000","63","QUINDIO","63001","ARMENIA","0.002","KILOGRAMO"
"2010-07-02T00:00:00.000","66","RISARALDA","66001","PEREIRA","0.002","KILOGRAMO"
"2010-07-02T00:00:00.000","66","RISARALDA","66170","DOSQUEBRADAS","0.001","KILOGRAMO"
"2010-07-02T00:00:00.000","84005","FLORIDA","8400501","MIAMI","6","KILOGRAMO"
"2010-07-01T00:00:00.000","08","ATLANTICO","08001","BARRANQUILLA","0.001","KILOGRAMO"
"2010-07-01T00:00:00.000","66","RISARALDA","66001","PEREIRA","0.002","KILOGRAMO"
"2010-06-30T00:00:00.000","66","RISARALDA","66001","PEREIRA","0.001","KILOGRAMO"
"2010-06-30T00:00:00.000","66","RISARALDA","66170","DOSQUEBRADAS","0.003","KILOGRAMO"
"2010-06-30T00:00:00.000","54","NORTE DE SANTANDER","54001","CUCUTA","0.002","KILOGRAMO"
"2010-06-30T00:00:00.000","63","QUINDIO","63111","BUENAVISTA","0.002","KILOGRAMO"
"2010-06-30T00:00:00.000","63","QUINDIO","63001","ARMENIA","0.002","KILOGRAMO"
"2010-06-29T00:00:00.000","66","RISARALDA","66170","DOSQUEBRADAS","0.001","KILOGRAMO"
"2010-06-28T00:00:00.000","63","QUINDIO","63001","ARMENIA","0.001","KILOGRAMO"
"2010-06-27T00:00:00.000","66","RISARALDA","66001","PEREIRA","0.002","KILOGRAMO"
"2010-06-27T00:00:00.000","66","RISARALDA","66170","DOSQUEBRADAS","0.001","KILOGRAMO"
"2010-06-26T00:00:00.000","05","ANTIOQUIA","05001","MEDELLIN","0.05","KILOGRAMO"
"2010-06-25T00:00:00.000","54","NORTE DE SANTANDER","54001","CUCUTA","2.026","KILOGRAMO"
"2010-06-25T00:00:00.000","63","QUINDIO","63001","ARMENIA","0.045","KILOGRAMO"
"2010-06-24T00:00:00.000","66","RISARALDA","66170","DOSQUEBRADAS","0.002","KILOGRAMO"
"2010-06-22T00:00:00.000","66","RISARALDA","66170","DOSQUEBRADAS","0.001","KILOGRAMO"
"2010-06-22T00:00:00.000","76","VALLE DEL CAUCA","76001","CALI","0.002","KILOGRAMO"
"2010-06-21T00:00:00.000","76","VALLE DEL CAUCA","76001","CALI","0.001","KILOGRAMO"
"2010-06-21T00:00:00.000","63","QUINDIO","63001","ARMENIA","0.001","KILOGRAMO"
"2010-06-21T00:00:00.000","66","RISARALDA","66001","PEREIRA","0.001","KILOGRAMO"
"2010-06-21T00:00:00.000","66","RISARALDA","66170","DOSQUEBRADAS","0.002","KILOGRAMO"
"2010-06-20T00:00:00.000","63","QUINDIO","63001","ARMENIA","0.001","KILOGRAMO"
"2010-06-20T00:00:00.000","66","RISARALDA","66001","PEREIRA","0.003","KILOGRAMO"
"2010-06-19T00:00:00.000","66","RISARALDA","66170","DOSQUEBRADAS","0.001","KILOGRAMO"
"2010-06-19T00:00:00.000","76","VALLE DEL CAUCA","76001","CALI","0.001","KILOGRAMO"
"2010-06-19T00:00:00.000","66","RISARALDA","66001","PEREIRA","0.002","KILOGRAMO"
"2010-06-18T00:00:00.000","66","RISARALDA","66001","PEREIRA","0.004","KILOGRAMO"
"2010-06-18T00:00:00.000","63","QUINDIO","63001","ARMENIA","0.001","KILOGRAMO"
"2010-06-17T00:00:00.000","66","RISARALDA","66001","PEREIRA","0.004","KILOGRAMO"
"2010-06-17T00:00:00.000","63","QUINDIO","63190","CIRCASIA","0.01","KILOGRAMO"
"2010-06-17T00:00:00.000","66","RISARALDA","66170","DOSQUEBRADAS","0.011","KILOGRAMO"
"2010-06-16T00:00:00.000","54","NORTE DE SANTANDER","54001","CUCUTA","0.004","KILOGRAMO"
"2010-06-16T00:00:00.000","19","CAUCA","19698","SANTANDER DE QUILICHAO","0.02","KILOGRAMO"
"2010-06-15T00:00:00.000","63","QUINDIO","63001","ARMENIA","0.001","KILOGRAMO"
"2010-06-15T00:00:00.000","66","RISARALDA","66001","PEREIRA","0.004","KILOGRAMO"
"2010-06-14T00:00:00.000","66","RISARALDA","66001","PEREIRA","0.002","KILOGRAMO"
"2010-06-14T00:00:00.000","63","QUINDIO","63001","ARMENIA","0.001","KILOGRAMO"
"2010-06-13T00:00:00.000","05","ANTIOQUIA","05615","RIONEGRO","0.745","KILOGRAMO"
"2010-06-13T00:00:00.000","66","RISARALDA","66001","PEREIRA","0.001","KILOGRAMO"
"2010-06-13T00:00:00.000","63","QUINDIO","63001","ARMENIA","0.001","KILOGRAMO"
"2010-06-13T00:00:00.000","66","RISARALDA","66456","MISTRATO","0.001","KILOGRAMO"
"2010-06-11T00:00:00.000","19","CAUCA","19698","SANTANDER DE QUILICHAO","2.031","KILOGRAMO"
"2010-06-11T00:00:00.000","66","RISARALDA","66001","PEREIRA","0.001","KILOGRAMO"
"2010-06-11T00:00:00.000","63","QUINDIO","63190","CIRCASIA","0.014","KILOGRAMO"
"2010-06-11T00:00:00.000","27","CHOCO","27372","JURADO","1.69","KILOGRAMO"
"2010-06-10T00:00:00.000","63","QUINDIO","63594","QUIMBAYA","0.001","KILOGRAMO"
"2010-06-10T00:00:00.000","66","RISARALDA","66170","DOSQUEBRADAS","0.002","KILOGRAMO"
"2010-06-09T00:00:00.000","05","ANTIOQUIA","05001","MEDELLIN","0.01","KILOGRAMO"
"2010-06-09T00:00:00.000","66","RISARALDA","66001","PEREIRA","0.001","KILOGRAMO"
"2010-06-09T00:00:00.000","66","RISARALDA","66170","DOSQUEBRADAS","0.001","KILOGRAMO"
"2010-06-08T00:00:00.000","66","RISARALDA","66170","DOSQUEBRADAS","0.002","KILOGRAMO"
"2010-06-08T00:00:00.000","76","VALLE DEL CAUCA","76001","CALI","0.015","KILOGRAMO"
"2010-06-08T00:00:00.000","66","RISARALDA","66001","PEREIRA","0.001","KILOGRAMO"
"2010-06-07T00:00:00.000","66","RISARALDA","66170","DOSQUEBRADAS","0.002","KILOGRAMO"
"2010-06-07T00:00:00.000","66","RISARALDA","66001","PEREIRA","0.002","KILOGRAMO"
"2010-06-07T00:00:00.000","05","ANTIOQUIA","05615","RIONEGRO","2.015","KILOGRAMO"
"2010-06-06T00:00:00.000","11","BOGOTA D.C.","11001","BOGOTA D.C.","1.1682","KILOGRAMO"
"2010-06-06T00:00:00.000","66","RISARALDA","66001","PEREIRA","0.002","KILOGRAMO"
"2010-06-05T00:00:00.000","27","CHOCO","27075","BAHIA SOLANO","32.3","KILOGRAMO"
"2010-06-05T00:00:00.000","66","RISARALDA","66001","PEREIRA","0.003","KILOGRAMO"
"2010-06-04T00:00:00.000","66","RISARALDA","66001","PEREIRA","0.006","KILOGRAMO"
"2010-06-04T00:00:00.000","66","RISARALDA","66170","DOSQUEBRADAS","0.142","KILOGRAMO"
"2010-06-04T00:00:00.000","63","QUINDIO","63001","ARMENIA","0.005","KILOGRAMO"
"2010-06-04T00:00:00.000","52","NARIÑO","52356","IPIALES","1.996","KILOGRAMO"
"2010-06-03T00:00:00.000","66","RISARALDA","66001","PEREIRA","0.002","KILOGRAMO"
"2010-06-03T00:00:00.000","63","QUINDIO","63001","ARMENIA","0.002","KILOGRAMO"
"2010-06-02T00:00:00.000","66","RISARALDA","66170","DOSQUEBRADAS","0.001","KILOGRAMO"
"2010-06-02T00:00:00.000","66","RISARALDA","66001","PEREIRA","0.024","KILOGRAMO"
"2010-06-01T00:00:00.000","84005","FLORIDA","8400501","MIAMI","1.3","KILOGRAMO"
"2010-06-01T00:00:00.000","66","RISARALDA","66001","PEREIRA","0.001","KILOGRAMO"
"2010-06-01T00:00:00.000","66","RISARALDA","66170","DOSQUEBRADAS","0.003","KILOGRAMO"
"2010-05-31T00:00:00.000","63","QUINDIO","63001","ARMENIA","0.002","KILOGRAMO"
"2010-05-30T00:00:00.000","63","QUINDIO","63001","ARMENIA","0.001","KILOGRAMO"
"2010-05-30T00:00:00.000","66","RISARALDA","66001","PEREIRA","0.002","KILOGRAMO"
"2010-05-30T00:00:00.000","76","VALLE DEL CAUCA","76001","CALI","0.008","KILOGRAMO"
"2010-05-29T00:00:00.000","05","ANTIOQUIA","05001","MEDELLIN","0.015","KILOGRAMO"
"2010-05-29T00:00:00.000","76","VALLE DEL CAUCA","76520","PALMIRA","0.702","KILOGRAMO"
"2010-05-28T00:00:00.000","63","QUINDIO","63001","ARMENIA","0.001","KILOGRAMO"
"2010-05-28T00:00:00.000","66","RISARALDA","66001","PEREIRA","0.007","KILOGRAMO"
"2010-05-28T00:00:00.000","05","ANTIOQUIA","05001","MEDELLIN","0.025","KILOGRAMO"
"2010-05-27T00:00:00.000","54","NORTE DE SANTANDER","54001","CUCUTA","0.002","KILOGRAMO"
"2010-05-27T00:00:00.000","76","VALLE DEL CAUCA","76001","CALI","0.001","KILOGRAMO"
"2010-05-27T00:00:00.000","66","RISARALDA","66001","PEREIRA","0.004","KILOGRAMO"
"2010-05-27T00:00:00.000","66","RISARALDA","66170","DOSQUEBRADAS","0.001","KILOGRAMO"
"2010-05-26T00:00:00.000","52","NARIÑO","52786","TAMINANGO","0.0056","KILOGRAMO"
"2010-05-26T00:00:00.000","63","QUINDIO","63001","ARMENIA","0.001","KILOGRAMO"
"2010-05-26T00:00:00.000","66","RISARALDA","66001","PEREIRA","0.015","KILOGRAMO"
"2010-05-26T00:00:00.000","76","VALLE DEL CAUCA","76001","CALI","0.005","KILOGRAMO"
"2010-05-25T00:00:00.000","63","QUINDIO","63001","ARMENIA","0.002","KILOGRAMO"
"2010-05-25T00:00:00.000","66","RISARALDA","66170","DOSQUEBRADAS","0.001","KILOGRAMO"
"2010-05-25T00:00:00.000","19","CAUCA","19698","SANTANDER DE QUILICHAO","0.005","KILOGRAMO"
"2010-05-24T00:00:00.000","66","RISARALDA","66170","DOSQUEBRADAS","0.002","KILOGRAMO"
"2010-05-24T00:00:00.000","66","RISARALDA","66001","PEREIRA","0.001","KILOGRAMO"
"2010-05-22T00:00:00.000","66","RISARALDA","66001","PEREIRA","0.004","KILOGRAMO"
"2010-05-22T00:00:00.000","63","QUINDIO","63001","ARMENIA","0.001","KILOGRAMO"
"2010-05-22T00:00:00.000","05","ANTIOQUIA","05079","BARBOSA","0.001","KILOGRAMO"
"2010-05-22T00:00:00.000","66","RISARALDA","66170","DOSQUEBRADAS","0.001","KILOGRAMO"
"2010-05-22T00:00:00.000","19","CAUCA","19698","SANTANDER DE QUILICHAO","0.011","KILOGRAMO"
"2010-05-21T00:00:00.000","66","RISARALDA","66001","PEREIRA","0.002","KILOGRAMO"
"2010-05-21T00:00:00.000","66","RISARALDA","66170","DOSQUEBRADAS","0.167","KILOGRAMO"
"2010-05-20T00:00:00.000","63","QUINDIO","63001","ARMENIA","0.002","KILOGRAMO"
"2010-05-19T00:00:00.000","19","CAUCA","19698","SANTANDER DE QUILICHAO","0.025","KILOGRAMO"
"2010-05-19T00:00:00.000","66","RISARALDA","66170","DOSQUEBRADAS","0.002","KILOGRAMO"
"2010-05-19T00:00:00.000","76","VALLE DEL CAUCA","76001","CALI","0.011","KILOGRAMO"
"2010-05-18T00:00:00.000","66","RISARALDA","66170","DOSQUEBRADAS","0.003","KILOGRAMO"
"2010-05-18T00:00:00.000","76","VALLE DEL CAUCA","76001","CALI","0.01","KILOGRAMO"
"2010-05-18T00:00:00.000","66","RISARALDA","66001","PEREIRA","0.0443","KILOGRAMO"
"2010-05-17T00:00:00.000","52","NARIÑO","52399","LA UNION","0.003","KILOGRAMO"
"2010-05-17T00:00:00.000","63","QUINDIO","63001","ARMENIA","0.023","KILOGRAMO"
"2010-05-17T00:00:00.000","19","CAUCA","19698","SANTANDER DE QUILICHAO","0.006","KILOGRAMO"
"2010-05-17T00:00:00.000","66","RISARALDA","66170","DOSQUEBRADAS","0.001","KILOGRAMO"
"2010-05-16T00:00:00.000","66","RISARALDA","66001","PEREIRA","0.003","KILOGRAMO"
"2010-05-16T00:00:00.000","19","CAUCA","19698","SANTANDER DE QUILICHAO","0.01","KILOGRAMO"
"2010-05-16T00:00:00.000","63","QUINDIO","63001","ARMENIA","0.002","KILOGRAMO"
"2010-05-15T00:00:00.000","66","RISARALDA","66170","DOSQUEBRADAS","0.002","KILOGRAMO"
"2010-05-15T00:00:00.000","76","VALLE DEL CAUCA","76001","CALI","0.005","KILOGRAMO"
"2010-05-14T00:00:00.000","76","VALLE DEL CAUCA","76001","CALI","0.005","KILOGRAMO"
"2010-05-14T00:00:00.000","66","RISARALDA","66170","DOSQUEBRADAS","0.002","KILOGRAMO"
"2010-05-13T00:00:00.000","66","RISARALDA","66170","DOSQUEBRADAS","0.001","KILOGRAMO"
"2010-05-13T00:00:00.000","66","RISARALDA","66001","PEREIRA","0.005","KILOGRAMO"
"2010-05-13T00:00:00.000","08","ATLANTICO","08001","BARRANQUILLA","0.014","KILOGRAMO"
"2010-05-13T00:00:00.000","63","QUINDIO","63001","ARMENIA","0.001","KILOGRAMO"
"2010-05-13T00:00:00.000","11","BOGOTA D.C.","11001","BOGOTA D.C.","0.1","KILOGRAMO"
"2010-05-11T00:00:00.000","66","RISARALDA","66170","DOSQUEBRADAS","0.094","KILOGRAMO"
"2010-05-10T00:00:00.000","63","QUINDIO","63001","ARMENIA","0.001","KILOGRAMO"
"2010-05-10T00:00:00.000","66","RISARALDA","66001","PEREIRA","0.019","KILOGRAMO"
"2010-05-10T00:00:00.000","54","NORTE DE SANTANDER","54001","CUCUTA","0.01","KILOGRAMO"
"2010-05-09T00:00:00.000","63","QUINDIO","63001","ARMENIA","0.001","KILOGRAMO"
"2010-05-08T00:00:00.000","66","RISARALDA","66001","PEREIRA","0.002","KILOGRAMO"
"2010-05-08T00:00:00.000","76","VALLE DEL CAUCA","76001","CALI","0.005","KILOGRAMO"
"2010-05-08T00:00:00.000","63","QUINDIO","63272","FILANDIA","0.001","KILOGRAMO"
"2010-05-08T00:00:00.000","66","RISARALDA","66170","DOSQUEBRADAS","0.001","KILOGRAMO"
"2010-05-07T00:00:00.000","76","VALLE DEL CAUCA","76001","CALI","0.004","KILOGRAMO"
"2010-05-07T00:00:00.000","19","CAUCA","19698","SANTANDER DE QUILICHAO","0.06","KILOGRAMO"
"2010-05-06T00:00:00.000","66","RISARALDA","66001","PEREIRA","0.017","KILOGRAMO"
"2010-05-06T00:00:00.000","63","QUINDIO","63001","ARMENIA","0.001","KILOGRAMO"
"2010-05-06T00:00:00.000","66","RISARALDA","66170","DOSQUEBRADAS","0.002","KILOGRAMO"
"2010-05-06T00:00:00.000","54","NORTE DE SANTANDER","54001","CUCUTA","0.006","KILOGRAMO"
"2010-05-05T00:00:00.000","66","RISARALDA","66170","DOSQUEBRADAS","0.03","KILOGRAMO"
"2010-05-05T00:00:00.000","63","QUINDIO","63001","ARMENIA","0.004","KILOGRAMO"
"2010-05-05T00:00:00.000","66","RISARALDA","66001","PEREIRA","0.002","KILOGRAMO"
"2010-05-04T00:00:00.000","66","RISARALDA","66170","DOSQUEBRADAS","0.001","KILOGRAMO"
"2010-05-04T00:00:00.000","63","QUINDIO","63001","ARMENIA","0.001","KILOGRAMO"
"2010-05-03T00:00:00.000","66","RISARALDA","66001","PEREIRA","0.005","KILOGRAMO"
"2010-05-03T00:00:00.000","11","BOGOTA D.C.","11001","BOGOTA D.C.","0.35","KILOGRAMO"
"2010-05-03T00:00:00.000","66","RISARALDA","66170","DOSQUEBRADAS","0.001","KILOGRAMO"
"2010-05-02T00:00:00.000","66","RISARALDA","66170","DOSQUEBRADAS","0.002","KILOGRAMO"
"2010-05-02T00:00:00.000","66","RISARALDA","66001","PEREIRA","0.006","KILOGRAMO"
"2010-05-01T00:00:00.000","63","QUINDIO","63001","ARMENIA","0.001","KILOGRAMO"
"2010-05-01T00:00:00.000","66","RISARALDA","66001","PEREIRA","0.002","KILOGRAMO"
"2010-04-30T00:00:00.000","76","VALLE DEL CAUCA","76001","CALI","0.005","KILOGRAMO"
"2010-04-30T00:00:00.000","63","QUINDIO","63001","ARMENIA","0.001","KILOGRAMO"
"2010-04-30T00:00:00.000","66","RISARALDA","66001","PEREIRA","0.003","KILOGRAMO"
"2010-04-29T00:00:00.000","52","NARIÑO","52356","IPIALES","4.223","KILOGRAMO"
"2010-04-29T00:00:00.000","66","RISARALDA","66001","PEREIRA","0.01","KILOGRAMO"
"2010-04-29T00:00:00.000","76","VALLE DEL CAUCA","76001","CALI","0.007","KILOGRAMO"
"2010-04-28T00:00:00.000","66","RISARALDA","66001","PEREIRA","0.002","KILOGRAMO"
"2010-04-28T00:00:00.000","63","QUINDIO","63001","ARMENIA","0.002","KILOGRAMO"
"2010-04-28T00:00:00.000","76","VALLE DEL CAUCA","76892","YUMBO","0.12","KILOGRAMO"
"2010-04-27T00:00:00.000","66","RISARALDA","66001","PEREIRA","0.003","KILOGRAMO"
"2010-04-27T00:00:00.000","66","RISARALDA","66170","DOSQUEBRADAS","0.002","KILOGRAMO"
"2010-04-27T00:00:00.000","63","QUINDIO","63001","ARMENIA","0.001","KILOGRAMO"
"2010-04-27T00:00:00.000","52","NARIÑO","52258","EL TABLON DE GOMEZ","0.05","KILOGRAMO"
"2010-04-26T00:00:00.000","76","VALLE DEL CAUCA","76001","CALI","0.007","KILOGRAMO"
"2010-04-26T00:00:00.000","19","CAUCA","19698","SANTANDER DE QUILICHAO","0.05","KILOGRAMO"
"2010-04-26T00:00:00.000","66","RISARALDA","66170","DOSQUEBRADAS","0.001","KILOGRAMO"
"2010-04-25T00:00:00.000","63","QUINDIO","63001","ARMENIA","0.002","KILOGRAMO"
"2010-04-25T00:00:00.000","66","RISARALDA","66001","PEREIRA","0.002","KILOGRAMO"
"2010-04-25T00:00:00.000","13","BOLIVAR","13001","CARTAGENA DE INDIAS","1.799","KILOGRAMO"
"2010-04-24T00:00:00.000","63","QUINDIO","63272","FILANDIA","0.01","KILOGRAMO"
"2010-04-24T00:00:00.000","66","RISARALDA","66001","PEREIRA","0.003","KILOGRAMO"
"2010-04-24T00:00:00.000","66","RISARALDA","66170","DOSQUEBRADAS","0.002","KILOGRAMO"
"2010-04-23T00:00:00.000","76","VALLE DEL CAUCA","76306","GINEBRA","0.001","KILOGRAMO"
"2010-04-23T00:00:00.000","76","VALLE DEL CAUCA","76001","CALI","0.009","KILOGRAMO"
"2010-04-23T00:00:00.000","66","RISARALDA","66001","PEREIRA","0.0065","KILOGRAMO"
"2010-04-23T00:00:00.000","66","RISARALDA","66170","DOSQUEBRADAS","0.059","KILOGRAMO"
"2010-04-22T00:00:00.000","66","RISARALDA","66170","DOSQUEBRADAS","0.002","KILOGRAMO"
"2010-04-22T00:00:00.000","76","VALLE DEL CAUCA","76111","GUADALAJARA DE BUGA","0.001","KILOGRAMO"
"2010-04-22T00:00:00.000","63","QUINDIO","63001","ARMENIA","0.001","KILOGRAMO"
"2010-04-21T00:00:00.000","76","VALLE DEL CAUCA","76001","CALI","0.007","KILOGRAMO"
"2010-04-21T00:00:00.000","66","RISARALDA","66001","PEREIRA","1.0899","KILOGRAMO"
"2010-04-21T00:00:00.000","66","RISARALDA","66170","DOSQUEBRADAS","0.001","KILOGRAMO"
"2010-04-21T00:00:00.000","63","QUINDIO","63001","ARMENIA","0.001","KILOGRAMO"
"2010-04-21T00:00:00.000","52","NARIÑO","52356","IPIALES","3.011","KILOGRAMO"
"2010-04-20T00:00:00.000","66","RISARALDA","66001","PEREIRA","0.055","KILOGRAMO"
"2010-04-20T00:00:00.000","76","VALLE DEL CAUCA","76001","CALI","0.007","KILOGRAMO"
"2010-04-20T00:00:00.000","66","RISARALDA","66170","DOSQUEBRADAS","0.003","KILOGRAMO"
"2010-04-20T00:00:00.000","76","VALLE DEL CAUCA","76306","GINEBRA","0.001","KILOGRAMO"
"2010-04-19T00:00:00.000","66","RISARALDA","66170","DOSQUEBRADAS","0.001","KILOGRAMO"
"2010-04-19T00:00:00.000","66","RISARALDA","66001","PEREIRA","0.002","KILOGRAMO"
"2010-04-19T00:00:00.000","76","VALLE DEL CAUCA","76520","PALMIRA","0.164","KILOGRAMO"
"2010-04-19T00:00:00.000","63","QUINDIO","63001","ARMENIA","0.038","KILOGRAMO"
"2010-04-19T00:00:00.000","76","VALLE DEL CAUCA","76001","CALI","0.006","KILOGRAMO"
"2010-04-18T00:00:00.000","76","VALLE DEL CAUCA","76001","CALI","0.003","KILOGRAMO"
"2010-04-17T00:00:00.000","08","ATLANTICO","08001","BARRANQUILLA","1.2","KILOGRAMO"
"2010-04-17T00:00:00.000","63","QUINDIO","63001","ARMENIA","0.001","KILOGRAMO"
"2010-04-17T00:00:00.000","66","RISARALDA","66001","PEREIRA","0.002","KILOGRAMO"
"2010-04-17T00:00:00.000","66","RISARALDA","66170","DOSQUEBRADAS","0.001","KILOGRAMO"
"2010-04-17T00:00:00.000","76","VALLE DEL CAUCA","76306","GINEBRA","0.001","KILOGRAMO"
"2010-04-17T00:00:00.000","19","CAUCA","19698","SANTANDER DE QUILICHAO","0.1","KILOGRAMO"
"2010-04-16T00:00:00.000","66","RISARALDA","66001","PEREIRA","0.002","KILOGRAMO"
"2010-04-16T00:00:00.000","76","VALLE DEL CAUCA","76306","GINEBRA","0.001","KILOGRAMO"
"2010-04-15T00:00:00.000","66","RISARALDA","66170","DOSQUEBRADAS","0.001","KILOGRAMO"
"2010-04-15T00:00:00.000","76","VALLE DEL CAUCA","76306","GINEBRA","0.002","KILOGRAMO"
"2010-04-15T00:00:00.000","66","RISARALDA","66001","PEREIRA","0.013","KILOGRAMO"
"2010-04-15T00:00:00.000","63","QUINDIO","63001","ARMENIA","0.01","KILOGRAMO"
"2010-04-14T00:00:00.000","63","QUINDIO","63001","ARMENIA","0.061","KILOGRAMO"
"2010-04-14T00:00:00.000","66","RISARALDA","66001","PEREIRA","0.015","KILOGRAMO"
"2010-04-14T00:00:00.000","63","QUINDIO","63470","MONTENEGRO","0.002","KILOGRAMO"
"2010-04-13T00:00:00.000","66","RISARALDA","66088","BELEN DE UMBRIA","0.005","KILOGRAMO"
"2010-04-13T00:00:00.000","76","VALLE DEL CAUCA","76001","CALI","0.025","KILOGRAMO"
"2010-04-13T00:00:00.000","63","QUINDIO","63001","ARMENIA","0.001","KILOGRAMO"
"2010-04-13T00:00:00.000","66","RISARALDA","66001","PEREIRA","0.022","KILOGRAMO"
"2010-04-13T00:00:00.000","66","RISARALDA","66170","DOSQUEBRADAS","0.067","KILOGRAMO"
"2010-04-13T00:00:00.000","84005","FLORIDA","8400501","MIAMI","3","KILOGRAMO"
"2010-04-12T00:00:00.000","66","RISARALDA","66001","PEREIRA","0.007","KILOGRAMO"
"2010-04-12T00:00:00.000","66","RISARALDA","66170","DOSQUEBRADAS","0.003","KILOGRAMO"
"2010-04-11T00:00:00.000","66","RISARALDA","66170","DOSQUEBRADAS","0.001","KILOGRAMO"
"2010-04-11T00:00:00.000","63","QUINDIO","63001","ARMENIA","0.019","KILOGRAMO"
"2010-04-11T00:00:00.000","19","CAUCA","19698","SANTANDER DE QUILICHAO","0.015","KILOGRAMO"
"2010-04-11T00:00:00.000","76","VALLE DEL CAUCA","76001","CALI","0.005","KILOGRAMO"
"2010-04-09T00:00:00.000","66","RISARALDA","66001","PEREIRA","0.012","KILOGRAMO"
"2010-04-09T00:00:00.000","63","QUINDIO","63001","ARMENIA","0.001","KILOGRAMO"
"2010-04-08T00:00:00.000","84005","FLORIDA","8400501","MIAMI","2","KILOGRAMO"
"2010-04-08T00:00:00.000","63","QUINDIO","63401","LA TEBAIDA","1.785","KILOGRAMO"
"2010-04-07T00:00:00.000","63","QUINDIO","63001","ARMENIA","0.001","KILOGRAMO"
"2010-04-07T00:00:00.000","66","RISARALDA","66170","DOSQUEBRADAS","0.001","KILOGRAMO"
"2010-04-07T00:00:00.000","76","VALLE DEL CAUCA","76001","CALI","0.001","KILOGRAMO"
"2010-04-07T00:00:00.000","66","RISARALDA","66001","PEREIRA","0.002","KILOGRAMO"
"2010-04-06T00:00:00.000","66","RISARALDA","66170","DOSQUEBRADAS","0.002","KILOGRAMO"
"2010-04-06T00:00:00.000","SIN ESTABLECER","SIN ESTABLECER","SIN ESTABLECER","SIN ESTABLECER","5.31","KILOGRAMO"
"2010-04-05T00:00:00.000","63","QUINDIO","63001","ARMENIA","0.002","KILOGRAMO"
"2010-04-04T00:00:00.000","66","RISARALDA","66001","PEREIRA","0.001","KILOGRAMO"
"2010-04-04T00:00:00.000","63","QUINDIO","63190","CIRCASIA","0.003","KILOGRAMO"
"2010-04-04T00:00:00.000","63","QUINDIO","63001","ARMENIA","0.001","KILOGRAMO"
"2010-04-04T00:00:00.000","08","ATLANTICO","08001","BARRANQUILLA","6","KILOGRAMO"
"2010-04-03T00:00:00.000","54","NORTE DE SANTANDER","54001","CUCUTA","0.0015","KILOGRAMO"
"2010-04-03T00:00:00.000","63","QUINDIO","63001","ARMENIA","0.035","KILOGRAMO"
"2010-04-02T00:00:00.000","05","ANTIOQUIA","05615","RIONEGRO","0.042","KILOGRAMO"
"2010-04-02T00:00:00.000","63","QUINDIO","63001","ARMENIA","0.002","KILOGRAMO"
"2010-04-02T00:00:00.000","66","RISARALDA","66001","PEREIRA","0.5989","KILOGRAMO"
"2010-04-02T00:00:00.000","11","BOGOTA D.C.","11001","BOGOTA D.C.","1.7569","KILOGRAMO"
"2010-03-31T00:00:00.000","66","RISARALDA","66001","PEREIRA","0.003","KILOGRAMO"
"2010-03-31T00:00:00.000","05","ANTIOQUIA","05001","MEDELLIN","0.003","KILOGRAMO"
"2010-03-30T00:00:00.000","63","QUINDIO","63001","ARMENIA","0.003","KILOGRAMO"
"2010-03-30T00:00:00.000","73","TOLIMA","73168","CHAPARRAL","4","KILOGRAMO"
"2010-03-30T00:00:00.000","76","VALLE DEL CAUCA","76001","CALI","0.003","KILOGRAMO"
"2010-03-30T00:00:00.000","66","RISARALDA","66001","PEREIRA","0.003","KILOGRAMO"
"2010-03-29T00:00:00.000","66","RISARALDA","66440","MARSELLA","0.01","KILOGRAMO"
"2010-03-29T00:00:00.000","76","VALLE DEL CAUCA","76001","CALI","0.001","KILOGRAMO"
"2010-03-29T00:00:00.000","54","NORTE DE SANTANDER","54001","CUCUTA","0.002","KILOGRAMO"
"2010-03-28T00:00:00.000","66","RISARALDA","66001","PEREIRA","0.041","KILOGRAMO"
"2010-03-28T00:00:00.000","63","QUINDIO","63001","ARMENIA","0.001","KILOGRAMO"
"2010-03-27T00:00:00.000","66","RISARALDA","66045","APIA","0.002","KILOGRAMO"
"2010-03-27T00:00:00.000","19","CAUCA","19698","SANTANDER DE QUILICHAO","0.006","KILOGRAMO"
"2010-03-26T00:00:00.000","13","BOLIVAR","13001","CARTAGENA DE INDIAS","0.016","KILOGRAMO"
"2010-03-26T00:00:00.000","76","VALLE DEL CAUCA","76001","CALI","0.003","KILOGRAMO"
"2010-03-26T00:00:00.000","11","BOGOTA D.C.","11001","BOGOTA D.C.","0.02","KILOGRAMO"
"2010-03-25T00:00:00.000","63","QUINDIO","63001","ARMENIA","0.003","KILOGRAMO"
"2010-03-25T00:00:00.000","66","RISARALDA","66170","DOSQUEBRADAS","0.001","KILOGRAMO"
"2010-03-25T00:00:00.000","66","RISARALDA","66001","PEREIRA","0.001","KILOGRAMO"
"2010-03-24T00:00:00.000","52","NARIÑO","52356","IPIALES","1.315","KILOGRAMO"
"2010-03-24T00:00:00.000","66","RISARALDA","66001","PEREIRA","0.001","KILOGRAMO"
"2010-03-24T00:00:00.000","13","BOLIVAR","13160","CANTAGALLO","0.003","KILOGRAMO"
"2010-03-23T00:00:00.000","11","BOGOTA D.C.","11001","BOGOTA D.C.","0.2929","KILOGRAMO"
"2010-03-23T00:00:00.000","63","QUINDIO","63001","ARMENIA","0.002","KILOGRAMO"
"2010-03-23T00:00:00.000","66","RISARALDA","66001","PEREIRA","0.01","KILOGRAMO"
"2010-03-23T00:00:00.000","66","RISARALDA","66170","DOSQUEBRADAS","0.003","KILOGRAMO"
"2010-03-23T00:00:00.000","08","ATLANTICO","08001","BARRANQUILLA","0.004","KILOGRAMO"
"2010-03-22T00:00:00.000","66","RISARALDA","66170","DOSQUEBRADAS","0.003","KILOGRAMO"
"2010-03-21T00:00:00.000","66","RISARALDA","66001","PEREIRA","0.002","KILOGRAMO"
"2010-03-20T00:00:00.000","11","BOGOTA D.C.","11001","BOGOTA D.C.","0.1061","KILOGRAMO"
"2010-03-20T00:00:00.000","76","VALLE DEL CAUCA","76520","PALMIRA","1.255","KILOGRAMO"
"2010-03-20T00:00:00.000","66","RISARALDA","66170","DOSQUEBRADAS","0.001","KILOGRAMO"
"2010-03-19T00:00:00.000","66","RISARALDA","66170","DOSQUEBRADAS","0.021","KILOGRAMO"
"2010-03-19T00:00:00.000","66","RISARALDA","66682","SANTA ROSA DE CABAL","0.01","KILOGRAMO"
"2010-03-18T00:00:00.000","63","QUINDIO","63001","ARMENIA","0.001","KILOGRAMO"
"2010-03-18T00:00:00.000","66","RISARALDA","66170","DOSQUEBRADAS","0.005","KILOGRAMO"
"2010-03-18T00:00:00.000","76","VALLE DEL CAUCA","76001","CALI","0.007","KILOGRAMO"
"2010-03-17T00:00:00.000","13","BOLIVAR","13001","CARTAGENA DE INDIAS","0.004","KILOGRAMO"
"2010-03-17T00:00:00.000","76","VALLE DEL CAUCA","76001","CALI","0.005","KILOGRAMO"
"2010-03-17T00:00:00.000","66","RISARALDA","66170","DOSQUEBRADAS","0.001","KILOGRAMO"
"2010-03-17T00:00:00.000","63","QUINDIO","63001","ARMENIA","0.005","KILOGRAMO"
"2010-03-16T00:00:00.000","66","RISARALDA","66170","DOSQUEBRADAS","0.006","KILOGRAMO"
"2010-03-16T00:00:00.000","63","QUINDIO","63001","ARMENIA","0.12","KILOGRAMO"
"2010-03-15T00:00:00.000","63","QUINDIO","63001","ARMENIA","0.001","KILOGRAMO"
"2010-03-15T00:00:00.000","76","VALLE DEL CAUCA","76001","CALI","0.014","KILOGRAMO"
"2010-03-15T00:00:00.000","20","CESAR","20001","VALLEDUPAR","0.004","KILOGRAMO"
"2010-03-15T00:00:00.000","66","RISARALDA","66682","SANTA ROSA DE CABAL","0.003","KILOGRAMO"
"2010-03-15T00:00:00.000","63","QUINDIO","63401","LA TEBAIDA","0.001","KILOGRAMO"
"2010-03-14T00:00:00.000","66","RISARALDA","66001","PEREIRA","0.001","KILOGRAMO"
"2010-03-14T00:00:00.000","63","QUINDIO","63001","ARMENIA","0.001","KILOGRAMO"
"2010-03-14T00:00:00.000","76","VALLE DEL CAUCA","76001","CALI","0.01","KILOGRAMO"
"2010-03-13T00:00:00.000","66","RISARALDA","66001","PEREIRA","0.001","KILOGRAMO"
"2010-03-13T00:00:00.000","68","SANTANDER","68001","BUCARAMANGA","0.0152","KILOGRAMO"
"2010-03-13T00:00:00.000","11","BOGOTA D.C.","11001","BOGOTA D.C.","6.4","KILOGRAMO"
"2010-03-13T00:00:00.000","76","VALLE DEL CAUCA","76001","CALI","0.009","KILOGRAMO"
"2010-03-13T00:00:00.000","63","QUINDIO","63130","CALARCA","0.008","KILOGRAMO"
"2010-03-13T00:00:00.000","66","RISARALDA","66170","DOSQUEBRADAS","0.002","KILOGRAMO"
"2010-03-12T00:00:00.000","76","VALLE DEL CAUCA","76001","CALI","0.017","KILOGRAMO"
"2010-03-12T00:00:00.000","66","RISARALDA","66001","PEREIRA","0.002","KILOGRAMO"
"2010-03-11T00:00:00.000","66","RISARALDA","66170","DOSQUEBRADAS","0.002","KILOGRAMO"
"2010-03-11T00:00:00.000","63","QUINDIO","63001","ARMENIA","0.001","KILOGRAMO"
"2010-03-10T00:00:00.000","76","VALLE DEL CAUCA","76001","CALI","0.001","KILOGRAMO"
"2010-03-10T00:00:00.000","19","CAUCA","19698","SANTANDER DE QUILICHAO","0.01","KILOGRAMO"
"2010-03-10T00:00:00.000","52","NARIÑO","52001","PASTO","1.01","KILOGRAMO"
"2010-03-10T00:00:00.000","63","QUINDIO","63130","CALARCA","0.005","KILOGRAMO"
"2010-03-10T00:00:00.000","66","RISARALDA","66001","PEREIRA","0.001","KILOGRAMO"
"2010-03-09T00:00:00.000","66","RISARALDA","66170","DOSQUEBRADAS","0.026","KILOGRAMO"
"2010-03-09T00:00:00.000","76","VALLE DEL CAUCA","76001","CALI","0.008","KILOGRAMO"
"2010-03-09T00:00:00.000","66","RISARALDA","66001","PEREIRA","0.002","KILOGRAMO"
"2010-03-09T00:00:00.000","63","QUINDIO","63001","ARMENIA","0.001","KILOGRAMO"
"2010-03-08T00:00:00.000","63","QUINDIO","63001","ARMENIA","0.101","KILOGRAMO"
"2010-03-08T00:00:00.000","66","RISARALDA","66170","DOSQUEBRADAS","0.003","KILOGRAMO"
"2010-03-08T00:00:00.000","19","CAUCA","19698","SANTANDER DE QUILICHAO","0.008","KILOGRAMO"
"2010-03-07T00:00:00.000","13","BOLIVAR","13001","CARTAGENA DE INDIAS","0.005","KILOGRAMO"
"2010-03-07T00:00:00.000","66","RISARALDA","66170","DOSQUEBRADAS","0.002","KILOGRAMO"
"2010-03-06T00:00:00.000","76","VALLE DEL CAUCA","76001","CALI","0.002","KILOGRAMO"
"2010-03-06T00:00:00.000","52","NARIÑO","52356","IPIALES","5.6","KILOGRAMO"
"2010-03-06T00:00:00.000","54","NORTE DE SANTANDER","54001","CUCUTA","0.0036","KILOGRAMO"
"2010-03-06T00:00:00.000","63","QUINDIO","63001","ARMENIA","0.007","KILOGRAMO"
"2010-03-06T00:00:00.000","66","RISARALDA","66001","PEREIRA","0.001","KILOGRAMO"
"2010-03-05T00:00:00.000","66","RISARALDA","66170","DOSQUEBRADAS","0.001","KILOGRAMO"
"2010-03-05T00:00:00.000","66","RISARALDA","66001","PEREIRA","0.009","KILOGRAMO"
"2010-03-05T00:00:00.000","63","QUINDIO","63001","ARMENIA","0.002","KILOGRAMO"
"2010-03-05T00:00:00.000","05","ANTIOQUIA","05001","MEDELLIN","0.015","KILOGRAMO"
"2010-03-04T00:00:00.000","76","VALLE DEL CAUCA","76001","CALI","0.006","KILOGRAMO"
"2010-03-04T00:00:00.000","66","RISARALDA","66170","DOSQUEBRADAS","0.002","KILOGRAMO"
"2010-03-04T00:00:00.000","63","QUINDIO","63001","ARMENIA","0.001","KILOGRAMO"
"2010-03-04T00:00:00.000","66","RISARALDA","66001","PEREIRA","0.002","KILOGRAMO"
"2010-03-03T00:00:00.000","05","ANTIOQUIA","05001","MEDELLIN","0.008","KILOGRAMO"
"2010-03-03T00:00:00.000","66","RISARALDA","66170","DOSQUEBRADAS","0.001","KILOGRAMO"
"2010-03-03T00:00:00.000","76","VALLE DEL CAUCA","76001","CALI","0.012","KILOGRAMO"
"2010-03-03T00:00:00.000","63","QUINDIO","63001","ARMENIA","0.002","KILOGRAMO"
"2010-03-02T00:00:00.000","66","RISARALDA","66001","PEREIRA","0.001","KILOGRAMO"
"2010-03-02T00:00:00.000","63","QUINDIO","63401","LA TEBAIDA","0.002","KILOGRAMO"
"2010-03-02T00:00:00.000","66","RISARALDA","66170","DOSQUEBRADAS","0.002","KILOGRAMO"
"2010-03-01T00:00:00.000","76","VALLE DEL CAUCA","76001","CALI","0.004","KILOGRAMO"
"2010-03-01T00:00:00.000","66","RISARALDA","66170","DOSQUEBRADAS","0.002","KILOGRAMO"
"2010-03-01T00:00:00.000","63","QUINDIO","63190","CIRCASIA","1.21","KILOGRAMO"
"2010-02-28T00:00:00.000","76","VALLE DEL CAUCA","76001","CALI","0.01","KILOGRAMO"
"2010-02-27T00:00:00.000","63","QUINDIO","63001","ARMENIA","0.023","KILOGRAMO"
"2010-02-27T00:00:00.000","63","QUINDIO","63130","CALARCA","0.025","KILOGRAMO"
"2010-02-27T00:00:00.000","63","QUINDIO","63690","SALENTO","0.002","KILOGRAMO"
"2010-02-26T00:00:00.000","52","NARIÑO","52356","IPIALES","7.025","KILOGRAMO"
"2010-02-26T00:00:00.000","66","RISARALDA","66383","LA CELIA","0.008","KILOGRAMO"
"2010-02-26T00:00:00.000","66","RISARALDA","66001","PEREIRA","0.002","KILOGRAMO"
"2010-02-26T00:00:00.000","91","AMAZONAS","91001","LETICIA","0.995","KILOGRAMO"
"2010-02-26T00:00:00.000","66","RISARALDA","66170","DOSQUEBRADAS","0.001","KILOGRAMO"
"2010-02-26T00:00:00.000","63","QUINDIO","63001","ARMENIA","0.001","KILOGRAMO"
"2010-02-25T00:00:00.000","63","QUINDIO","63001","ARMENIA","0.004","KILOGRAMO"
"2010-02-25T00:00:00.000","66","RISARALDA","66001","PEREIRA","0.003","KILOGRAMO"
"2010-02-25T00:00:00.000","54","NORTE DE SANTANDER","54001","CUCUTA","0.00040","KILOGRAMO"
"2010-02-25T00:00:00.000","63","QUINDIO","63130","CALARCA","0.011","KILOGRAMO"
"2010-02-24T00:00:00.000","63","QUINDIO","63130","CALARCA","0.007","KILOGRAMO"
"2010-02-24T00:00:00.000","66","RISARALDA","66075","BALBOA","0.003","KILOGRAMO"
"2010-02-24T00:00:00.000","76","VALLE DEL CAUCA","76001","CALI","0.002","KILOGRAMO"
"2010-02-24T00:00:00.000","63","QUINDIO","63001","ARMENIA","0.026","KILOGRAMO"
"2010-02-24T00:00:00.000","66","RISARALDA","66001","PEREIRA","0.001","KILOGRAMO"
"2010-02-24T00:00:00.000","66","RISARALDA","66170","DOSQUEBRADAS","0.001","KILOGRAMO"
"2010-02-23T00:00:00.000","63","QUINDIO","63001","ARMENIA","0.001","KILOGRAMO"
"2010-02-23T00:00:00.000","13","BOLIVAR","13001","CARTAGENA DE INDIAS","2.633","KILOGRAMO"
"2010-02-23T00:00:00.000","63","QUINDIO","63190","CIRCASIA","0.005","KILOGRAMO"
"2010-02-23T00:00:00.000","63","QUINDIO","63130","CALARCA","0.004","KILOGRAMO"
"2010-02-22T00:00:00.000","66","RISARALDA","66001","PEREIRA","0.001","KILOGRAMO"
"2010-02-22T00:00:00.000","66","RISARALDA","66572","PUEBLO RICO","0.001","KILOGRAMO"
"2010-02-22T00:00:00.000","05","ANTIOQUIA","05615","RIONEGRO","0.79","KILOGRAMO"
"2010-02-22T00:00:00.000","66","RISARALDA","66170","DOSQUEBRADAS","0.001","KILOGRAMO"
"2010-02-21T00:00:00.000","76","VALLE DEL CAUCA","76001","CALI","0.001","KILOGRAMO"
"2010-02-21T00:00:00.000","66","RISARALDA","66170","DOSQUEBRADAS","0.001","KILOGRAMO"
"2010-02-20T00:00:00.000","66","RISARALDA","66170","DOSQUEBRADAS","0.001","KILOGRAMO"
"2010-02-20T00:00:00.000","76","VALLE DEL CAUCA","76001","CALI","0.005","KILOGRAMO"
"2010-02-19T00:00:00.000","63","QUINDIO","63001","ARMENIA","0.001","KILOGRAMO"
"2010-02-19T00:00:00.000","66","RISARALDA","66383","LA CELIA","0.008","KILOGRAMO"
"2010-02-19T00:00:00.000","66","RISARALDA","66001","PEREIRA","0.009","KILOGRAMO"
"2010-02-19T00:00:00.000","66","RISARALDA","66170","DOSQUEBRADAS","0.015","KILOGRAMO"
"2010-02-18T00:00:00.000","76","VALLE DEL CAUCA","76001","CALI","0.009","KILOGRAMO"
"2010-02-18T00:00:00.000","66","RISARALDA","66001","PEREIRA","0.003","KILOGRAMO"
"2010-02-17T00:00:00.000","66","RISARALDA","66001","PEREIRA","2.145","KILOGRAMO"
"2010-02-17T00:00:00.000","63","QUINDIO","63001","ARMENIA","0.006","KILOGRAMO"
"2010-02-17T00:00:00.000","63","QUINDIO","63401","LA TEBAIDA","0.001","KILOGRAMO"
"2010-02-17T00:00:00.000","54","NORTE DE SANTANDER","54001","CUCUTA","0.0013","KILOGRAMO"
"2010-02-17T00:00:00.000","66","RISARALDA","66170","DOSQUEBRADAS","0.002","KILOGRAMO"
"2010-02-16T00:00:00.000","76","VALLE DEL CAUCA","76001","CALI","0.011","KILOGRAMO"
"2010-02-16T00:00:00.000","63","QUINDIO","63130","CALARCA","0.004","KILOGRAMO"
"2010-02-16T00:00:00.000","66","RISARALDA","66001","PEREIRA","0.001","KILOGRAMO"
"2010-02-15T00:00:00.000","63","QUINDIO","63001","ARMENIA","0.006","KILOGRAMO"
"2010-02-15T00:00:00.000","66","RISARALDA","66001","PEREIRA","0.001","KILOGRAMO"
"2010-02-14T00:00:00.000","66","RISARALDA","66170","DOSQUEBRADAS","0.001","KILOGRAMO"
"2010-02-14T00:00:00.000","63","QUINDIO","63001","ARMENIA","0.001","KILOGRAMO"
"2010-02-13T00:00:00.000","66","RISARALDA","66170","DOSQUEBRADAS","0.002","KILOGRAMO"
"2010-02-13T00:00:00.000","63","QUINDIO","63001","ARMENIA","0.002","KILOGRAMO"
"2010-02-12T00:00:00.000","66","RISARALDA","66001","PEREIRA","0.001","KILOGRAMO"
"2010-02-12T00:00:00.000","63","QUINDIO","63001","ARMENIA","0.002","KILOGRAMO"
"2010-02-12T00:00:00.000","63","QUINDIO","63690","SALENTO","0.002","KILOGRAMO"
"2010-02-12T00:00:00.000","66","RISARALDA","66170","DOSQUEBRADAS","0.03","KILOGRAMO"
"2010-02-12T00:00:00.000","19","CAUCA","19698","SANTANDER DE QUILICHAO","0.003","KILOGRAMO"
"2010-02-11T00:00:00.000","66","RISARALDA","66170","DOSQUEBRADAS","0.002","KILOGRAMO"
"2010-02-11T00:00:00.000","76","VALLE DEL CAUCA","76001","CALI","0.005","KILOGRAMO"
"2010-02-11T00:00:00.000","66","RISARALDA","66682","SANTA ROSA DE CABAL","0.002","KILOGRAMO"
"2010-02-11T00:00:00.000","66","RISARALDA","66001","PEREIRA","0.004","KILOGRAMO"
"2010-02-10T00:00:00.000","66","RISARALDA","66001","PEREIRA","0.008","KILOGRAMO"
"2010-02-10T00:00:00.000","76","VALLE DEL CAUCA","76001","CALI","0.01","KILOGRAMO"
"2010-02-10T00:00:00.000","63","QUINDIO","63001","ARMENIA","0.002","KILOGRAMO"
"2010-02-09T00:00:00.000","63","QUINDIO","63401","LA TEBAIDA","0.003","KILOGRAMO"
"2010-02-09T00:00:00.000","76","VALLE DEL CAUCA","76306","GINEBRA","0.003","KILOGRAMO"
"2010-02-09T00:00:00.000","54","NORTE DE SANTANDER","54001","CUCUTA","0.005","KILOGRAMO"
"2010-02-08T00:00:00.000","52","NARIÑO","52258","EL TABLON DE GOMEZ","1.115","KILOGRAMO"
"2010-02-08T00:00:00.000","66","RISARALDA","66001","PEREIRA","0.002","KILOGRAMO"
"2010-02-07T00:00:00.000","76","VALLE DEL CAUCA","76001","CALI","0.019","KILOGRAMO"
"2010-02-07T00:00:00.000","63","QUINDIO","63001","ARMENIA","0.002","KILOGRAMO"
"2010-02-06T00:00:00.000","66","RISARALDA","66170","DOSQUEBRADAS","0.003","KILOGRAMO"
"2010-02-06T00:00:00.000","76","VALLE DEL CAUCA","76520","PALMIRA","0.275","KILOGRAMO"
"2010-02-06T00:00:00.000","66","RISARALDA","66001","PEREIRA","0.001","KILOGRAMO"
"2010-02-05T00:00:00.000","52","NARIÑO","52110","BUESACO","1.05","KILOGRAMO"
"2010-02-05T00:00:00.000","54","NORTE DE SANTANDER","54001","CUCUTA","0.001","KILOGRAMO"
"2010-02-04T00:00:00.000","76","VALLE DEL CAUCA","76001","CALI","0.003","KILOGRAMO"
"2010-02-04T00:00:00.000","66","RISARALDA","66170","DOSQUEBRADAS","0.001","KILOGRAMO"
"2010-02-04T00:00:00.000","63","QUINDIO","63401","LA TEBAIDA","0.002","KILOGRAMO"
"2010-02-04T00:00:00.000","54","NORTE DE SANTANDER","54001","CUCUTA","0.001","KILOGRAMO"
"2010-02-04T00:00:00.000","66","RISARALDA","66001","PEREIRA","0.004","KILOGRAMO"
"2010-02-03T00:00:00.000","63","QUINDIO","63001","ARMENIA","0.003","KILOGRAMO"
"2010-02-02T00:00:00.000","52","NARIÑO","52678","SAMANIEGO","8","KILOGRAMO"
"2010-02-02T00:00:00.000","76","VALLE DEL CAUCA","76001","CALI","0.01","KILOGRAMO"
"2010-02-02T00:00:00.000","66","RISARALDA","66001","PEREIRA","0.001","KILOGRAMO"
"2010-02-01T00:00:00.000","66","RISARALDA","66170","DOSQUEBRADAS","0.002","KILOGRAMO"
"2010-02-01T00:00:00.000","63","QUINDIO","63001","ARMENIA","0.001","KILOGRAMO"
"2010-02-01T00:00:00.000","76","VALLE DEL CAUCA","76001","CALI","0.01","KILOGRAMO"
"2010-02-01T00:00:00.000","54","NORTE DE SANTANDER","54001","CUCUTA","0.001","KILOGRAMO"
"2010-01-31T00:00:00.000","66","RISARALDA","66170","DOSQUEBRADAS","0.001","KILOGRAMO"
"2010-01-31T00:00:00.000","76","VALLE DEL CAUCA","76001","CALI","0.01","KILOGRAMO"
"2010-01-30T00:00:00.000","66","RISARALDA","66170","DOSQUEBRADAS","0.005","KILOGRAMO"
"2010-01-30T00:00:00.000","63","QUINDIO","63001","ARMENIA","0.003","KILOGRAMO"
"2010-01-29T00:00:00.000","66","RISARALDA","66170","DOSQUEBRADAS","0.002","KILOGRAMO"
"2010-01-29T00:00:00.000","63","QUINDIO","63001","ARMENIA","0.001","KILOGRAMO"
"2010-01-29T00:00:00.000","73","TOLIMA","73449","MELGAR","0.535","KILOGRAMO"
"2010-01-29T00:00:00.000","66","RISARALDA","66001","PEREIRA","0.016","KILOGRAMO"
"2010-01-29T00:00:00.000","08","ATLANTICO","08001","BARRANQUILLA","0.002","KILOGRAMO"
"2010-01-29T00:00:00.000","11","BOGOTA D.C.","11001","BOGOTA D.C.","1","KILOGRAMO"
"2010-01-28T00:00:00.000","66","RISARALDA","66170","DOSQUEBRADAS","0.001","KILOGRAMO"
"2010-01-28T00:00:00.000","63","QUINDIO","63001","ARMENIA","0.009","KILOGRAMO"
"2010-01-28T00:00:00.000","63","QUINDIO","63594","QUIMBAYA","0.009","KILOGRAMO"
"2010-01-27T00:00:00.000","66","RISARALDA","66170","DOSQUEBRADAS","0.001","KILOGRAMO"
"2010-01-27T00:00:00.000","63","QUINDIO","63001","ARMENIA","0.001","KILOGRAMO"
"2010-01-26T00:00:00.000","63","QUINDIO","63594","QUIMBAYA","0.004","KILOGRAMO"
"2010-01-25T00:00:00.000","63","QUINDIO","63594","QUIMBAYA","0.002","KILOGRAMO"
"2010-01-25T00:00:00.000","66","RISARALDA","66001","PEREIRA","0.002","KILOGRAMO"
"2010-01-25T00:00:00.000","63","QUINDIO","63001","ARMENIA","0.001","KILOGRAMO"
"2010-01-25T00:00:00.000","66","RISARALDA","66170","DOSQUEBRADAS","0.001","KILOGRAMO"
"2010-01-25T00:00:00.000","76","VALLE DEL CAUCA","76306","GINEBRA","0.001","KILOGRAMO"
"2010-01-24T00:00:00.000","66","RISARALDA","66001","PEREIRA","0.001","KILOGRAMO"
"2010-01-23T00:00:00.000","66","RISARALDA","66170","DOSQUEBRADAS","0.001","KILOGRAMO"
"2010-01-22T00:00:00.000","66","RISARALDA","66170","DOSQUEBRADAS","0.001","KILOGRAMO"
"2010-01-22T00:00:00.000","66","RISARALDA","66001","PEREIRA","1.226","KILOGRAMO"
"2010-01-22T00:00:00.000","63","QUINDIO","63001","ARMENIA","0.004","KILOGRAMO"
"2010-01-22T00:00:00.000","08","ATLANTICO","08001","BARRANQUILLA","0.001","KILOGRAMO"
"2010-01-21T00:00:00.000","54","NORTE DE SANTANDER","54001","CUCUTA","0.053","KILOGRAMO"
"2010-01-21T00:00:00.000","11","BOGOTA D.C.","11001","BOGOTA D.C.","0.2349","KILOGRAMO"
"2010-01-21T00:00:00.000","66","RISARALDA","66001","PEREIRA","0.188","KILOGRAMO"
"2010-01-21T00:00:00.000","66","RISARALDA","66170","DOSQUEBRADAS","0.002","KILOGRAMO"
"2010-01-20T00:00:00.000","66","RISARALDA","66001","PEREIRA","0.002","KILOGRAMO"
"2010-01-20T00:00:00.000","66","RISARALDA","66170","DOSQUEBRADAS","0.201","KILOGRAMO"
"2010-01-20T00:00:00.000","08","ATLANTICO","08296","GALAPA","0.022","KILOGRAMO"
"2010-01-19T00:00:00.000","66","RISARALDA","66400","LA VIRGINIA","0.003","KILOGRAMO"
"2010-01-19T00:00:00.000","66","RISARALDA","66170","DOSQUEBRADAS","0.003","KILOGRAMO"
"2010-01-18T00:00:00.000","66","RISARALDA","66001","PEREIRA","0.001","KILOGRAMO"
"2010-01-18T00:00:00.000","66","RISARALDA","66170","DOSQUEBRADAS","0.004","KILOGRAMO"
"2010-01-18T00:00:00.000","66","RISARALDA","66400","LA VIRGINIA","0.003","KILOGRAMO"
"2010-01-18T00:00:00.000","19","CAUCA","19698","SANTANDER DE QUILICHAO","0.03","KILOGRAMO"
"2010-01-18T00:00:00.000","63","QUINDIO","63001","ARMENIA","0.001","KILOGRAMO"
"2010-01-17T00:00:00.000","08","ATLANTICO","08001","BARRANQUILLA","10.74","KILOGRAMO"
"2010-01-17T00:00:00.000","66","RISARALDA","66170","DOSQUEBRADAS","0.001","KILOGRAMO"
"2010-01-16T00:00:00.000","66","RISARALDA","66001","PEREIRA","0.001","KILOGRAMO"
"2010-01-15T00:00:00.000","63","QUINDIO","63470","MONTENEGRO","0.008","KILOGRAMO"
"2010-01-15T00:00:00.000","66","RISARALDA","66170","DOSQUEBRADAS","0.004","KILOGRAMO"
"2010-01-14T00:00:00.000","66","RISARALDA","66001","PEREIRA","0.001","KILOGRAMO"
"2010-01-14T00:00:00.000","76","VALLE DEL CAUCA","76001","CALI","0.005","KILOGRAMO"
"2010-01-13T00:00:00.000","05","ANTIOQUIA","05615","RIONEGRO","2","KILOGRAMO"
"2010-01-13T00:00:00.000","66","RISARALDA","66001","PEREIRA","0.004","KILOGRAMO"
"2010-01-13T00:00:00.000","66","RISARALDA","66170","DOSQUEBRADAS","0.001","KILOGRAMO"
"2010-01-12T00:00:00.000","66","RISARALDA","66170","DOSQUEBRADAS","0.004","KILOGRAMO"
"2010-01-10T00:00:00.000","66","RISARALDA","66170","DOSQUEBRADAS","0.001","KILOGRAMO"
"2010-01-10T00:00:00.000","63","QUINDIO","63001","ARMENIA","0.002","KILOGRAMO"
"2010-01-09T00:00:00.000","66","RISARALDA","66170","DOSQUEBRADAS","0.002","KILOGRAMO"
"2010-01-09T00:00:00.000","63","QUINDIO","63001","ARMENIA","0.001","KILOGRAMO"
"2010-01-08T00:00:00.000","63","QUINDIO","63001","ARMENIA","0.006","KILOGRAMO"
"2010-01-07T00:00:00.000","63","QUINDIO","63001","ARMENIA","0.003","KILOGRAMO"
"2010-01-07T00:00:00.000","25","CUNDINAMARCA","25754","SOACHA","1.904","KILOGRAMO"
"2010-01-06T00:00:00.000","63","QUINDIO","63001","ARMENIA","0.002","KILOGRAMO"
"2010-01-05T00:00:00.000","05","ANTIOQUIA","05615","RIONEGRO","2","KILOGRAMO"
"2010-01-05T00:00:00.000","19","CAUCA","19698","SANTANDER DE QUILICHAO","0.005","KILOGRAMO"
"2010-01-04T00:00:00.000","66","RISARALDA","66170","DOSQUEBRADAS","0.005","KILOGRAMO"
"2010-01-03T00:00:00.000","54","NORTE DE SANTANDER","54001","CUCUTA","0.0024","KILOGRAMO"
"2010-01-03T00:00:00.000","66","RISARALDA","66170","DOSQUEBRADAS","0.001","KILOGRAMO"
"2010-01-03T00:00:00.000","19","CAUCA","19548","PIENDAMO - TUNIA","2","KILOGRAMO"
"2010-01-03T00:00:00.000","66","RISARALDA","66001","PEREIRA","0.001","KILOGRAMO"
"2010-01-01T00:00:00.000","63","QUINDIO","63001","ARMENIA","0.001","KILOGRAMO"
